00:00.551  blend            | Read blend: "/home/bart/.treehouse/odot-game-assets-86a3a5/2/odot-game-assets/sources/environment/shared_forest_kit.blend"
INFO Draco is available, use library at /home/bart/.local/opt/blender-5.2.2-linux-x64/lib/libbf_intern_draco_bridge.so
INFO MeshOptimizer is available, use library at /home/bart/.local/opt/blender-5.2.2-linux-x64/lib/libbf_intern_meshopt_bridge.so
12:00:56 | INFO: Starting glTF 2.0 export
12:00:56 | INFO: Extracting primitive: Curled fern fiddlehead
12:00:56 | INFO: Primitives created: 1
12:00:56 | INFO: Extracting primitive: Fern central stem
12:00:56 | INFO: Primitives created: 1
12:00:56 | INFO: Extracting primitive: Fern central stem.001
12:00:56 | INFO: Primitives created: 1
12:00:56 | INFO: Extracting primitive: Fern central stem.002
12:00:56 | INFO: Primitives created: 1
12:00:56 | INFO: Extracting primitive: Fern central stem.003
12:00:56 | INFO: Primitives created: 1
12:00:56 | INFO: Extracting primitive: Fern central stem.004
12:00:56 | INFO: Primitives created: 1
12:00:56 | INFO: Extracting primitive: Fern central stem.005
12:00:56 | INFO: Primitives created: 1
12:00:56 | INFO: Extracting primitive: Fern leaflet
12:00:56 | INFO: Primitives created: 1
12:00:56 | INFO: Extracting primitive: Fern leaflet.001
12:00:56 | INFO: Primitives created: 1
12:00:56 | INFO: Extracting primitive: Fern leaflet.002
12:00:56 | INFO: Primitives created: 1
12:00:56 | INFO: Extracting primitive: Fern leaflet.003
12:00:56 | INFO: Primitives created: 1
12:00:56 | INFO: Extracting primitive: Fern leaflet.004
12:00:56 | INFO: Primitives created: 1
12:00:56 | INFO: Extracting primitive: Fern leaflet.005
12:00:56 | INFO: Primitives created: 1
12:00:56 | INFO: Extracting primitive: Fern leaflet.006
12:00:56 | INFO: Primitives created: 1
12:00:56 | INFO: Extracting primitive: Fern leaflet.007
12:00:56 | INFO: Primitives created: 1
12:00:56 | INFO: Extracting primitive: Fern leaflet.008
12:00:56 | INFO: Primitives created: 1
12:00:56 | INFO: Extracting primitive: Fern leaflet.009
12:00:56 | INFO: Primitives created: 1
12:00:56 | INFO: Extracting primitive: Fern leaflet.010
12:00:56 | INFO: Primitives created: 1
12:00:56 | INFO: Extracting primitive: Fern leaflet.011
12:00:56 | INFO: Primitives created: 1
12:00:56 | INFO: Extracting primitive: Fern leaflet.012
12:00:56 | INFO: Primitives created: 1
12:00:56 | INFO: Extracting primitive: Fern leaflet.013
12:00:56 | INFO: Primitives created: 1
12:00:56 | INFO: Extracting primitive: Fern leaflet.014
12:00:56 | INFO: Primitives created: 1
12:00:56 | INFO: Extracting primitive: Fern leaflet.015
12:00:56 | INFO: Primitives created: 1
12:00:56 | INFO: Extracting primitive: Fern leaflet.016
12:00:56 | INFO: Primitives created: 1
12:00:56 | INFO: Extracting primitive: Fern leaflet.017
12:00:56 | INFO: Primitives created: 1
12:00:56 | INFO: Extracting primitive: Fern leaflet.018
12:00:56 | INFO: Primitives created: 1
12:00:56 | INFO: Extracting primitive: Fern leaflet.019
12:00:56 | INFO: Primitives created: 1
12:00:56 | INFO: Extracting primitive: Fern leaflet.020
12:00:56 | INFO: Primitives created: 1
12:00:56 | INFO: Extracting primitive: Fern leaflet.021
12:00:56 | INFO: Primitives created: 1
12:00:56 | INFO: Extracting primitive: Fern leaflet.022
12:00:56 | INFO: Primitives created: 1
12:00:56 | INFO: Extracting primitive: Fern leaflet.023
12:00:56 | INFO: Primitives created: 1
12:00:56 | INFO: Extracting primitive: Fern leaflet.024
12:00:56 | INFO: Primitives created: 1
12:00:56 | INFO: Extracting primitive: Fern leaflet.025
12:00:56 | INFO: Primitives created: 1
12:00:56 | INFO: Extracting primitive: Fern leaflet.026
12:00:56 | INFO: Primitives created: 1
12:00:56 | INFO: Extracting primitive: Fern leaflet.027
12:00:56 | INFO: Primitives created: 1
12:00:56 | INFO: Extracting primitive: Fern leaflet.028
12:00:56 | INFO: Primitives created: 1
12:00:56 | INFO: Extracting primitive: Fern leaflet.029
12:00:56 | INFO: Primitives created: 1
12:00:56 | INFO: Extracting primitive: Fern leaflet.030
12:00:56 | INFO: Primitives created: 1
12:00:56 | INFO: Extracting primitive: Fern leaflet.031
12:00:56 | INFO: Primitives created: 1
12:00:56 | INFO: Extracting primitive: Fern leaflet.032
12:00:56 | INFO: Primitives created: 1
12:00:56 | INFO: Extracting primitive: Fern leaflet.033
12:00:56 | INFO: Primitives created: 1
12:00:56 | INFO: Extracting primitive: Fern leaflet.034
12:00:56 | INFO: Primitives created: 1
12:00:56 | INFO: Extracting primitive: Fern leaflet.035
12:00:56 | INFO: Primitives created: 1
12:00:56 | INFO: Extracting primitive: Fern leaflet.036
12:00:56 | INFO: Primitives created: 1
12:00:56 | INFO: Extracting primitive: Fern leaflet.037
12:00:56 | INFO: Primitives created: 1
12:00:56 | INFO: Extracting primitive: Fern leaflet.038
12:00:56 | INFO: Primitives created: 1
12:00:56 | INFO: Extracting primitive: Fern leaflet.039
12:00:56 | INFO: Primitives created: 1
12:00:56 | INFO: Extracting primitive: Fern leaflet.040
12:00:56 | INFO: Primitives created: 1
12:00:56 | INFO: Extracting primitive: Fern leaflet.041
12:00:56 | INFO: Primitives created: 1
12:00:56 | INFO: Extracting primitive: Fern leaflet.042
12:00:56 | INFO: Primitives created: 1
12:00:56 | INFO: Extracting primitive: Fern leaflet.043
12:00:56 | INFO: Primitives created: 1
12:00:56 | INFO: Extracting primitive: Fern leaflet.044
12:00:56 | INFO: Primitives created: 1
12:00:56 | INFO: Extracting primitive: Fern leaflet.045
12:00:56 | INFO: Primitives created: 1
12:00:56 | INFO: Extracting primitive: Fern leaflet.046
12:00:56 | INFO: Primitives created: 1
12:00:56 | INFO: Extracting primitive: Fern leaflet.047
12:00:56 | INFO: Primitives created: 1
12:00:56 | INFO: Extracting primitive: Fern unfolding leaf tip
12:00:56 | INFO: Primitives created: 1
12:00:56 | INFO: Extracting primitive: Fern unfolding leaf tip.001
12:00:56 | INFO: Primitives created: 1
12:00:56 | INFO: Finished glTF 2.0 export in 0.13475537300109863 s
00:01.177  blend            | Read blend: "/home/bart/.treehouse/odot-game-assets-86a3a5/2/odot-game-assets/sources/environment/shared_enchanted_kit.blend"

Exported environment/components/forest_fern; source unchanged
12:00:57 | INFO: Starting glTF 2.0 export
12:00:57 | INFO: Extracting primitive: Bioluminescent cap spot
12:00:57 | INFO: Primitives created: 1
12:00:57 | INFO: Extracting primitive: Bioluminescent cap spot.001
12:00:57 | INFO: Primitives created: 1
12:00:57 | INFO: Extracting primitive: Bioluminescent cap spot.002
12:00:57 | INFO: Primitives created: 1
12:00:57 | INFO: Extracting primitive: Bioluminescent cap spot.003
12:00:57 | INFO: Primitives created: 1
12:00:57 | INFO: Extracting primitive: Bioluminescent cap spot.004
12:00:57 | INFO: Primitives created: 1
12:00:57 | INFO: Extracting primitive: Bioluminescent cap spot.005
12:00:57 | INFO: Primitives created: 1
12:00:57 | INFO: Extracting primitive: Bioluminescent cap spot.006
12:00:57 | INFO: Primitives created: 1
12:00:57 | INFO: Extracting primitive: Bioluminescent cap spot.007
12:00:57 | INFO: Primitives created: 1
12:00:57 | INFO: Extracting primitive: Bioluminescent cap spot.008
12:00:57 | INFO: Primitives created: 1
12:00:57 | INFO: Extracting primitive: Bioluminescent cap spot.009
12:00:57 | INFO: Primitives created: 1
12:00:57 | INFO: Extracting primitive: Bioluminescent cap spot.010
12:00:57 | INFO: Primitives created: 1
12:00:57 | INFO: Extracting primitive: Bioluminescent cap spot.011
12:00:57 | INFO: Primitives created: 1
12:00:57 | INFO: Extracting primitive: Bioluminescent cap spot.012
12:00:57 | INFO: Primitives created: 1
12:00:57 | INFO: Extracting primitive: Bioluminescent cap spot.013
12:00:57 | INFO: Primitives created: 1
12:00:57 | INFO: Extracting primitive: Bioluminescent cap spot.014
12:00:57 | INFO: Primitives created: 1
12:00:57 | INFO: Extracting primitive: Bioluminescent cap spot.015
12:00:57 | INFO: Primitives created: 1
12:00:57 | INFO: Extracting primitive: Bioluminescent cap spot.016
12:00:57 | INFO: Primitives created: 1
12:00:57 | INFO: Extracting primitive: Bioluminescent cap spot.017
12:00:57 | INFO: Primitives created: 1
12:00:57 | INFO: Extracting primitive: Bioluminescent cap spot.018
12:00:57 | INFO: Primitives created: 1
12:00:57 | INFO: Extracting primitive: Bioluminescent cap spot.019
12:00:57 | INFO: Primitives created: 1
12:00:57 | INFO: Extracting primitive: Bioluminescent cap spot.020
12:00:57 | INFO: Primitives created: 1
12:00:57 | INFO: Extracting primitive: Bioluminescent cap spot.021
12:00:57 | INFO: Primitives created: 1
12:00:57 | INFO: Extracting primitive: Bioluminescent cap spot.022
12:00:57 | INFO: Primitives created: 1
12:00:57 | INFO: Extracting primitive: Bioluminescent cap spot.023
12:00:57 | INFO: Primitives created: 1
12:00:57 | INFO: Extracting primitive: Broad faceted mushroom cap
12:00:57 | INFO: Primitives created: 1
12:00:57 | INFO: Extracting primitive: Broad faceted mushroom cap.001
12:00:57 | INFO: Primitives created: 1
12:00:57 | INFO: Extracting primitive: Broad faceted mushroom cap.002
12:00:57 | INFO: Primitives created: 1
12:00:57 | INFO: Extracting primitive: Crooked reaching bough
12:00:57 | INFO: Primitives created: 1
12:00:57 | INFO: Extracting primitive: Crooked reaching bough.001
12:00:57 | INFO: Primitives created: 1
12:00:57 | INFO: Extracting primitive: Curving luminous mushroom stem
12:00:57 | INFO: Primitives created: 1
12:00:57 | INFO: Extracting primitive: Curving luminous mushroom stem.001
12:00:57 | INFO: Primitives created: 1
12:00:57 | INFO: Extracting primitive: Curving luminous mushroom stem.002
12:00:57 | INFO: Primitives created: 1
12:00:57 | INFO: Extracting primitive: Forked reaching twig
12:00:57 | INFO: Primitives created: 1
12:00:57 | INFO: Extracting primitive: Forked reaching twig.001
12:00:57 | INFO: Primitives created: 1
12:00:57 | INFO: Extracting primitive: Hollow watcher cheek timber
12:00:57 | INFO: Primitives created: 1
12:00:57 | INFO: Extracting primitive: Hollow watcher cheek timber.001
12:00:57 | INFO: Primitives created: 1
12:00:57 | INFO: Extracting primitive: Hollow watcher rear trunk
12:00:57 | INFO: Primitives created: 1
12:00:57 | INFO: Extracting primitive: Luminous cap underside
12:00:57 | INFO: Primitives created: 1
12:00:57 | INFO: Extracting primitive: Luminous cap underside.001
12:00:57 | INFO: Primitives created: 1
12:00:57 | INFO: Extracting primitive: Luminous cap underside.002
12:00:57 | INFO: Primitives created: 1
12:00:57 | INFO: Extracting primitive: Mushroom radial gill
12:00:57 | INFO: Primitives created: 1
12:00:57 | INFO: Extracting primitive: Mushroom radial gill.001
12:00:57 | INFO: Primitives created: 1
12:00:57 | INFO: Extracting primitive: Mushroom radial gill.002
12:00:57 | INFO: Primitives created: 1
12:00:57 | INFO: Extracting primitive: Mushroom radial gill.003
12:00:57 | INFO: Primitives created: 1
12:00:57 | INFO: Extracting primitive: Mushroom radial gill.004
12:00:57 | INFO: Primitives created: 1
12:00:57 | INFO: Extracting primitive: Mushroom radial gill.005
12:00:57 | INFO: Primitives created: 1
12:00:57 | INFO: Extracting primitive: Mushroom radial gill.006
12:00:57 | INFO: Primitives created: 1
12:00:57 | INFO: Extracting primitive: Mushroom radial gill.007
12:00:57 | INFO: Primitives created: 1
12:00:57 | INFO: Extracting primitive: Mushroom radial gill.008
12:00:57 | INFO: Primitives created: 1
12:00:57 | INFO: Extracting primitive: Mushroom radial gill.009
12:00:57 | INFO: Primitives created: 1
12:00:57 | INFO: Extracting primitive: Mushroom radial gill.010
12:00:57 | INFO: Primitives created: 1
12:00:57 | INFO: Extracting primitive: Mushroom radial gill.011
12:00:57 | INFO: Primitives created: 1
12:00:57 | INFO: Extracting primitive: Mushroom radial gill.012
12:00:57 | INFO: Primitives created: 1
12:00:57 | INFO: Extracting primitive: Mushroom radial gill.013
12:00:57 | INFO: Primitives created: 1
12:00:57 | INFO: Extracting primitive: Mushroom radial gill.014
12:00:57 | INFO: Primitives created: 1
12:00:57 | INFO: Extracting primitive: Mushroom radial gill.015
12:00:57 | INFO: Primitives created: 1
12:00:57 | INFO: Extracting primitive: Mushroom radial gill.016
12:00:57 | INFO: Primitives created: 1
12:00:57 | INFO: Extracting primitive: Mushroom radial gill.017
12:00:57 | INFO: Primitives created: 1
12:00:57 | INFO: Extracting primitive: Mushroom radial gill.018
12:00:57 | INFO: Primitives created: 1
12:00:57 | INFO: Extracting primitive: Mushroom radial gill.019
12:00:57 | INFO: Primitives created: 1
12:00:57 | INFO: Extracting primitive: Mushroom radial gill.020
12:00:57 | INFO: Primitives created: 1
12:00:57 | INFO: Extracting primitive: Mushroom radial gill.021
12:00:57 | INFO: Primitives created: 1
12:00:57 | INFO: Extracting primitive: Mushroom radial gill.022
12:00:57 | INFO: Primitives created: 1
12:00:57 | INFO: Extracting primitive: Mushroom radial gill.023
12:00:57 | INFO: Primitives created: 1
12:00:57 | INFO: Extracting primitive: Mushroom radial gill.024
12:00:57 | INFO: Primitives created: 1
12:00:57 | INFO: Extracting primitive: Mushroom radial gill.025
12:00:57 | INFO: Primitives created: 1
12:00:57 | INFO: Extracting primitive: Mushroom radial gill.026
12:00:57 | INFO: Primitives created: 1
12:00:57 | INFO: Extracting primitive: Mushroom radial gill.027
12:00:57 | INFO: Primitives created: 1
12:00:57 | INFO: Extracting primitive: Mushroom radial gill.028
12:00:57 | INFO: Primitives created: 1
12:00:57 | INFO: Extracting primitive: Mushroom radial gill.029
12:00:57 | INFO: Primitives created: 1
12:00:57 | INFO: Extracting primitive: Mushroom radial gill.030
12:00:57 | INFO: Primitives created: 1
12:00:57 | INFO: Extracting primitive: Mushroom radial gill.031
12:00:57 | INFO: Primitives created: 1
12:00:57 | INFO: Extracting primitive: Mushroom radial gill.032
12:00:57 | INFO: Primitives created: 1
12:00:57 | INFO: Extracting primitive: Mushroom radial gill.033
12:00:57 | INFO: Primitives created: 1
12:00:57 | INFO: Extracting primitive: Mushroom radial gill.034
12:00:57 | INFO: Primitives created: 1
12:00:57 | INFO: Extracting primitive: Mushroom radial gill.035
12:00:57 | INFO: Primitives created: 1
12:00:57 | INFO: Extracting primitive: Raised wooden brow
12:00:57 | INFO: Primitives created: 1
12:00:57 | INFO: Extracting primitive: Raised wooden brow.001
12:00:57 | INFO: Primitives created: 1
12:00:57 | INFO: Extracting primitive: Splayed dreaming tree root
12:00:57 | INFO: Primitives created: 1
12:00:57 | INFO: Extracting primitive: Splayed dreaming tree root.001
12:00:57 | INFO: Primitives created: 1
12:00:57 | INFO: Extracting primitive: Splayed dreaming tree root.002
12:00:57 | INFO: Primitives created: 1
12:00:57 | INFO: Extracting primitive: Splayed dreaming tree root.003
12:00:57 | INFO: Primitives created: 1
12:00:57 | INFO: Extracting primitive: Splayed dreaming tree root.004
12:00:57 | INFO: Primitives created: 1
12:00:57 | INFO: Extracting primitive: Watcher spiral crown
12:00:57 | INFO: Primitives created: 1
12:00:57 | INFO: Extracting primitive: Watchful recessed eye
12:00:57 | INFO: Primitives created: 1
12:00:57 | INFO: Extracting primitive: Watchful recessed eye.001
12:00:57 | INFO: Primitives created: 1
12:00:57 | INFO: Finished glTF 2.0 export in 0.35681724548339844 s
00:01.782  blend            | Read blend: "/home/bart/.treehouse/odot-game-assets-86a3a5/2/odot-game-assets/sources/environment/shared_enchanted_kit.blend"

Exported environment/components/forest_hollow_tree; source unchanged
12:00:57 | INFO: Starting glTF 2.0 export
12:00:57 | INFO: Extracting primitive: Curled lantern flower stem
12:00:57 | INFO: Primitives created: 1
12:00:57 | INFO: Extracting primitive: Hanging lilac lantern petal
12:00:57 | INFO: Primitives created: 1
12:00:57 | INFO: Extracting primitive: Hanging lilac lantern petal.001
12:00:57 | INFO: Primitives created: 1
12:00:57 | INFO: Extracting primitive: Hanging lilac lantern petal.002
12:00:57 | INFO: Primitives created: 1
12:00:57 | INFO: Extracting primitive: Hanging lilac lantern petal.003
12:00:57 | INFO: Primitives created: 1
12:00:57 | INFO: Extracting primitive: Hanging lilac lantern petal.004
12:00:57 | INFO: Primitives created: 1
12:00:57 | INFO: Extracting primitive: Lantern flower broad leaf
12:00:57 | INFO: Primitives created: 1
12:00:57 | INFO: Extracting primitive: Lantern flower broad leaf.001
12:00:57 | INFO: Primitives created: 1
12:00:57 | INFO: Extracting primitive: Lantern flower warm heart
12:00:57 | INFO: Primitives created: 1
12:00:57 | INFO: Finished glTF 2.0 export in 0.062349796295166016 s
00:01.923  blend            | Read blend: "/home/bart/.treehouse/odot-game-assets-86a3a5/2/odot-game-assets/sources/environment/shared_enchanted_kit.blend"

Exported environment/components/forest_lantern_flower; source unchanged
12:00:58 | INFO: Starting glTF 2.0 export
12:00:58 | INFO: Extracting primitive: Coral lantern shell
12:00:58 | INFO: Primitives created: 1
12:00:58 | INFO: Extracting primitive: Lantern seed calyx
12:00:58 | INFO: Primitives created: 1
12:00:58 | INFO: Extracting primitive: Lantern seed calyx.001
12:00:58 | INFO: Primitives created: 1
12:00:58 | INFO: Extracting primitive: Lantern seed calyx.002
12:00:58 | INFO: Primitives created: 1
12:00:58 | INFO: Extracting primitive: Lantern seed calyx.003
12:00:58 | INFO: Primitives created: 1
12:00:58 | INFO: Extracting primitive: Shell lantern seed
12:00:58 | INFO: Primitives created: 1
12:00:58 | INFO: Extracting primitive: Snail dark eye
12:00:58 | INFO: Primitives created: 1
12:00:58 | INFO: Extracting primitive: Snail dark eye.001
12:00:58 | INFO: Primitives created: 1
12:00:58 | INFO: Extracting primitive: Snail eyestalk
12:00:58 | INFO: Primitives created: 1
12:00:58 | INFO: Extracting primitive: Snail eyestalk.001
12:00:58 | INFO: Primitives created: 1
12:00:58 | INFO: Extracting primitive: Snail rising neck
12:00:58 | INFO: Primitives created: 1
12:00:58 | INFO: Extracting primitive: Snail round head
12:00:58 | INFO: Primitives created: 1
12:00:58 | INFO: Extracting primitive: Snail shell broad spiral
12:00:58 | INFO: Primitives created: 1
12:00:58 | INFO: Extracting primitive: Snail soft foot
12:00:58 | INFO: Primitives created: 1
12:00:58 | INFO: Finished glTF 2.0 export in 0.09176373481750488 s
00:02.103  blend            | Read blend: "/home/bart/.treehouse/odot-game-assets-86a3a5/2/odot-game-assets/sources/environment/shared_forest_kit.blend"

Exported environment/components/forest_lantern_snail; source unchanged
12:00:58 | INFO: Starting glTF 2.0 export
12:00:58 | INFO: Extracting primitive: Broad woodland leaf
12:00:58 | INFO: Primitives created: 1
12:00:58 | INFO: Extracting primitive: Broad woodland leaf.001
12:00:58 | INFO: Primitives created: 1
12:00:58 | INFO: Extracting primitive: Broad woodland leaf.002
12:00:58 | INFO: Primitives created: 1
12:00:58 | INFO: Extracting primitive: Broad woodland leaf.003
12:00:58 | INFO: Primitives created: 1
12:00:58 | INFO: Extracting primitive: Broad woodland leaf.004
12:00:58 | INFO: Primitives created: 1
12:00:58 | INFO: Extracting primitive: Broad woodland leaf.005
12:00:58 | INFO: Primitives created: 1
12:00:58 | INFO: Finished glTF 2.0 export in 0.04015517234802246 s
00:02.233  blend            | Read blend: "/home/bart/.treehouse/odot-game-assets-86a3a5/2/odot-game-assets/sources/environment/shared_forest_kit.blend"

Exported environment/components/forest_leaf_clump; source unchanged
12:00:58 | INFO: Starting glTF 2.0 export
12:00:58 | INFO: Extracting primitive: Moss tiny sprouting mound
12:00:58 | INFO: Primitives created: 1
12:00:58 | INFO: Extracting primitive: Moss tiny sprouting mound.001
12:00:58 | INFO: Primitives created: 1
12:00:58 | INFO: Extracting primitive: Moss tiny sprouting mound.002
12:00:58 | INFO: Primitives created: 1
12:00:58 | INFO: Extracting primitive: Soft moss patch
12:00:58 | INFO: Primitives created: 1
12:00:58 | INFO: Extracting primitive: Soft moss patch.001
12:00:58 | INFO: Primitives created: 1
12:00:58 | INFO: Extracting primitive: Soft moss patch.002
12:00:58 | INFO: Primitives created: 1
12:00:58 | INFO: Finished glTF 2.0 export in 0.06203794479370117 s
00:02.440  blend            | Read blend: "/home/bart/.treehouse/odot-game-assets-86a3a5/2/odot-game-assets/sources/environment/shared_forest_kit.blend"

Exported environment/components/forest_moss; source unchanged
12:00:58 | INFO: Starting glTF 2.0 export
12:00:58 | INFO: Extracting primitive: Bioluminescent cap spot
12:00:58 | INFO: Primitives created: 1
12:00:58 | INFO: Extracting primitive: Bioluminescent cap spot.001
12:00:58 | INFO: Primitives created: 1
12:00:58 | INFO: Extracting primitive: Bioluminescent cap spot.002
12:00:58 | INFO: Primitives created: 1
12:00:58 | INFO: Extracting primitive: Bioluminescent cap spot.003
12:00:58 | INFO: Primitives created: 1
12:00:58 | INFO: Extracting primitive: Bioluminescent cap spot.004
12:00:58 | INFO: Primitives created: 1
12:00:58 | INFO: Extracting primitive: Bioluminescent cap spot.005
12:00:58 | INFO: Primitives created: 1
12:00:58 | INFO: Extracting primitive: Bioluminescent cap spot.006
12:00:58 | INFO: Primitives created: 1
12:00:58 | INFO: Extracting primitive: Bioluminescent cap spot.007
12:00:58 | INFO: Primitives created: 1
12:00:58 | INFO: Extracting primitive: Broad faceted mushroom cap
12:00:58 | INFO: Primitives created: 1
12:00:58 | INFO: Extracting primitive: Curving luminous mushroom stem
12:00:58 | INFO: Primitives created: 1
12:00:58 | INFO: Extracting primitive: Luminous cap underside
12:00:58 | INFO: Primitives created: 1
12:00:58 | INFO: Extracting primitive: Mushroom radial gill
12:00:58 | INFO: Primitives created: 1
12:00:58 | INFO: Extracting primitive: Mushroom radial gill.001
12:00:58 | INFO: Primitives created: 1
12:00:58 | INFO: Extracting primitive: Mushroom radial gill.002
12:00:58 | INFO: Primitives created: 1
12:00:58 | INFO: Extracting primitive: Mushroom radial gill.003
12:00:58 | INFO: Primitives created: 1
12:00:58 | INFO: Extracting primitive: Mushroom radial gill.004
12:00:58 | INFO: Primitives created: 1
12:00:58 | INFO: Extracting primitive: Mushroom radial gill.005
12:00:58 | INFO: Primitives created: 1
12:00:58 | INFO: Extracting primitive: Mushroom radial gill.006
12:00:58 | INFO: Primitives created: 1
12:00:58 | INFO: Extracting primitive: Mushroom radial gill.007
12:00:58 | INFO: Primitives created: 1
12:00:58 | INFO: Extracting primitive: Mushroom radial gill.008
12:00:58 | INFO: Primitives created: 1
12:00:58 | INFO: Extracting primitive: Mushroom radial gill.009
12:00:58 | INFO: Primitives created: 1
12:00:58 | INFO: Extracting primitive: Mushroom radial gill.010
12:00:58 | INFO: Primitives created: 1
12:00:58 | INFO: Extracting primitive: Mushroom radial gill.011
12:00:58 | INFO: Primitives created: 1
12:00:58 | INFO: Extracting primitive: Tiny floating glow spore
12:00:58 | INFO: Primitives created: 1
12:00:58 | INFO: Extracting primitive: Tiny floating glow spore.001
12:00:58 | INFO: Primitives created: 1
12:00:58 | INFO: Extracting primitive: Tiny floating glow spore.002
12:00:58 | INFO: Primitives created: 1
12:00:58 | INFO: Finished glTF 2.0 export in 0.28559231758117676 s
00:02.880  blend            | Read blend: "/home/bart/.treehouse/odot-game-assets-86a3a5/2/odot-game-assets/sources/environment/shared_forest_kit.blend"

Exported environment/components/forest_mushroom_blue; source unchanged
12:00:58 | INFO: Starting glTF 2.0 export
12:00:58 | INFO: Extracting primitive: Bioluminescent cap spot.008
12:00:58 | INFO: Primitives created: 1
12:00:58 | INFO: Extracting primitive: Bioluminescent cap spot.009
12:00:58 | INFO: Primitives created: 1
12:00:58 | INFO: Extracting primitive: Bioluminescent cap spot.010
12:00:58 | INFO: Primitives created: 1
12:00:58 | INFO: Extracting primitive: Bioluminescent cap spot.011
12:00:58 | INFO: Primitives created: 1
12:00:58 | INFO: Extracting primitive: Bioluminescent cap spot.012
12:00:58 | INFO: Primitives created: 1
12:00:58 | INFO: Extracting primitive: Bioluminescent cap spot.013
12:00:58 | INFO: Primitives created: 1
12:00:58 | INFO: Extracting primitive: Bioluminescent cap spot.014
12:00:58 | INFO: Primitives created: 1
12:00:58 | INFO: Extracting primitive: Bioluminescent cap spot.015
12:00:59 | INFO: Primitives created: 1
12:00:59 | INFO: Extracting primitive: Broad faceted mushroom cap.001
12:00:59 | INFO: Primitives created: 1
12:00:59 | INFO: Extracting primitive: Curving luminous mushroom stem.001
12:00:59 | INFO: Primitives created: 1
12:00:59 | INFO: Extracting primitive: Luminous cap underside.001
12:00:59 | INFO: Primitives created: 1
12:00:59 | INFO: Extracting primitive: Mushroom radial gill.012
12:00:59 | INFO: Primitives created: 1
12:00:59 | INFO: Extracting primitive: Mushroom radial gill.013
12:00:59 | INFO: Primitives created: 1
12:00:59 | INFO: Extracting primitive: Mushroom radial gill.014
12:00:59 | INFO: Primitives created: 1
12:00:59 | INFO: Extracting primitive: Mushroom radial gill.015
12:00:59 | INFO: Primitives created: 1
12:00:59 | INFO: Extracting primitive: Mushroom radial gill.016
12:00:59 | INFO: Primitives created: 1
12:00:59 | INFO: Extracting primitive: Mushroom radial gill.017
12:00:59 | INFO: Primitives created: 1
12:00:59 | INFO: Extracting primitive: Mushroom radial gill.018
12:00:59 | INFO: Primitives created: 1
12:00:59 | INFO: Extracting primitive: Mushroom radial gill.019
12:00:59 | INFO: Primitives created: 1
12:00:59 | INFO: Extracting primitive: Mushroom radial gill.020
12:00:59 | INFO: Primitives created: 1
12:00:59 | INFO: Extracting primitive: Mushroom radial gill.021
12:00:59 | INFO: Primitives created: 1
12:00:59 | INFO: Extracting primitive: Mushroom radial gill.022
12:00:59 | INFO: Primitives created: 1
12:00:59 | INFO: Extracting primitive: Mushroom radial gill.023
12:00:59 | INFO: Primitives created: 1
12:00:59 | INFO: Extracting primitive: Tiny floating glow spore.003
12:00:59 | INFO: Primitives created: 1
12:00:59 | INFO: Extracting primitive: Tiny floating glow spore.004
12:00:59 | INFO: Primitives created: 1
12:00:59 | INFO: Extracting primitive: Tiny floating glow spore.005
12:00:59 | INFO: Primitives created: 1
12:00:59 | INFO: Finished glTF 2.0 export in 0.11603879928588867 s
00:03.097  blend            | Read blend: "/home/bart/.treehouse/odot-game-assets-86a3a5/2/odot-game-assets/sources/environment/shared_forest_kit.blend"

Exported environment/components/forest_mushroom_purple; source unchanged
12:00:59 | INFO: Starting glTF 2.0 export
12:00:59 | INFO: Extracting primitive: Bioluminescent cap spot.016
12:00:59 | INFO: Primitives created: 1
12:00:59 | INFO: Extracting primitive: Bioluminescent cap spot.017
12:00:59 | INFO: Primitives created: 1
12:00:59 | INFO: Extracting primitive: Bioluminescent cap spot.018
12:00:59 | INFO: Primitives created: 1
12:00:59 | INFO: Extracting primitive: Bioluminescent cap spot.019
12:00:59 | INFO: Primitives created: 1
12:00:59 | INFO: Extracting primitive: Bioluminescent cap spot.020
12:00:59 | INFO: Primitives created: 1
12:00:59 | INFO: Extracting primitive: Bioluminescent cap spot.021
12:00:59 | INFO: Primitives created: 1
12:00:59 | INFO: Extracting primitive: Bioluminescent cap spot.022
12:00:59 | INFO: Primitives created: 1
12:00:59 | INFO: Extracting primitive: Bioluminescent cap spot.023
12:00:59 | INFO: Primitives created: 1
12:00:59 | INFO: Extracting primitive: Broad faceted mushroom cap.002
12:00:59 | INFO: Primitives created: 1
12:00:59 | INFO: Extracting primitive: Curving luminous mushroom stem.002
12:00:59 | INFO: Primitives created: 1
12:00:59 | INFO: Extracting primitive: Luminous cap underside.002
12:00:59 | INFO: Primitives created: 1
12:00:59 | INFO: Extracting primitive: Mushroom radial gill.024
12:00:59 | INFO: Primitives created: 1
12:00:59 | INFO: Extracting primitive: Mushroom radial gill.025
12:00:59 | INFO: Primitives created: 1
12:00:59 | INFO: Extracting primitive: Mushroom radial gill.026
12:00:59 | INFO: Primitives created: 1
12:00:59 | INFO: Extracting primitive: Mushroom radial gill.027
12:00:59 | INFO: Primitives created: 1
12:00:59 | INFO: Extracting primitive: Mushroom radial gill.028
12:00:59 | INFO: Primitives created: 1
12:00:59 | INFO: Extracting primitive: Mushroom radial gill.029
12:00:59 | INFO: Primitives created: 1
12:00:59 | INFO: Extracting primitive: Mushroom radial gill.030
12:00:59 | INFO: Primitives created: 1
12:00:59 | INFO: Extracting primitive: Mushroom radial gill.031
12:00:59 | INFO: Primitives created: 1
12:00:59 | INFO: Extracting primitive: Mushroom radial gill.032
12:00:59 | INFO: Primitives created: 1
12:00:59 | INFO: Extracting primitive: Mushroom radial gill.033
12:00:59 | INFO: Primitives created: 1
12:00:59 | INFO: Extracting primitive: Mushroom radial gill.034
12:00:59 | INFO: Primitives created: 1
12:00:59 | INFO: Extracting primitive: Mushroom radial gill.035
12:00:59 | INFO: Primitives created: 1
12:00:59 | INFO: Extracting primitive: Mushroom translucent stem groove.020
12:00:59 | INFO: Primitives created: 1
12:00:59 | INFO: Extracting primitive: Mushroom translucent stem groove.021
12:00:59 | INFO: Primitives created: 1
12:00:59 | INFO: Extracting primitive: Mushroom translucent stem groove.022
12:00:59 | INFO: Primitives created: 1
12:00:59 | INFO: Extracting primitive: Mushroom translucent stem groove.023
12:00:59 | INFO: Primitives created: 1
12:00:59 | INFO: Extracting primitive: Mushroom translucent stem groove.024
12:00:59 | INFO: Primitives created: 1
12:00:59 | INFO: Extracting primitive: Mushroom translucent stem groove.025
12:00:59 | INFO: Primitives created: 1
12:00:59 | INFO: Extracting primitive: Mushroom translucent stem groove.026
12:00:59 | INFO: Primitives created: 1
12:00:59 | INFO: Extracting primitive: Mushroom translucent stem groove.027
12:00:59 | INFO: Primitives created: 1
12:00:59 | INFO: Extracting primitive: Mushroom translucent stem groove.028
12:00:59 | INFO: Primitives created: 1
12:00:59 | INFO: Extracting primitive: Mushroom translucent stem groove.029
12:00:59 | INFO: Primitives created: 1
12:00:59 | INFO: Extracting primitive: Tiny floating glow spore.006
12:00:59 | INFO: Primitives created: 1
12:00:59 | INFO: Extracting primitive: Tiny floating glow spore.007
12:00:59 | INFO: Primitives created: 1
12:00:59 | INFO: Extracting primitive: Tiny floating glow spore.008
12:00:59 | INFO: Primitives created: 1
12:00:59 | INFO: Finished glTF 2.0 export in 0.13130664825439453 s
00:03.369  blend            | Read blend: "/home/bart/.treehouse/odot-game-assets-86a3a5/2/odot-game-assets/sources/environment/shared_enchanted_kit.blend"

Exported environment/components/forest_mushroom_small; source unchanged
12:00:59 | INFO: Starting glTF 2.0 export
12:00:59 | INFO: Extracting primitive: Dream fern curled frond
12:00:59 | INFO: Primitives created: 1
12:00:59 | INFO: Extracting primitive: Dream fern curled frond.001
12:00:59 | INFO: Primitives created: 1
12:00:59 | INFO: Extracting primitive: Dream fern curled frond.002
12:00:59 | INFO: Primitives created: 1
12:00:59 | INFO: Extracting primitive: Dream fern teal leaflet
12:00:59 | INFO: Primitives created: 1
12:00:59 | INFO: Extracting primitive: Dream fern teal leaflet.001
12:00:59 | INFO: Primitives created: 1
12:00:59 | INFO: Extracting primitive: Dream fern teal leaflet.002
12:00:59 | INFO: Primitives created: 1
12:00:59 | INFO: Extracting primitive: Dream fern teal leaflet.003
12:00:59 | INFO: Primitives created: 1
12:00:59 | INFO: Extracting primitive: Dream fern teal leaflet.004
12:00:59 | INFO: Primitives created: 1
12:00:59 | INFO: Extracting primitive: Dream fern teal leaflet.005
12:00:59 | INFO: Primitives created: 1
12:00:59 | INFO: Extracting primitive: Dream fern teal leaflet.006
12:00:59 | INFO: Primitives created: 1
12:00:59 | INFO: Extracting primitive: Dream fern teal leaflet.007
12:00:59 | INFO: Primitives created: 1
12:00:59 | INFO: Extracting primitive: Dream fern teal leaflet.008
12:00:59 | INFO: Primitives created: 1
12:00:59 | INFO: Extracting primitive: Dream fern teal leaflet.009
12:00:59 | INFO: Primitives created: 1
12:00:59 | INFO: Extracting primitive: Dream fern teal leaflet.010
12:00:59 | INFO: Primitives created: 1
12:00:59 | INFO: Extracting primitive: Dream fern teal leaflet.011
12:00:59 | INFO: Primitives created: 1
12:00:59 | INFO: Extracting primitive: Dream fern teal leaflet.012
12:00:59 | INFO: Primitives created: 1
12:00:59 | INFO: Extracting primitive: Dream fern teal leaflet.013
12:00:59 | INFO: Primitives created: 1
12:00:59 | INFO: Extracting primitive: Dream fern teal leaflet.014
12:00:59 | INFO: Primitives created: 1
12:00:59 | INFO: Extracting primitive: Dream fern teal leaflet.015
12:00:59 | INFO: Primitives created: 1
12:00:59 | INFO: Extracting primitive: Dream fern teal leaflet.016
12:00:59 | INFO: Primitives created: 1
12:00:59 | INFO: Extracting primitive: Dream fern teal leaflet.017
12:00:59 | INFO: Primitives created: 1
12:00:59 | INFO: Finished glTF 2.0 export in 0.10953044891357422 s
00:03.654  blend            | Read blend: "/home/bart/.treehouse/odot-game-assets-86a3a5/2/odot-game-assets/sources/environment/shared_enchanted_kit.blend"

Exported environment/components/forest_spiral_fern; source unchanged
12:00:59 | INFO: Starting glTF 2.0 export
12:00:59 | INFO: Extracting primitive: Dream willow arching branch
12:00:59 | INFO: Primitives created: 1
12:00:59 | INFO: Extracting primitive: Dream willow arching branch.001
12:00:59 | INFO: Primitives created: 1
12:00:59 | INFO: Extracting primitive: Dream willow coiling trunk
12:00:59 | INFO: Primitives created: 1
12:00:59 | INFO: Extracting primitive: Drooping teal willow leaf
12:00:59 | INFO: Primitives created: 1
12:00:59 | INFO: Extracting primitive: Drooping teal willow leaf.001
12:00:59 | INFO: Primitives created: 1
12:00:59 | INFO: Extracting primitive: Drooping teal willow leaf.002
12:00:59 | INFO: Primitives created: 1
12:00:59 | INFO: Extracting primitive: Drooping teal willow leaf.003
12:00:59 | INFO: Primitives created: 1
12:00:59 | INFO: Extracting primitive: Drooping teal willow leaf.004
12:00:59 | INFO: Primitives created: 1
12:00:59 | INFO: Extracting primitive: Drooping teal willow leaf.005
12:00:59 | INFO: Primitives created: 1
12:00:59 | INFO: Extracting primitive: Drooping teal willow leaf.006
12:00:59 | INFO: Primitives created: 1
12:00:59 | INFO: Extracting primitive: Drooping teal willow leaf.007
12:00:59 | INFO: Primitives created: 1
12:00:59 | INFO: Extracting primitive: Drooping teal willow leaf.008
12:00:59 | INFO: Primitives created: 1
12:00:59 | INFO: Extracting primitive: Drooping teal willow leaf.009
12:00:59 | INFO: Primitives created: 1
12:00:59 | INFO: Extracting primitive: Drooping teal willow leaf.010
12:00:59 | INFO: Primitives created: 1
12:00:59 | INFO: Extracting primitive: Drooping teal willow leaf.011
12:00:59 | INFO: Primitives created: 1
12:00:59 | INFO: Extracting primitive: Drooping teal willow leaf.012
12:00:59 | INFO: Primitives created: 1
12:00:59 | INFO: Extracting primitive: Drooping teal willow leaf.013
12:00:59 | INFO: Primitives created: 1
12:00:59 | INFO: Extracting primitive: Drooping teal willow leaf.014
12:00:59 | INFO: Primitives created: 1
12:00:59 | INFO: Extracting primitive: Drooping teal willow leaf.015
12:00:59 | INFO: Primitives created: 1
12:00:59 | INFO: Extracting primitive: Drooping teal willow leaf.016
12:00:59 | INFO: Primitives created: 1
12:00:59 | INFO: Extracting primitive: Drooping teal willow leaf.017
12:00:59 | INFO: Primitives created: 1
12:00:59 | INFO: Extracting primitive: Drooping teal willow leaf.018
12:00:59 | INFO: Primitives created: 1
12:00:59 | INFO: Extracting primitive: Drooping teal willow leaf.019
12:00:59 | INFO: Primitives created: 1
12:00:59 | INFO: Extracting primitive: Drooping teal willow leaf.020
12:00:59 | INFO: Primitives created: 1
12:00:59 | INFO: Extracting primitive: Drooping teal willow leaf.021
12:00:59 | INFO: Primitives created: 1
12:00:59 | INFO: Extracting primitive: Drooping teal willow leaf.022
12:00:59 | INFO: Primitives created: 1
12:00:59 | INFO: Extracting primitive: Drooping teal willow leaf.023
12:00:59 | INFO: Primitives created: 1
12:00:59 | INFO: Extracting primitive: Spiral crown lilac leaf
12:00:59 | INFO: Primitives created: 1
12:00:59 | INFO: Extracting primitive: Spiral crown lilac leaf.001
12:00:59 | INFO: Primitives created: 1
12:00:59 | INFO: Extracting primitive: Spiral crown lilac leaf.002
12:00:59 | INFO: Primitives created: 1
12:00:59 | INFO: Extracting primitive: Spiral crown lilac leaf.003
12:00:59 | INFO: Primitives created: 1
12:00:59 | INFO: Extracting primitive: Spiral crown lilac leaf.004
12:00:59 | INFO: Primitives created: 1
12:00:59 | INFO: Extracting primitive: Spiral crown lilac leaf.005
12:00:59 | INFO: Primitives created: 1
12:00:59 | INFO: Extracting primitive: Spiral crown lilac leaf.006
12:00:59 | INFO: Primitives created: 1
12:00:59 | INFO: Extracting primitive: Splayed dreaming tree root.005
12:00:59 | INFO: Primitives created: 1
12:00:59 | INFO: Extracting primitive: Splayed dreaming tree root.006
12:00:59 | INFO: Primitives created: 1
12:00:59 | INFO: Extracting primitive: Splayed dreaming tree root.007
12:00:59 | INFO: Primitives created: 1
12:00:59 | INFO: Extracting primitive: Splayed dreaming tree root.008
12:00:59 | INFO: Primitives created: 1
12:00:59 | INFO: Extracting primitive: Splayed dreaming tree root.009
12:00:59 | INFO: Primitives created: 1
12:00:59 | INFO: Extracting primitive: Willow hanging tendril
12:00:59 | INFO: Primitives created: 1
12:00:59 | INFO: Extracting primitive: Willow hanging tendril.001
12:00:59 | INFO: Primitives created: 1
12:00:59 | INFO: Extracting primitive: Willow hanging tendril.002
12:00:59 | INFO: Primitives created: 1
12:00:59 | INFO: Extracting primitive: Willow hanging tendril.003
12:00:59 | INFO: Primitives created: 1
12:00:59 | INFO: Extracting primitive: Willow hanging tendril.004
12:00:59 | INFO: Primitives created: 1
12:00:59 | INFO: Extracting primitive: Willow hanging tendril.005
12:00:59 | INFO: Primitives created: 1
12:00:59 | INFO: Extracting primitive: Willow hanging tendril.006
12:00:59 | INFO: Primitives created: 1
12:00:59 | INFO: Extracting primitive: Willow hanging tendril.007
12:00:59 | INFO: Primitives created: 1
12:00:59 | INFO: Extracting primitive: Willow luminous seed
12:00:59 | INFO: Primitives created: 1
12:00:59 | INFO: Extracting primitive: Willow luminous seed.001
12:00:59 | INFO: Primitives created: 1
12:00:59 | INFO: Extracting primitive: Willow luminous seed.002
12:00:59 | INFO: Primitives created: 1
12:00:59 | INFO: Extracting primitive: Willow luminous seed.003
12:00:59 | INFO: Primitives created: 1
12:00:59 | INFO: Extracting primitive: Willow luminous seed.004
12:00:59 | INFO: Primitives created: 1
12:00:59 | INFO: Extracting primitive: Willow luminous seed.005
12:00:59 | INFO: Primitives created: 1
12:00:59 | INFO: Extracting primitive: Willow luminous seed.006
12:00:59 | INFO: Primitives created: 1
12:00:59 | INFO: Extracting primitive: Willow luminous seed.007
12:00:59 | INFO: Primitives created: 1
12:01:00 | INFO: Finished glTF 2.0 export in 0.33020448684692383 s
00:04.202  blend            | Read blend: "/home/bart/.treehouse/odot-game-assets-86a3a5/2/odot-game-assets/sources/environment/hex_bioluminescent_grove.blend"

Exported environment/components/forest_spiral_tree; source unchanged
12:01:00 | INFO: Starting glTF 2.0 export
12:01:00 | INFO: Extracting primitive: Angular mossy forest boulder.004
12:01:00 | INFO: Primitives created: 3
12:01:00 | INFO: Extracting primitive: Broad woodland leaf.024
12:01:00 | INFO: Primitives created: 1
12:01:00 | INFO: Extracting primitive: Broad woodland leaf.025
12:01:00 | INFO: Primitives created: 1
12:01:00 | INFO: Extracting primitive: Broad woodland leaf.026
12:01:00 | INFO: Primitives created: 1
12:01:00 | INFO: Extracting primitive: Broad woodland leaf.027
12:01:00 | INFO: Primitives created: 1
12:01:00 | INFO: Extracting primitive: Broad woodland leaf.028
12:01:00 | INFO: Primitives created: 1
12:01:00 | INFO: Extracting primitive: Broad woodland leaf.029
12:01:00 | INFO: Primitives created: 1
12:01:00 | INFO: Extracting primitive: Moss tiny sprouting mound.012
12:01:00 | INFO: Primitives created: 1
12:01:00 | INFO: Extracting primitive: Moss tiny sprouting mound.013
12:01:00 | INFO: Primitives created: 1
12:01:00 | INFO: Extracting primitive: Moss tiny sprouting mound.014
12:01:00 | INFO: Primitives created: 1
12:01:00 | INFO: Extracting primitive: Soft moss patch.012
12:01:00 | INFO: Primitives created: 1
12:01:00 | INFO: Extracting primitive: Soft moss patch.013
12:01:00 | INFO: Primitives created: 1
12:01:00 | INFO: Extracting primitive: Soft moss patch.014
12:01:00 | INFO: Primitives created: 1
12:01:00 | INFO: Extracting primitive: Faceted magical crystal.007
12:01:00 | INFO: Primitives created: 3
12:01:00 | INFO: Extracting primitive: Curled fern fiddlehead.004
12:01:00 | INFO: Primitives created: 1
12:01:00 | INFO: Extracting primitive: Fern central stem.024
12:01:00 | INFO: Primitives created: 1
12:01:00 | INFO: Extracting primitive: Fern central stem.025
12:01:00 | INFO: Primitives created: 1
12:01:00 | INFO: Extracting primitive: Fern central stem.026
12:01:00 | INFO: Primitives created: 1
12:01:00 | INFO: Extracting primitive: Fern central stem.027
12:01:00 | INFO: Primitives created: 1
12:01:00 | INFO: Extracting primitive: Fern central stem.028
12:01:00 | INFO: Primitives created: 1
12:01:00 | INFO: Extracting primitive: Fern central stem.029
12:01:00 | INFO: Primitives created: 1
12:01:00 | INFO: Extracting primitive: Fern leaflet.192
12:01:00 | INFO: Primitives created: 1
12:01:00 | INFO: Extracting primitive: Fern leaflet.193
12:01:00 | INFO: Primitives created: 1
12:01:00 | INFO: Extracting primitive: Fern leaflet.194
12:01:00 | INFO: Primitives created: 1
12:01:00 | INFO: Extracting primitive: Fern leaflet.195
12:01:00 | INFO: Primitives created: 1
12:01:00 | INFO: Extracting primitive: Fern leaflet.196
12:01:00 | INFO: Primitives created: 1
12:01:00 | INFO: Extracting primitive: Fern leaflet.197
12:01:00 | INFO: Primitives created: 1
12:01:00 | INFO: Extracting primitive: Fern leaflet.198
12:01:00 | INFO: Primitives created: 1
12:01:00 | INFO: Extracting primitive: Fern leaflet.199
12:01:00 | INFO: Primitives created: 1
12:01:00 | INFO: Extracting primitive: Fern leaflet.200
12:01:00 | INFO: Primitives created: 1
12:01:00 | INFO: Extracting primitive: Fern leaflet.201
12:01:00 | INFO: Primitives created: 1
12:01:00 | INFO: Extracting primitive: Fern leaflet.202
12:01:00 | INFO: Primitives created: 1
12:01:00 | INFO: Extracting primitive: Fern leaflet.203
12:01:00 | INFO: Primitives created: 1
12:01:00 | INFO: Extracting primitive: Fern leaflet.204
12:01:00 | INFO: Primitives created: 1
12:01:00 | INFO: Extracting primitive: Fern leaflet.205
12:01:00 | INFO: Primitives created: 1
12:01:00 | INFO: Extracting primitive: Fern leaflet.206
12:01:00 | INFO: Primitives created: 1
12:01:00 | INFO: Extracting primitive: Fern leaflet.207
12:01:00 | INFO: Primitives created: 1
12:01:00 | INFO: Extracting primitive: Fern leaflet.208
12:01:00 | INFO: Primitives created: 1
12:01:00 | INFO: Extracting primitive: Fern leaflet.209
12:01:00 | INFO: Primitives created: 1
12:01:00 | INFO: Extracting primitive: Fern leaflet.210
12:01:00 | INFO: Primitives created: 1
12:01:00 | INFO: Extracting primitive: Fern leaflet.211
12:01:00 | INFO: Primitives created: 1
12:01:00 | INFO: Extracting primitive: Fern leaflet.212
12:01:00 | INFO: Primitives created: 1
12:01:00 | INFO: Extracting primitive: Fern leaflet.213
12:01:00 | INFO: Primitives created: 1
12:01:00 | INFO: Extracting primitive: Fern leaflet.214
12:01:00 | INFO: Primitives created: 1
12:01:00 | INFO: Extracting primitive: Fern leaflet.215
12:01:00 | INFO: Primitives created: 1
12:01:00 | INFO: Extracting primitive: Fern leaflet.216
12:01:00 | INFO: Primitives created: 1
12:01:00 | INFO: Extracting primitive: Fern leaflet.217
12:01:00 | INFO: Primitives created: 1
12:01:00 | INFO: Extracting primitive: Fern leaflet.218
12:01:00 | INFO: Primitives created: 1
12:01:00 | INFO: Extracting primitive: Fern leaflet.219
12:01:00 | INFO: Primitives created: 1
12:01:00 | INFO: Extracting primitive: Fern leaflet.220
12:01:00 | INFO: Primitives created: 1
12:01:00 | INFO: Extracting primitive: Fern leaflet.221
12:01:00 | INFO: Primitives created: 1
12:01:00 | INFO: Extracting primitive: Fern leaflet.222
12:01:00 | INFO: Primitives created: 1
12:01:00 | INFO: Extracting primitive: Fern leaflet.223
12:01:00 | INFO: Primitives created: 1
12:01:00 | INFO: Extracting primitive: Fern leaflet.224
12:01:00 | INFO: Primitives created: 1
12:01:00 | INFO: Extracting primitive: Fern leaflet.225
12:01:00 | INFO: Primitives created: 1
12:01:00 | INFO: Extracting primitive: Fern leaflet.226
12:01:00 | INFO: Primitives created: 1
12:01:00 | INFO: Extracting primitive: Fern leaflet.227
12:01:00 | INFO: Primitives created: 1
12:01:00 | INFO: Extracting primitive: Fern leaflet.228
12:01:00 | INFO: Primitives created: 1
12:01:00 | INFO: Extracting primitive: Fern leaflet.229
12:01:00 | INFO: Primitives created: 1
12:01:00 | INFO: Extracting primitive: Fern leaflet.230
12:01:00 | INFO: Primitives created: 1
12:01:00 | INFO: Extracting primitive: Fern leaflet.231
12:01:00 | INFO: Primitives created: 1
12:01:00 | INFO: Extracting primitive: Fern leaflet.232
12:01:00 | INFO: Primitives created: 1
12:01:00 | INFO: Extracting primitive: Fern leaflet.233
12:01:00 | INFO: Primitives created: 1
12:01:00 | INFO: Extracting primitive: Fern leaflet.234
12:01:00 | INFO: Primitives created: 1
12:01:00 | INFO: Extracting primitive: Fern leaflet.235
12:01:00 | INFO: Primitives created: 1
12:01:00 | INFO: Extracting primitive: Fern leaflet.236
12:01:00 | INFO: Primitives created: 1
12:01:00 | INFO: Extracting primitive: Fern leaflet.237
12:01:00 | INFO: Primitives created: 1
12:01:00 | INFO: Extracting primitive: Fern leaflet.238
12:01:00 | INFO: Primitives created: 1
12:01:00 | INFO: Extracting primitive: Fern leaflet.239
12:01:00 | INFO: Primitives created: 1
12:01:00 | INFO: Extracting primitive: Fern unfolding leaf tip.008
12:01:00 | INFO: Primitives created: 1
12:01:00 | INFO: Extracting primitive: Fern unfolding leaf tip.009
12:01:00 | INFO: Primitives created: 1
12:01:00 | INFO: Extracting primitive: Fine scattered woodland grasses.004
12:01:00 | INFO: Primitives created: 1
12:01:00 | INFO: Extracting primitive: Flower center.012
12:01:00 | INFO: Primitives created: 1
12:01:00 | INFO: Extracting primitive: Flower center.013
12:01:00 | INFO: Primitives created: 1
12:01:00 | INFO: Extracting primitive: Flower center.014
12:01:00 | INFO: Primitives created: 1
12:01:00 | INFO: Extracting primitive: Flower petal.060
12:01:00 | INFO: Primitives created: 1
12:01:00 | INFO: Extracting primitive: Flower petal.061
12:01:00 | INFO: Primitives created: 1
12:01:00 | INFO: Extracting primitive: Flower petal.062
12:01:00 | INFO: Primitives created: 1
12:01:00 | INFO: Extracting primitive: Flower petal.063
12:01:00 | INFO: Primitives created: 1
12:01:00 | INFO: Extracting primitive: Flower petal.064
12:01:00 | INFO: Primitives created: 1
12:01:00 | INFO: Extracting primitive: Flower petal.065
12:01:00 | INFO: Primitives created: 1
12:01:00 | INFO: Extracting primitive: Flower petal.066
12:01:00 | INFO: Primitives created: 1
12:01:00 | INFO: Extracting primitive: Flower petal.067
12:01:00 | INFO: Primitives created: 1
12:01:00 | INFO: Extracting primitive: Flower petal.068
12:01:00 | INFO: Primitives created: 1
12:01:00 | INFO: Extracting primitive: Flower petal.069
12:01:00 | INFO: Primitives created: 1
12:01:00 | INFO: Extracting primitive: Flower petal.070
12:01:00 | INFO: Primitives created: 1
12:01:00 | INFO: Extracting primitive: Flower petal.071
12:01:00 | INFO: Primitives created: 1
12:01:00 | INFO: Extracting primitive: Flower petal.072
12:01:00 | INFO: Primitives created: 1
12:01:00 | INFO: Extracting primitive: Flower petal.073
12:01:00 | INFO: Primitives created: 1
12:01:00 | INFO: Extracting primitive: Flower petal.074
12:01:00 | INFO: Primitives created: 1
12:01:00 | INFO: Extracting primitive: Flower stem.012
12:01:00 | INFO: Primitives created: 1
12:01:00 | INFO: Extracting primitive: Flower stem.013
12:01:00 | INFO: Primitives created: 1
12:01:00 | INFO: Extracting primitive: Flower stem.014
12:01:00 | INFO: Primitives created: 1
12:01:00 | INFO: Extracting primitive: Standard hex earth layer.004
12:01:00 | INFO: Primitives created: 1
12:01:00 | INFO: Extracting primitive: Standard hex meadow top.004
12:01:00 | INFO: Primitives created: 1
12:01:00 | INFO: Extracting primitive: Standard hex stone foundation.004
12:01:00 | INFO: Primitives created: 1
12:01:00 | INFO: Extracting primitive: Thin meadow rim shadow.024
12:01:00 | INFO: Primitives created: 1
12:01:00 | INFO: Extracting primitive: Thin meadow rim shadow.025
12:01:00 | INFO: Primitives created: 1
12:01:00 | INFO: Extracting primitive: Thin meadow rim shadow.026
12:01:00 | INFO: Primitives created: 1
12:01:00 | INFO: Extracting primitive: Thin meadow rim shadow.027
12:01:00 | INFO: Primitives created: 1
12:01:00 | INFO: Extracting primitive: Thin meadow rim shadow.028
12:01:00 | INFO: Primitives created: 1
12:01:00 | INFO: Extracting primitive: Thin meadow rim shadow.029
12:01:00 | INFO: Primitives created: 1
12:01:00 | INFO: Extracting primitive: Bioluminescent cap spot.096
12:01:00 | INFO: Primitives created: 1
12:01:00 | INFO: Extracting primitive: Bioluminescent cap spot.097
12:01:00 | INFO: Primitives created: 1
12:01:00 | INFO: Extracting primitive: Bioluminescent cap spot.098
12:01:00 | INFO: Primitives created: 1
12:01:00 | INFO: Extracting primitive: Bioluminescent cap spot.099
12:01:00 | INFO: Primitives created: 1
12:01:00 | INFO: Extracting primitive: Bioluminescent cap spot.100
12:01:00 | INFO: Primitives created: 1
12:01:00 | INFO: Extracting primitive: Bioluminescent cap spot.101
12:01:00 | INFO: Primitives created: 1
12:01:00 | INFO: Extracting primitive: Bioluminescent cap spot.102
12:01:00 | INFO: Primitives created: 1
12:01:00 | INFO: Extracting primitive: Bioluminescent cap spot.103
12:01:00 | INFO: Primitives created: 1
12:01:00 | INFO: Extracting primitive: Broad faceted mushroom cap.012
12:01:00 | INFO: Primitives created: 1
12:01:00 | INFO: Extracting primitive: Curving luminous mushroom stem.012
12:01:00 | INFO: Primitives created: 1
12:01:00 | INFO: Extracting primitive: Luminous cap underside.012
12:01:00 | INFO: Primitives created: 1
12:01:00 | INFO: Extracting primitive: Mushroom radial gill.144
12:01:00 | INFO: Primitives created: 1
12:01:00 | INFO: Extracting primitive: Mushroom radial gill.145
12:01:00 | INFO: Primitives created: 1
12:01:00 | INFO: Extracting primitive: Mushroom radial gill.146
12:01:00 | INFO: Primitives created: 1
12:01:00 | INFO: Extracting primitive: Mushroom radial gill.147
12:01:01 | INFO: Primitives created: 1
12:01:01 | INFO: Extracting primitive: Mushroom radial gill.148
12:01:01 | INFO: Primitives created: 1
12:01:01 | INFO: Extracting primitive: Mushroom radial gill.149
12:01:01 | INFO: Primitives created: 1
12:01:01 | INFO: Extracting primitive: Mushroom radial gill.150
12:01:01 | INFO: Primitives created: 1
12:01:01 | INFO: Extracting primitive: Mushroom radial gill.151
12:01:01 | INFO: Primitives created: 1
12:01:01 | INFO: Extracting primitive: Mushroom radial gill.152
12:01:01 | INFO: Primitives created: 1
12:01:01 | INFO: Extracting primitive: Mushroom radial gill.153
12:01:01 | INFO: Primitives created: 1
12:01:01 | INFO: Extracting primitive: Mushroom radial gill.154
12:01:01 | INFO: Primitives created: 1
12:01:01 | INFO: Extracting primitive: Mushroom radial gill.155
12:01:01 | INFO: Primitives created: 1
12:01:01 | INFO: Extracting primitive: Tiny floating glow spore.036
12:01:01 | INFO: Primitives created: 1
12:01:01 | INFO: Extracting primitive: Tiny floating glow spore.037
12:01:01 | INFO: Primitives created: 1
12:01:01 | INFO: Extracting primitive: Tiny floating glow spore.038
12:01:01 | INFO: Primitives created: 1
12:01:01 | INFO: Extracting primitive: Bioluminescent cap spot.088
12:01:01 | INFO: Primitives created: 1
12:01:01 | INFO: Extracting primitive: Bioluminescent cap spot.089
12:01:01 | INFO: Primitives created: 1
12:01:01 | INFO: Extracting primitive: Bioluminescent cap spot.090
12:01:01 | INFO: Primitives created: 1
12:01:01 | INFO: Extracting primitive: Bioluminescent cap spot.091
12:01:01 | INFO: Primitives created: 1
12:01:01 | INFO: Extracting primitive: Bioluminescent cap spot.092
12:01:01 | INFO: Primitives created: 1
12:01:01 | INFO: Extracting primitive: Bioluminescent cap spot.093
12:01:01 | INFO: Primitives created: 1
12:01:01 | INFO: Extracting primitive: Bioluminescent cap spot.094
12:01:01 | INFO: Primitives created: 1
12:01:01 | INFO: Extracting primitive: Bioluminescent cap spot.095
12:01:01 | INFO: Primitives created: 1
12:01:01 | INFO: Extracting primitive: Broad faceted mushroom cap.011
12:01:01 | INFO: Primitives created: 1
12:01:01 | INFO: Extracting primitive: Curving luminous mushroom stem.011
12:01:01 | INFO: Primitives created: 1
12:01:01 | INFO: Extracting primitive: Luminous cap underside.011
12:01:01 | INFO: Primitives created: 1
12:01:01 | INFO: Extracting primitive: Mushroom radial gill.132
12:01:01 | INFO: Primitives created: 1
12:01:01 | INFO: Extracting primitive: Mushroom radial gill.133
12:01:01 | INFO: Primitives created: 1
12:01:01 | INFO: Extracting primitive: Mushroom radial gill.134
12:01:01 | INFO: Primitives created: 1
12:01:01 | INFO: Extracting primitive: Mushroom radial gill.135
12:01:01 | INFO: Primitives created: 1
12:01:01 | INFO: Extracting primitive: Mushroom radial gill.136
12:01:01 | INFO: Primitives created: 1
12:01:01 | INFO: Extracting primitive: Mushroom radial gill.137
12:01:01 | INFO: Primitives created: 1
12:01:01 | INFO: Extracting primitive: Mushroom radial gill.138
12:01:01 | INFO: Primitives created: 1
12:01:01 | INFO: Extracting primitive: Mushroom radial gill.139
12:01:01 | INFO: Primitives created: 1
12:01:01 | INFO: Extracting primitive: Mushroom radial gill.140
12:01:01 | INFO: Primitives created: 1
12:01:01 | INFO: Extracting primitive: Mushroom radial gill.141
12:01:01 | INFO: Primitives created: 1
12:01:01 | INFO: Extracting primitive: Mushroom radial gill.142
12:01:01 | INFO: Primitives created: 1
12:01:01 | INFO: Extracting primitive: Mushroom radial gill.143
12:01:01 | INFO: Primitives created: 1
12:01:01 | INFO: Extracting primitive: Tiny floating glow spore.033
12:01:01 | INFO: Primitives created: 1
12:01:01 | INFO: Extracting primitive: Tiny floating glow spore.034
12:01:01 | INFO: Primitives created: 1
12:01:01 | INFO: Extracting primitive: Tiny floating glow spore.035
12:01:01 | INFO: Primitives created: 1
12:01:01 | INFO: Extracting primitive: Bioluminescent cap spot.104
12:01:01 | INFO: Primitives created: 1
12:01:01 | INFO: Extracting primitive: Bioluminescent cap spot.105
12:01:01 | INFO: Primitives created: 1
12:01:01 | INFO: Extracting primitive: Bioluminescent cap spot.106
12:01:01 | INFO: Primitives created: 1
12:01:01 | INFO: Extracting primitive: Bioluminescent cap spot.107
12:01:01 | INFO: Primitives created: 1
12:01:01 | INFO: Extracting primitive: Bioluminescent cap spot.108
12:01:01 | INFO: Primitives created: 1
12:01:01 | INFO: Extracting primitive: Bioluminescent cap spot.109
12:01:01 | INFO: Primitives created: 1
12:01:01 | INFO: Extracting primitive: Bioluminescent cap spot.110
12:01:01 | INFO: Primitives created: 1
12:01:01 | INFO: Extracting primitive: Bioluminescent cap spot.111
12:01:01 | INFO: Primitives created: 1
12:01:01 | INFO: Extracting primitive: Broad faceted mushroom cap.013
12:01:01 | INFO: Primitives created: 1
12:01:01 | INFO: Extracting primitive: Curving luminous mushroom stem.013
12:01:01 | INFO: Primitives created: 1
12:01:01 | INFO: Extracting primitive: Luminous cap underside.013
12:01:01 | INFO: Primitives created: 1
12:01:01 | INFO: Extracting primitive: Mushroom radial gill.156
12:01:01 | INFO: Primitives created: 1
12:01:01 | INFO: Extracting primitive: Mushroom radial gill.157
12:01:01 | INFO: Primitives created: 1
12:01:01 | INFO: Extracting primitive: Mushroom radial gill.158
12:01:01 | INFO: Primitives created: 1
12:01:01 | INFO: Extracting primitive: Mushroom radial gill.159
12:01:01 | INFO: Primitives created: 1
12:01:01 | INFO: Extracting primitive: Mushroom radial gill.160
12:01:01 | INFO: Primitives created: 1
12:01:01 | INFO: Extracting primitive: Mushroom radial gill.161
12:01:01 | INFO: Primitives created: 1
12:01:01 | INFO: Extracting primitive: Mushroom radial gill.162
12:01:01 | INFO: Primitives created: 1
12:01:01 | INFO: Extracting primitive: Mushroom radial gill.163
12:01:01 | INFO: Primitives created: 1
12:01:01 | INFO: Extracting primitive: Mushroom radial gill.164
12:01:01 | INFO: Primitives created: 1
12:01:01 | INFO: Extracting primitive: Mushroom radial gill.165
12:01:01 | INFO: Primitives created: 1
12:01:01 | INFO: Extracting primitive: Mushroom radial gill.166
12:01:01 | INFO: Primitives created: 1
12:01:01 | INFO: Extracting primitive: Mushroom radial gill.167
12:01:01 | INFO: Primitives created: 1
12:01:01 | INFO: Extracting primitive: Mushroom translucent stem groove.130
12:01:01 | INFO: Primitives created: 1
12:01:01 | INFO: Extracting primitive: Mushroom translucent stem groove.131
12:01:01 | INFO: Primitives created: 1
12:01:01 | INFO: Extracting primitive: Mushroom translucent stem groove.132
12:01:01 | INFO: Primitives created: 1
12:01:01 | INFO: Extracting primitive: Mushroom translucent stem groove.133
12:01:01 | INFO: Primitives created: 1
12:01:01 | INFO: Extracting primitive: Mushroom translucent stem groove.134
12:01:01 | INFO: Primitives created: 1
12:01:01 | INFO: Extracting primitive: Mushroom translucent stem groove.135
12:01:01 | INFO: Primitives created: 1
12:01:01 | INFO: Extracting primitive: Mushroom translucent stem groove.136
12:01:01 | INFO: Primitives created: 1
12:01:01 | INFO: Extracting primitive: Mushroom translucent stem groove.137
12:01:01 | INFO: Primitives created: 1
12:01:01 | INFO: Extracting primitive: Mushroom translucent stem groove.138
12:01:01 | INFO: Primitives created: 1
12:01:01 | INFO: Extracting primitive: Mushroom translucent stem groove.139
12:01:01 | INFO: Primitives created: 1
12:01:01 | INFO: Extracting primitive: Tiny floating glow spore.039
12:01:01 | INFO: Primitives created: 1
12:01:01 | INFO: Extracting primitive: Tiny floating glow spore.040
12:01:01 | INFO: Primitives created: 1
12:01:01 | INFO: Extracting primitive: Tiny floating glow spore.041
12:01:01 | INFO: Primitives created: 1
12:01:01 | INFO: Extracting primitive: Gnarled exposed root
12:01:01 | INFO: Primitives created: 1
12:01:01 | INFO: Extracting primitive: Root bark carved grain
12:01:01 | INFO: Primitives created: 1
12:01:01 | INFO: Extracting primitive: Root bark carved grain.001
12:01:01 | INFO: Primitives created: 1
12:01:01 | INFO: Extracting primitive: Root fork
12:01:01 | INFO: Primitives created: 1
12:01:01 | INFO: Extracting primitive: Ancient twisting trunk
12:01:01 | INFO: Primitives created: 1
12:01:01 | INFO: Extracting primitive: Broken woodland branch
12:01:01 | INFO: Primitives created: 1
12:01:01 | INFO: Extracting primitive: Broken woodland branch.001
12:01:01 | INFO: Primitives created: 1
12:01:01 | INFO: Extracting primitive: Tree bark carved groove
12:01:01 | INFO: Primitives created: 1
12:01:01 | INFO: Extracting primitive: Tree bark carved groove.001
12:01:01 | INFO: Primitives created: 1
12:01:01 | INFO: Extracting primitive: Tree bark carved groove.002
12:01:01 | INFO: Primitives created: 1
12:01:01 | INFO: Extracting primitive: Tree buttress root
12:01:01 | INFO: Primitives created: 1
12:01:01 | INFO: Extracting primitive: Tree buttress root.001
12:01:01 | INFO: Primitives created: 1
12:01:01 | INFO: Extracting primitive: Tree buttress root.002
12:01:01 | INFO: Primitives created: 1
12:01:01 | INFO: Extracting primitive: Tree buttress root.003
12:01:01 | INFO: Primitives created: 1
12:01:01 | INFO: Extracting primitive: Tree buttress root.004
12:01:01 | INFO: Primitives created: 1
12:01:01 | INFO: Finished glTF 2.0 export in 1.104041337966919 s
00:05.550  blend            | Read blend: "/home/bart/.treehouse/odot-game-assets-86a3a5/2/odot-game-assets/sources/environment/hex_butterfly_glade.blend"

Exported environment/hex_bioluminescent_grove; source unchanged
12:01:01 | INFO: Starting glTF 2.0 export
12:01:01 | INFO: Extracting primitive: Angular mossy forest boulder
12:01:01 | INFO: Primitives created: 3
12:01:01 | INFO: Extracting primitive: Curled butterfly antenna
12:01:01 | INFO: Primitives created: 1
12:01:01 | INFO: Extracting primitive: Curled butterfly antenna.001
12:01:01 | INFO: Primitives created: 1
12:01:01 | INFO: Extracting primitive: Insect head
12:01:01 | INFO: Primitives created: 1
12:01:01 | INFO: Extracting primitive: Painted butterfly wing
12:01:01 | INFO: Primitives created: 2
12:01:01 | INFO: Extracting primitive: Painted butterfly wing.001
12:01:01 | INFO: Primitives created: 2
12:01:01 | INFO: Extracting primitive: Painted butterfly wing.002
12:01:01 | INFO: Primitives created: 2
12:01:01 | INFO: Extracting primitive: Painted butterfly wing.003
12:01:01 | INFO: Primitives created: 2
12:01:01 | INFO: Extracting primitive: Velvet insect abdomen
12:01:01 | INFO: Primitives created: 1
12:01:01 | INFO: Extracting primitive: Velvet insect thorax
12:01:01 | INFO: Primitives created: 1
12:01:01 | INFO: Extracting primitive: Curled butterfly antenna.002
12:01:01 | INFO: Primitives created: 1
12:01:01 | INFO: Extracting primitive: Curled butterfly antenna.003
12:01:01 | INFO: Primitives created: 1
12:01:01 | INFO: Extracting primitive: Insect head.001
12:01:01 | INFO: Primitives created: 1
12:01:01 | INFO: Extracting primitive: Painted butterfly wing.004
12:01:01 | INFO: Primitives created: 2
12:01:01 | INFO: Extracting primitive: Painted butterfly wing.005
12:01:01 | INFO: Primitives created: 2
12:01:01 | INFO: Extracting primitive: Painted butterfly wing.006
12:01:01 | INFO: Primitives created: 2
12:01:01 | INFO: Extracting primitive: Painted butterfly wing.007
12:01:01 | INFO: Primitives created: 2
12:01:01 | INFO: Extracting primitive: Velvet insect abdomen.001
12:01:01 | INFO: Primitives created: 1
12:01:01 | INFO: Extracting primitive: Velvet insect thorax.001
12:01:01 | INFO: Primitives created: 1
12:01:01 | INFO: Extracting primitive: Curled fern fiddlehead
12:01:01 | INFO: Primitives created: 1
12:01:01 | INFO: Extracting primitive: Fern central stem
12:01:01 | INFO: Primitives created: 1
12:01:01 | INFO: Extracting primitive: Fern central stem.001
12:01:01 | INFO: Primitives created: 1
12:01:01 | INFO: Extracting primitive: Fern central stem.002
12:01:01 | INFO: Primitives created: 1
12:01:01 | INFO: Extracting primitive: Fern central stem.003
12:01:01 | INFO: Primitives created: 1
12:01:01 | INFO: Extracting primitive: Fern central stem.004
12:01:01 | INFO: Primitives created: 1
12:01:01 | INFO: Extracting primitive: Fern central stem.005
12:01:01 | INFO: Primitives created: 1
12:01:01 | INFO: Extracting primitive: Fern leaflet
12:01:01 | INFO: Primitives created: 1
12:01:01 | INFO: Extracting primitive: Fern leaflet.001
12:01:01 | INFO: Primitives created: 1
12:01:01 | INFO: Extracting primitive: Fern leaflet.002
12:01:01 | INFO: Primitives created: 1
12:01:01 | INFO: Extracting primitive: Fern leaflet.003
12:01:01 | INFO: Primitives created: 1
12:01:01 | INFO: Extracting primitive: Fern leaflet.004
12:01:01 | INFO: Primitives created: 1
12:01:01 | INFO: Extracting primitive: Fern leaflet.005
12:01:01 | INFO: Primitives created: 1
12:01:01 | INFO: Extracting primitive: Fern leaflet.006
12:01:01 | INFO: Primitives created: 1
12:01:01 | INFO: Extracting primitive: Fern leaflet.007
12:01:01 | INFO: Primitives created: 1
12:01:01 | INFO: Extracting primitive: Fern leaflet.008
12:01:01 | INFO: Primitives created: 1
12:01:01 | INFO: Extracting primitive: Fern leaflet.009
12:01:01 | INFO: Primitives created: 1
12:01:01 | INFO: Extracting primitive: Fern leaflet.010
12:01:01 | INFO: Primitives created: 1
12:01:01 | INFO: Extracting primitive: Fern leaflet.011
12:01:01 | INFO: Primitives created: 1
12:01:01 | INFO: Extracting primitive: Fern leaflet.012
12:01:01 | INFO: Primitives created: 1
12:01:01 | INFO: Extracting primitive: Fern leaflet.013
12:01:01 | INFO: Primitives created: 1
12:01:01 | INFO: Extracting primitive: Fern leaflet.014
12:01:01 | INFO: Primitives created: 1
12:01:01 | INFO: Extracting primitive: Fern leaflet.015
12:01:01 | INFO: Primitives created: 1
12:01:01 | INFO: Extracting primitive: Fern leaflet.016
12:01:01 | INFO: Primitives created: 1
12:01:01 | INFO: Extracting primitive: Fern leaflet.017
12:01:01 | INFO: Primitives created: 1
12:01:01 | INFO: Extracting primitive: Fern leaflet.018
12:01:01 | INFO: Primitives created: 1
12:01:01 | INFO: Extracting primitive: Fern leaflet.019
12:01:01 | INFO: Primitives created: 1
12:01:01 | INFO: Extracting primitive: Fern leaflet.020
12:01:01 | INFO: Primitives created: 1
12:01:01 | INFO: Extracting primitive: Fern leaflet.021
12:01:01 | INFO: Primitives created: 1
12:01:01 | INFO: Extracting primitive: Fern leaflet.022
12:01:01 | INFO: Primitives created: 1
12:01:01 | INFO: Extracting primitive: Fern leaflet.023
12:01:01 | INFO: Primitives created: 1
12:01:01 | INFO: Extracting primitive: Fern leaflet.024
12:01:01 | INFO: Primitives created: 1
12:01:01 | INFO: Extracting primitive: Fern leaflet.025
12:01:01 | INFO: Primitives created: 1
12:01:01 | INFO: Extracting primitive: Fern leaflet.026
12:01:01 | INFO: Primitives created: 1
12:01:01 | INFO: Extracting primitive: Fern leaflet.027
12:01:01 | INFO: Primitives created: 1
12:01:01 | INFO: Extracting primitive: Fern leaflet.028
12:01:01 | INFO: Primitives created: 1
12:01:01 | INFO: Extracting primitive: Fern leaflet.029
12:01:01 | INFO: Primitives created: 1
12:01:01 | INFO: Extracting primitive: Fern leaflet.030
12:01:01 | INFO: Primitives created: 1
12:01:01 | INFO: Extracting primitive: Fern leaflet.031
12:01:01 | INFO: Primitives created: 1
12:01:01 | INFO: Extracting primitive: Fern leaflet.032
12:01:01 | INFO: Primitives created: 1
12:01:01 | INFO: Extracting primitive: Fern leaflet.033
12:01:01 | INFO: Primitives created: 1
12:01:01 | INFO: Extracting primitive: Fern leaflet.034
12:01:01 | INFO: Primitives created: 1
12:01:01 | INFO: Extracting primitive: Fern leaflet.035
12:01:01 | INFO: Primitives created: 1
12:01:01 | INFO: Extracting primitive: Fern leaflet.036
12:01:01 | INFO: Primitives created: 1
12:01:01 | INFO: Extracting primitive: Fern leaflet.037
12:01:01 | INFO: Primitives created: 1
12:01:01 | INFO: Extracting primitive: Fern leaflet.038
12:01:01 | INFO: Primitives created: 1
12:01:01 | INFO: Extracting primitive: Fern leaflet.039
12:01:01 | INFO: Primitives created: 1
12:01:01 | INFO: Extracting primitive: Fern leaflet.040
12:01:01 | INFO: Primitives created: 1
12:01:01 | INFO: Extracting primitive: Fern leaflet.041
12:01:01 | INFO: Primitives created: 1
12:01:01 | INFO: Extracting primitive: Fern leaflet.042
12:01:01 | INFO: Primitives created: 1
12:01:01 | INFO: Extracting primitive: Fern leaflet.043
12:01:01 | INFO: Primitives created: 1
12:01:01 | INFO: Extracting primitive: Fern leaflet.044
12:01:01 | INFO: Primitives created: 1
12:01:01 | INFO: Extracting primitive: Fern leaflet.045
12:01:01 | INFO: Primitives created: 1
12:01:01 | INFO: Extracting primitive: Fern leaflet.046
12:01:01 | INFO: Primitives created: 1
12:01:01 | INFO: Extracting primitive: Fern leaflet.047
12:01:01 | INFO: Primitives created: 1
12:01:01 | INFO: Extracting primitive: Fern unfolding leaf tip
12:01:01 | INFO: Primitives created: 1
12:01:01 | INFO: Extracting primitive: Fern unfolding leaf tip.001
12:01:01 | INFO: Primitives created: 1
12:01:01 | INFO: Extracting primitive: Fine grasses around dreaming forest contacts
12:01:01 | INFO: Primitives created: 1
12:01:01 | INFO: Extracting primitive: Standard hex earth layer
12:01:01 | INFO: Primitives created: 1
12:01:01 | INFO: Extracting primitive: Standard hex meadow top
12:01:01 | INFO: Primitives created: 1
12:01:01 | INFO: Extracting primitive: Standard hex stone foundation
12:01:01 | INFO: Primitives created: 1
12:01:01 | INFO: Extracting primitive: Thin meadow rim shadow
12:01:01 | INFO: Primitives created: 1
12:01:01 | INFO: Extracting primitive: Thin meadow rim shadow.001
12:01:01 | INFO: Primitives created: 1
12:01:01 | INFO: Extracting primitive: Thin meadow rim shadow.002
12:01:01 | INFO: Primitives created: 1
12:01:01 | INFO: Extracting primitive: Thin meadow rim shadow.003
12:01:01 | INFO: Primitives created: 1
12:01:01 | INFO: Extracting primitive: Thin meadow rim shadow.004
12:01:01 | INFO: Primitives created: 1
12:01:01 | INFO: Extracting primitive: Thin meadow rim shadow.005
12:01:01 | INFO: Primitives created: 1
12:01:01 | INFO: Extracting primitive: Curled lantern flower stem
12:01:01 | INFO: Primitives created: 1
12:01:01 | INFO: Extracting primitive: Hanging lilac lantern petal
12:01:02 | INFO: Primitives created: 1
12:01:02 | INFO: Extracting primitive: Hanging lilac lantern petal.001
12:01:02 | INFO: Primitives created: 1
12:01:02 | INFO: Extracting primitive: Hanging lilac lantern petal.002
12:01:02 | INFO: Primitives created: 1
12:01:02 | INFO: Extracting primitive: Hanging lilac lantern petal.003
12:01:02 | INFO: Primitives created: 1
12:01:02 | INFO: Extracting primitive: Hanging lilac lantern petal.004
12:01:02 | INFO: Primitives created: 1
12:01:02 | INFO: Extracting primitive: Lantern flower broad leaf
12:01:02 | INFO: Primitives created: 1
12:01:02 | INFO: Extracting primitive: Lantern flower broad leaf.001
12:01:02 | INFO: Primitives created: 1
12:01:02 | INFO: Extracting primitive: Lantern flower warm heart
12:01:02 | INFO: Primitives created: 1
12:01:02 | INFO: Extracting primitive: Broad woodland leaf
12:01:02 | INFO: Primitives created: 1
12:01:02 | INFO: Extracting primitive: Broad woodland leaf.001
12:01:02 | INFO: Primitives created: 1
12:01:02 | INFO: Extracting primitive: Broad woodland leaf.002
12:01:02 | INFO: Primitives created: 1
12:01:02 | INFO: Extracting primitive: Broad woodland leaf.003
12:01:02 | INFO: Primitives created: 1
12:01:02 | INFO: Extracting primitive: Broad woodland leaf.004
12:01:02 | INFO: Primitives created: 1
12:01:02 | INFO: Extracting primitive: Broad woodland leaf.005
12:01:02 | INFO: Primitives created: 1
12:01:02 | INFO: Extracting primitive: Curled butterfly antenna.004
12:01:02 | INFO: Primitives created: 1
12:01:02 | INFO: Extracting primitive: Curled butterfly antenna.005
12:01:02 | INFO: Primitives created: 1
12:01:02 | INFO: Extracting primitive: Insect head.002
12:01:02 | INFO: Primitives created: 1
12:01:02 | INFO: Extracting primitive: Painted butterfly wing.008
12:01:02 | INFO: Primitives created: 2
12:01:02 | INFO: Extracting primitive: Painted butterfly wing.009
12:01:02 | INFO: Primitives created: 2
12:01:02 | INFO: Extracting primitive: Painted butterfly wing.010
12:01:02 | INFO: Primitives created: 2
12:01:02 | INFO: Extracting primitive: Painted butterfly wing.011
12:01:02 | INFO: Primitives created: 2
12:01:02 | INFO: Extracting primitive: Velvet insect abdomen.002
12:01:02 | INFO: Primitives created: 1
12:01:02 | INFO: Extracting primitive: Velvet insect thorax.002
12:01:02 | INFO: Primitives created: 1
12:01:02 | INFO: Extracting primitive: Moss tiny sprouting mound
12:01:02 | INFO: Primitives created: 1
12:01:02 | INFO: Extracting primitive: Moss tiny sprouting mound.001
12:01:02 | INFO: Primitives created: 1
12:01:02 | INFO: Extracting primitive: Moss tiny sprouting mound.002
12:01:02 | INFO: Primitives created: 1
12:01:02 | INFO: Extracting primitive: Soft moss patch
12:01:02 | INFO: Primitives created: 1
12:01:02 | INFO: Extracting primitive: Soft moss patch.001
12:01:02 | INFO: Primitives created: 1
12:01:02 | INFO: Extracting primitive: Soft moss patch.002
12:01:02 | INFO: Primitives created: 1
12:01:02 | INFO: Extracting primitive: Bioluminescent cap spot.008
12:01:02 | INFO: Primitives created: 1
12:01:02 | INFO: Extracting primitive: Bioluminescent cap spot.009
12:01:02 | INFO: Primitives created: 1
12:01:02 | INFO: Extracting primitive: Bioluminescent cap spot.010
12:01:02 | INFO: Primitives created: 1
12:01:02 | INFO: Extracting primitive: Bioluminescent cap spot.011
12:01:02 | INFO: Primitives created: 1
12:01:02 | INFO: Extracting primitive: Bioluminescent cap spot.012
12:01:02 | INFO: Primitives created: 1
12:01:02 | INFO: Extracting primitive: Bioluminescent cap spot.013
12:01:02 | INFO: Primitives created: 1
12:01:02 | INFO: Extracting primitive: Bioluminescent cap spot.014
12:01:02 | INFO: Primitives created: 1
12:01:02 | INFO: Extracting primitive: Bioluminescent cap spot.015
12:01:02 | INFO: Primitives created: 1
12:01:02 | INFO: Extracting primitive: Broad faceted mushroom cap.001
12:01:02 | INFO: Primitives created: 1
12:01:02 | INFO: Extracting primitive: Curving luminous mushroom stem.001
12:01:02 | INFO: Primitives created: 1
12:01:02 | INFO: Extracting primitive: Luminous cap underside.001
12:01:02 | INFO: Primitives created: 1
12:01:02 | INFO: Extracting primitive: Mushroom radial gill.012
12:01:02 | INFO: Primitives created: 1
12:01:02 | INFO: Extracting primitive: Mushroom radial gill.013
12:01:02 | INFO: Primitives created: 1
12:01:02 | INFO: Extracting primitive: Mushroom radial gill.014
12:01:02 | INFO: Primitives created: 1
12:01:02 | INFO: Extracting primitive: Mushroom radial gill.015
12:01:02 | INFO: Primitives created: 1
12:01:02 | INFO: Extracting primitive: Mushroom radial gill.016
12:01:02 | INFO: Primitives created: 1
12:01:02 | INFO: Extracting primitive: Mushroom radial gill.017
12:01:02 | INFO: Primitives created: 1
12:01:02 | INFO: Extracting primitive: Mushroom radial gill.018
12:01:02 | INFO: Primitives created: 1
12:01:02 | INFO: Extracting primitive: Mushroom radial gill.019
12:01:02 | INFO: Primitives created: 1
12:01:02 | INFO: Extracting primitive: Mushroom radial gill.020
12:01:02 | INFO: Primitives created: 1
12:01:02 | INFO: Extracting primitive: Mushroom radial gill.021
12:01:02 | INFO: Primitives created: 1
12:01:02 | INFO: Extracting primitive: Mushroom radial gill.022
12:01:02 | INFO: Primitives created: 1
12:01:02 | INFO: Extracting primitive: Mushroom radial gill.023
12:01:02 | INFO: Primitives created: 1
12:01:02 | INFO: Extracting primitive: Tiny floating glow spore.003
12:01:02 | INFO: Primitives created: 1
12:01:02 | INFO: Extracting primitive: Tiny floating glow spore.004
12:01:02 | INFO: Primitives created: 1
12:01:02 | INFO: Extracting primitive: Tiny floating glow spore.005
12:01:02 | INFO: Primitives created: 1
12:01:02 | INFO: Extracting primitive: Bioluminescent cap spot.016
12:01:02 | INFO: Primitives created: 1
12:01:02 | INFO: Extracting primitive: Bioluminescent cap spot.017
12:01:02 | INFO: Primitives created: 1
12:01:02 | INFO: Extracting primitive: Bioluminescent cap spot.018
12:01:02 | INFO: Primitives created: 1
12:01:02 | INFO: Extracting primitive: Bioluminescent cap spot.019
12:01:02 | INFO: Primitives created: 1
12:01:02 | INFO: Extracting primitive: Bioluminescent cap spot.020
12:01:02 | INFO: Primitives created: 1
12:01:02 | INFO: Extracting primitive: Bioluminescent cap spot.021
12:01:02 | INFO: Primitives created: 1
12:01:02 | INFO: Extracting primitive: Bioluminescent cap spot.022
12:01:02 | INFO: Primitives created: 1
12:01:02 | INFO: Extracting primitive: Bioluminescent cap spot.023
12:01:02 | INFO: Primitives created: 1
12:01:02 | INFO: Extracting primitive: Broad faceted mushroom cap.002
12:01:02 | INFO: Primitives created: 1
12:01:02 | INFO: Extracting primitive: Curving luminous mushroom stem.002
12:01:02 | INFO: Primitives created: 1
12:01:02 | INFO: Extracting primitive: Luminous cap underside.002
12:01:02 | INFO: Primitives created: 1
12:01:02 | INFO: Extracting primitive: Mushroom radial gill.024
12:01:02 | INFO: Primitives created: 1
12:01:02 | INFO: Extracting primitive: Mushroom radial gill.025
12:01:02 | INFO: Primitives created: 1
12:01:02 | INFO: Extracting primitive: Mushroom radial gill.026
12:01:02 | INFO: Primitives created: 1
12:01:02 | INFO: Extracting primitive: Mushroom radial gill.027
12:01:02 | INFO: Primitives created: 1
12:01:02 | INFO: Extracting primitive: Mushroom radial gill.028
12:01:02 | INFO: Primitives created: 1
12:01:02 | INFO: Extracting primitive: Mushroom radial gill.029
12:01:02 | INFO: Primitives created: 1
12:01:02 | INFO: Extracting primitive: Mushroom radial gill.030
12:01:02 | INFO: Primitives created: 1
12:01:02 | INFO: Extracting primitive: Mushroom radial gill.031
12:01:02 | INFO: Primitives created: 1
12:01:02 | INFO: Extracting primitive: Mushroom radial gill.032
12:01:02 | INFO: Primitives created: 1
12:01:02 | INFO: Extracting primitive: Mushroom radial gill.033
12:01:02 | INFO: Primitives created: 1
12:01:02 | INFO: Extracting primitive: Mushroom radial gill.034
12:01:02 | INFO: Primitives created: 1
12:01:02 | INFO: Extracting primitive: Mushroom radial gill.035
12:01:02 | INFO: Primitives created: 1
12:01:02 | INFO: Extracting primitive: Mushroom translucent stem groove.020
12:01:02 | INFO: Primitives created: 1
12:01:02 | INFO: Extracting primitive: Mushroom translucent stem groove.021
12:01:02 | INFO: Primitives created: 1
12:01:02 | INFO: Extracting primitive: Mushroom translucent stem groove.022
12:01:02 | INFO: Primitives created: 1
12:01:02 | INFO: Extracting primitive: Mushroom translucent stem groove.023
12:01:02 | INFO: Primitives created: 1
12:01:02 | INFO: Extracting primitive: Mushroom translucent stem groove.024
12:01:02 | INFO: Primitives created: 1
12:01:02 | INFO: Extracting primitive: Mushroom translucent stem groove.025
12:01:02 | INFO: Primitives created: 1
12:01:02 | INFO: Extracting primitive: Mushroom translucent stem groove.026
12:01:02 | INFO: Primitives created: 1
12:01:02 | INFO: Extracting primitive: Mushroom translucent stem groove.027
12:01:02 | INFO: Primitives created: 1
12:01:02 | INFO: Extracting primitive: Mushroom translucent stem groove.028
12:01:02 | INFO: Primitives created: 1
12:01:02 | INFO: Extracting primitive: Mushroom translucent stem groove.029
12:01:02 | INFO: Primitives created: 1
12:01:02 | INFO: Extracting primitive: Tiny floating glow spore.006
12:01:02 | INFO: Primitives created: 1
12:01:02 | INFO: Extracting primitive: Tiny floating glow spore.007
12:01:02 | INFO: Primitives created: 1
12:01:02 | INFO: Extracting primitive: Tiny floating glow spore.008
12:01:02 | INFO: Primitives created: 1
12:01:02 | INFO: Extracting primitive: Dream fern curled frond
12:01:02 | INFO: Primitives created: 1
12:01:02 | INFO: Extracting primitive: Dream fern curled frond.001
12:01:02 | INFO: Primitives created: 1
12:01:02 | INFO: Extracting primitive: Dream fern curled frond.002
12:01:02 | INFO: Primitives created: 1
12:01:02 | INFO: Extracting primitive: Dream fern teal leaflet
12:01:02 | INFO: Primitives created: 1
12:01:02 | INFO: Extracting primitive: Dream fern teal leaflet.001
12:01:02 | INFO: Primitives created: 1
12:01:02 | INFO: Extracting primitive: Dream fern teal leaflet.002
12:01:02 | INFO: Primitives created: 1
12:01:02 | INFO: Extracting primitive: Dream fern teal leaflet.003
12:01:02 | INFO: Primitives created: 1
12:01:02 | INFO: Extracting primitive: Dream fern teal leaflet.004
12:01:02 | INFO: Primitives created: 1
12:01:02 | INFO: Extracting primitive: Dream fern teal leaflet.005
12:01:02 | INFO: Primitives created: 1
12:01:02 | INFO: Extracting primitive: Dream fern teal leaflet.006
12:01:02 | INFO: Primitives created: 1
12:01:02 | INFO: Extracting primitive: Dream fern teal leaflet.007
12:01:02 | INFO: Primitives created: 1
12:01:02 | INFO: Extracting primitive: Dream fern teal leaflet.008
12:01:02 | INFO: Primitives created: 1
12:01:02 | INFO: Extracting primitive: Dream fern teal leaflet.009
12:01:02 | INFO: Primitives created: 1
12:01:02 | INFO: Extracting primitive: Dream fern teal leaflet.010
12:01:02 | INFO: Primitives created: 1
12:01:02 | INFO: Extracting primitive: Dream fern teal leaflet.011
12:01:02 | INFO: Primitives created: 1
12:01:02 | INFO: Extracting primitive: Dream fern teal leaflet.012
12:01:02 | INFO: Primitives created: 1
12:01:02 | INFO: Extracting primitive: Dream fern teal leaflet.013
12:01:02 | INFO: Primitives created: 1
12:01:02 | INFO: Extracting primitive: Dream fern teal leaflet.014
12:01:02 | INFO: Primitives created: 1
12:01:02 | INFO: Extracting primitive: Dream fern teal leaflet.015
12:01:02 | INFO: Primitives created: 1
12:01:02 | INFO: Extracting primitive: Dream fern teal leaflet.016
12:01:02 | INFO: Primitives created: 1
12:01:02 | INFO: Extracting primitive: Dream fern teal leaflet.017
12:01:02 | INFO: Primitives created: 1
12:01:02 | INFO: Extracting primitive: Dream willow arching branch
12:01:02 | INFO: Primitives created: 1
12:01:02 | INFO: Extracting primitive: Dream willow arching branch.001
12:01:02 | INFO: Primitives created: 1
12:01:02 | INFO: Extracting primitive: Dream willow coiling trunk
12:01:02 | INFO: Primitives created: 1
12:01:02 | INFO: Extracting primitive: Drooping teal willow leaf
12:01:02 | INFO: Primitives created: 1
12:01:02 | INFO: Extracting primitive: Drooping teal willow leaf.001
12:01:02 | INFO: Primitives created: 1
12:01:02 | INFO: Extracting primitive: Drooping teal willow leaf.002
12:01:02 | INFO: Primitives created: 1
12:01:02 | INFO: Extracting primitive: Drooping teal willow leaf.003
12:01:02 | INFO: Primitives created: 1
12:01:02 | INFO: Extracting primitive: Drooping teal willow leaf.004
12:01:02 | INFO: Primitives created: 1
12:01:02 | INFO: Extracting primitive: Drooping teal willow leaf.005
12:01:02 | INFO: Primitives created: 1
12:01:02 | INFO: Extracting primitive: Drooping teal willow leaf.006
12:01:02 | INFO: Primitives created: 1
12:01:02 | INFO: Extracting primitive: Drooping teal willow leaf.007
12:01:02 | INFO: Primitives created: 1
12:01:02 | INFO: Extracting primitive: Drooping teal willow leaf.008
12:01:02 | INFO: Primitives created: 1
12:01:02 | INFO: Extracting primitive: Drooping teal willow leaf.009
12:01:02 | INFO: Primitives created: 1
12:01:02 | INFO: Extracting primitive: Drooping teal willow leaf.010
12:01:02 | INFO: Primitives created: 1
12:01:02 | INFO: Extracting primitive: Drooping teal willow leaf.011
12:01:02 | INFO: Primitives created: 1
12:01:02 | INFO: Extracting primitive: Drooping teal willow leaf.012
12:01:02 | INFO: Primitives created: 1
12:01:02 | INFO: Extracting primitive: Drooping teal willow leaf.013
12:01:02 | INFO: Primitives created: 1
12:01:02 | INFO: Extracting primitive: Drooping teal willow leaf.014
12:01:02 | INFO: Primitives created: 1
12:01:02 | INFO: Extracting primitive: Drooping teal willow leaf.015
12:01:02 | INFO: Primitives created: 1
12:01:02 | INFO: Extracting primitive: Drooping teal willow leaf.016
12:01:02 | INFO: Primitives created: 1
12:01:02 | INFO: Extracting primitive: Drooping teal willow leaf.017
12:01:02 | INFO: Primitives created: 1
12:01:02 | INFO: Extracting primitive: Drooping teal willow leaf.018
12:01:02 | INFO: Primitives created: 1
12:01:02 | INFO: Extracting primitive: Drooping teal willow leaf.019
12:01:02 | INFO: Primitives created: 1
12:01:02 | INFO: Extracting primitive: Drooping teal willow leaf.020
12:01:02 | INFO: Primitives created: 1
12:01:02 | INFO: Extracting primitive: Drooping teal willow leaf.021
12:01:02 | INFO: Primitives created: 1
12:01:02 | INFO: Extracting primitive: Drooping teal willow leaf.022
12:01:02 | INFO: Primitives created: 1
12:01:02 | INFO: Extracting primitive: Drooping teal willow leaf.023
12:01:02 | INFO: Primitives created: 1
12:01:02 | INFO: Extracting primitive: Spiral crown lilac leaf
12:01:02 | INFO: Primitives created: 1
12:01:02 | INFO: Extracting primitive: Spiral crown lilac leaf.001
12:01:02 | INFO: Primitives created: 1
12:01:02 | INFO: Extracting primitive: Spiral crown lilac leaf.002
12:01:02 | INFO: Primitives created: 1
12:01:02 | INFO: Extracting primitive: Spiral crown lilac leaf.003
12:01:02 | INFO: Primitives created: 1
12:01:02 | INFO: Extracting primitive: Spiral crown lilac leaf.004
12:01:02 | INFO: Primitives created: 1
12:01:02 | INFO: Extracting primitive: Spiral crown lilac leaf.005
12:01:02 | INFO: Primitives created: 1
12:01:02 | INFO: Extracting primitive: Spiral crown lilac leaf.006
12:01:02 | INFO: Primitives created: 1
12:01:02 | INFO: Extracting primitive: Splayed dreaming tree root.005
12:01:02 | INFO: Primitives created: 1
12:01:02 | INFO: Extracting primitive: Splayed dreaming tree root.006
12:01:02 | INFO: Primitives created: 1
12:01:02 | INFO: Extracting primitive: Splayed dreaming tree root.007
12:01:02 | INFO: Primitives created: 1
12:01:02 | INFO: Extracting primitive: Splayed dreaming tree root.008
12:01:02 | INFO: Primitives created: 1
12:01:02 | INFO: Extracting primitive: Splayed dreaming tree root.009
12:01:02 | INFO: Primitives created: 1
12:01:02 | INFO: Extracting primitive: Willow hanging tendril
12:01:02 | INFO: Primitives created: 1
12:01:02 | INFO: Extracting primitive: Willow hanging tendril.001
12:01:02 | INFO: Primitives created: 1
12:01:02 | INFO: Extracting primitive: Willow hanging tendril.002
12:01:02 | INFO: Primitives created: 1
12:01:02 | INFO: Extracting primitive: Willow hanging tendril.003
12:01:02 | INFO: Primitives created: 1
12:01:02 | INFO: Extracting primitive: Willow hanging tendril.004
12:01:02 | INFO: Primitives created: 1
12:01:02 | INFO: Extracting primitive: Willow hanging tendril.005
12:01:02 | INFO: Primitives created: 1
12:01:02 | INFO: Extracting primitive: Willow hanging tendril.006
12:01:02 | INFO: Primitives created: 1
12:01:02 | INFO: Extracting primitive: Willow hanging tendril.007
12:01:02 | INFO: Primitives created: 1
12:01:02 | INFO: Extracting primitive: Willow luminous seed
12:01:02 | INFO: Primitives created: 1
12:01:02 | INFO: Extracting primitive: Willow luminous seed.001
12:01:02 | INFO: Primitives created: 1
12:01:02 | INFO: Extracting primitive: Willow luminous seed.002
12:01:02 | INFO: Primitives created: 1
12:01:02 | INFO: Extracting primitive: Willow luminous seed.003
12:01:02 | INFO: Primitives created: 1
12:01:02 | INFO: Extracting primitive: Willow luminous seed.004
12:01:02 | INFO: Primitives created: 1
12:01:02 | INFO: Extracting primitive: Willow luminous seed.005
12:01:02 | INFO: Primitives created: 1
12:01:02 | INFO: Extracting primitive: Willow luminous seed.006
12:01:02 | INFO: Primitives created: 1
12:01:02 | INFO: Extracting primitive: Willow luminous seed.007
12:01:02 | INFO: Primitives created: 1
12:01:02 | INFO: Finished glTF 2.0 export in 1.0502982139587402 s
00:06.745  blend            | Read blend: "/home/bart/.treehouse/odot-game-assets-86a3a5/2/odot-game-assets/sources/environment/hex_crystal_grove.blend"

Exported environment/hex_butterfly_glade; source unchanged
12:01:02 | INFO: Starting glTF 2.0 export
12:01:02 | INFO: Extracting primitive: Angular mossy forest boulder
12:01:02 | INFO: Primitives created: 3
12:01:02 | INFO: Extracting primitive: Broad woodland leaf
12:01:02 | INFO: Primitives created: 1
12:01:02 | INFO: Extracting primitive: Broad woodland leaf.001
12:01:02 | INFO: Primitives created: 1
12:01:02 | INFO: Extracting primitive: Broad woodland leaf.002
12:01:02 | INFO: Primitives created: 1
12:01:02 | INFO: Extracting primitive: Broad woodland leaf.003
12:01:02 | INFO: Primitives created: 1
12:01:02 | INFO: Extracting primitive: Broad woodland leaf.004
12:01:02 | INFO: Primitives created: 1
12:01:02 | INFO: Extracting primitive: Broad woodland leaf.005
12:01:02 | INFO: Primitives created: 1
12:01:02 | INFO: Extracting primitive: Moss tiny sprouting mound
12:01:02 | INFO: Primitives created: 1
12:01:02 | INFO: Extracting primitive: Moss tiny sprouting mound.001
12:01:02 | INFO: Primitives created: 1
12:01:02 | INFO: Extracting primitive: Moss tiny sprouting mound.002
12:01:02 | INFO: Primitives created: 1
12:01:02 | INFO: Extracting primitive: Soft moss patch
12:01:03 | INFO: Primitives created: 1
12:01:03 | INFO: Extracting primitive: Soft moss patch.001
12:01:03 | INFO: Primitives created: 1
12:01:03 | INFO: Extracting primitive: Soft moss patch.002
12:01:03 | INFO: Primitives created: 1
12:01:03 | INFO: Extracting primitive: Faceted magical crystal
12:01:03 | INFO: Primitives created: 3
12:01:03 | INFO: Extracting primitive: Faceted magical crystal.001
12:01:03 | INFO: Primitives created: 2
12:01:03 | INFO: Extracting primitive: Curled fern fiddlehead
12:01:03 | INFO: Primitives created: 1
12:01:03 | INFO: Extracting primitive: Fern central stem
12:01:03 | INFO: Primitives created: 1
12:01:03 | INFO: Extracting primitive: Fern central stem.001
12:01:03 | INFO: Primitives created: 1
12:01:03 | INFO: Extracting primitive: Fern central stem.002
12:01:03 | INFO: Primitives created: 1
12:01:03 | INFO: Extracting primitive: Fern central stem.003
12:01:03 | INFO: Primitives created: 1
12:01:03 | INFO: Extracting primitive: Fern central stem.004
12:01:03 | INFO: Primitives created: 1
12:01:03 | INFO: Extracting primitive: Fern central stem.005
12:01:03 | INFO: Primitives created: 1
12:01:03 | INFO: Extracting primitive: Fern leaflet
12:01:03 | INFO: Primitives created: 1
12:01:03 | INFO: Extracting primitive: Fern leaflet.001
12:01:03 | INFO: Primitives created: 1
12:01:03 | INFO: Extracting primitive: Fern leaflet.002
12:01:03 | INFO: Primitives created: 1
12:01:03 | INFO: Extracting primitive: Fern leaflet.003
12:01:03 | INFO: Primitives created: 1
12:01:03 | INFO: Extracting primitive: Fern leaflet.004
12:01:03 | INFO: Primitives created: 1
12:01:03 | INFO: Extracting primitive: Fern leaflet.005
12:01:03 | INFO: Primitives created: 1
12:01:03 | INFO: Extracting primitive: Fern leaflet.006
12:01:03 | INFO: Primitives created: 1
12:01:03 | INFO: Extracting primitive: Fern leaflet.007
12:01:03 | INFO: Primitives created: 1
12:01:03 | INFO: Extracting primitive: Fern leaflet.008
12:01:03 | INFO: Primitives created: 1
12:01:03 | INFO: Extracting primitive: Fern leaflet.009
12:01:03 | INFO: Primitives created: 1
12:01:03 | INFO: Extracting primitive: Fern leaflet.010
12:01:03 | INFO: Primitives created: 1
12:01:03 | INFO: Extracting primitive: Fern leaflet.011
12:01:03 | INFO: Primitives created: 1
12:01:03 | INFO: Extracting primitive: Fern leaflet.012
12:01:03 | INFO: Primitives created: 1
12:01:03 | INFO: Extracting primitive: Fern leaflet.013
12:01:03 | INFO: Primitives created: 1
12:01:03 | INFO: Extracting primitive: Fern leaflet.014
12:01:03 | INFO: Primitives created: 1
12:01:03 | INFO: Extracting primitive: Fern leaflet.015
12:01:03 | INFO: Primitives created: 1
12:01:03 | INFO: Extracting primitive: Fern leaflet.016
12:01:03 | INFO: Primitives created: 1
12:01:03 | INFO: Extracting primitive: Fern leaflet.017
12:01:03 | INFO: Primitives created: 1
12:01:03 | INFO: Extracting primitive: Fern leaflet.018
12:01:03 | INFO: Primitives created: 1
12:01:03 | INFO: Extracting primitive: Fern leaflet.019
12:01:03 | INFO: Primitives created: 1
12:01:03 | INFO: Extracting primitive: Fern leaflet.020
12:01:03 | INFO: Primitives created: 1
12:01:03 | INFO: Extracting primitive: Fern leaflet.021
12:01:03 | INFO: Primitives created: 1
12:01:03 | INFO: Extracting primitive: Fern leaflet.022
12:01:03 | INFO: Primitives created: 1
12:01:03 | INFO: Extracting primitive: Fern leaflet.023
12:01:03 | INFO: Primitives created: 1
12:01:03 | INFO: Extracting primitive: Fern leaflet.024
12:01:03 | INFO: Primitives created: 1
12:01:03 | INFO: Extracting primitive: Fern leaflet.025
12:01:03 | INFO: Primitives created: 1
12:01:03 | INFO: Extracting primitive: Fern leaflet.026
12:01:03 | INFO: Primitives created: 1
12:01:03 | INFO: Extracting primitive: Fern leaflet.027
12:01:03 | INFO: Primitives created: 1
12:01:03 | INFO: Extracting primitive: Fern leaflet.028
12:01:03 | INFO: Primitives created: 1
12:01:03 | INFO: Extracting primitive: Fern leaflet.029
12:01:03 | INFO: Primitives created: 1
12:01:03 | INFO: Extracting primitive: Fern leaflet.030
12:01:03 | INFO: Primitives created: 1
12:01:03 | INFO: Extracting primitive: Fern leaflet.031
12:01:03 | INFO: Primitives created: 1
12:01:03 | INFO: Extracting primitive: Fern leaflet.032
12:01:03 | INFO: Primitives created: 1
12:01:03 | INFO: Extracting primitive: Fern leaflet.033
12:01:03 | INFO: Primitives created: 1
12:01:03 | INFO: Extracting primitive: Fern leaflet.034
12:01:03 | INFO: Primitives created: 1
12:01:03 | INFO: Extracting primitive: Fern leaflet.035
12:01:03 | INFO: Primitives created: 1
12:01:03 | INFO: Extracting primitive: Fern leaflet.036
12:01:03 | INFO: Primitives created: 1
12:01:03 | INFO: Extracting primitive: Fern leaflet.037
12:01:03 | INFO: Primitives created: 1
12:01:03 | INFO: Extracting primitive: Fern leaflet.038
12:01:03 | INFO: Primitives created: 1
12:01:03 | INFO: Extracting primitive: Fern leaflet.039
12:01:03 | INFO: Primitives created: 1
12:01:03 | INFO: Extracting primitive: Fern leaflet.040
12:01:03 | INFO: Primitives created: 1
12:01:03 | INFO: Extracting primitive: Fern leaflet.041
12:01:03 | INFO: Primitives created: 1
12:01:03 | INFO: Extracting primitive: Fern leaflet.042
12:01:03 | INFO: Primitives created: 1
12:01:03 | INFO: Extracting primitive: Fern leaflet.043
12:01:03 | INFO: Primitives created: 1
12:01:03 | INFO: Extracting primitive: Fern leaflet.044
12:01:03 | INFO: Primitives created: 1
12:01:03 | INFO: Extracting primitive: Fern leaflet.045
12:01:03 | INFO: Primitives created: 1
12:01:03 | INFO: Extracting primitive: Fern leaflet.046
12:01:03 | INFO: Primitives created: 1
12:01:03 | INFO: Extracting primitive: Fern leaflet.047
12:01:03 | INFO: Primitives created: 1
12:01:03 | INFO: Extracting primitive: Fern unfolding leaf tip
12:01:03 | INFO: Primitives created: 1
12:01:03 | INFO: Extracting primitive: Fern unfolding leaf tip.001
12:01:03 | INFO: Primitives created: 1
12:01:03 | INFO: Extracting primitive: Fine scattered woodland grasses
12:01:03 | INFO: Primitives created: 1
12:01:03 | INFO: Extracting primitive: Flower center
12:01:03 | INFO: Primitives created: 1
12:01:03 | INFO: Extracting primitive: Flower center.001
12:01:03 | INFO: Primitives created: 1
12:01:03 | INFO: Extracting primitive: Flower center.002
12:01:03 | INFO: Primitives created: 1
12:01:03 | INFO: Extracting primitive: Flower petal
12:01:03 | INFO: Primitives created: 1
12:01:03 | INFO: Extracting primitive: Flower petal.001
12:01:03 | INFO: Primitives created: 1
12:01:03 | INFO: Extracting primitive: Flower petal.002
12:01:03 | INFO: Primitives created: 1
12:01:03 | INFO: Extracting primitive: Flower petal.003
12:01:03 | INFO: Primitives created: 1
12:01:03 | INFO: Extracting primitive: Flower petal.004
12:01:03 | INFO: Primitives created: 1
12:01:03 | INFO: Extracting primitive: Flower petal.005
12:01:03 | INFO: Primitives created: 1
12:01:03 | INFO: Extracting primitive: Flower petal.006
12:01:03 | INFO: Primitives created: 1
12:01:03 | INFO: Extracting primitive: Flower petal.007
12:01:03 | INFO: Primitives created: 1
12:01:03 | INFO: Extracting primitive: Flower petal.008
12:01:03 | INFO: Primitives created: 1
12:01:03 | INFO: Extracting primitive: Flower petal.009
12:01:03 | INFO: Primitives created: 1
12:01:03 | INFO: Extracting primitive: Flower petal.010
12:01:03 | INFO: Primitives created: 1
12:01:03 | INFO: Extracting primitive: Flower petal.011
12:01:03 | INFO: Primitives created: 1
12:01:03 | INFO: Extracting primitive: Flower petal.012
12:01:03 | INFO: Primitives created: 1
12:01:03 | INFO: Extracting primitive: Flower petal.013
12:01:03 | INFO: Primitives created: 1
12:01:03 | INFO: Extracting primitive: Flower petal.014
12:01:03 | INFO: Primitives created: 1
12:01:03 | INFO: Extracting primitive: Flower stem
12:01:03 | INFO: Primitives created: 1
12:01:03 | INFO: Extracting primitive: Flower stem.001
12:01:03 | INFO: Primitives created: 1
12:01:03 | INFO: Extracting primitive: Flower stem.002
12:01:03 | INFO: Primitives created: 1
12:01:03 | INFO: Extracting primitive: Standard hex earth layer
12:01:03 | INFO: Primitives created: 1
12:01:03 | INFO: Extracting primitive: Standard hex meadow top
12:01:03 | INFO: Primitives created: 1
12:01:03 | INFO: Extracting primitive: Standard hex stone foundation
12:01:03 | INFO: Primitives created: 1
12:01:03 | INFO: Extracting primitive: Thin meadow rim shadow
12:01:03 | INFO: Primitives created: 1
12:01:03 | INFO: Extracting primitive: Thin meadow rim shadow.001
12:01:03 | INFO: Primitives created: 1
12:01:03 | INFO: Extracting primitive: Thin meadow rim shadow.002
12:01:03 | INFO: Primitives created: 1
12:01:03 | INFO: Extracting primitive: Thin meadow rim shadow.003
12:01:03 | INFO: Primitives created: 1
12:01:03 | INFO: Extracting primitive: Thin meadow rim shadow.004
12:01:03 | INFO: Primitives created: 1
12:01:03 | INFO: Extracting primitive: Thin meadow rim shadow.005
12:01:03 | INFO: Primitives created: 1
12:01:03 | INFO: Extracting primitive: Bioluminescent cap spot
12:01:03 | INFO: Primitives created: 1
12:01:03 | INFO: Extracting primitive: Bioluminescent cap spot.001
12:01:03 | INFO: Primitives created: 1
12:01:03 | INFO: Extracting primitive: Bioluminescent cap spot.002
12:01:03 | INFO: Primitives created: 1
12:01:03 | INFO: Extracting primitive: Bioluminescent cap spot.003
12:01:03 | INFO: Primitives created: 1
12:01:03 | INFO: Extracting primitive: Bioluminescent cap spot.004
12:01:03 | INFO: Primitives created: 1
12:01:03 | INFO: Extracting primitive: Bioluminescent cap spot.005
12:01:03 | INFO: Primitives created: 1
12:01:03 | INFO: Extracting primitive: Bioluminescent cap spot.006
12:01:03 | INFO: Primitives created: 1
12:01:03 | INFO: Extracting primitive: Bioluminescent cap spot.007
12:01:03 | INFO: Primitives created: 1
12:01:03 | INFO: Extracting primitive: Broad faceted mushroom cap
12:01:03 | INFO: Primitives created: 1
12:01:03 | INFO: Extracting primitive: Curving luminous mushroom stem
12:01:03 | INFO: Primitives created: 1
12:01:03 | INFO: Extracting primitive: Luminous cap underside
12:01:03 | INFO: Primitives created: 1
12:01:03 | INFO: Extracting primitive: Mushroom radial gill
12:01:03 | INFO: Primitives created: 1
12:01:03 | INFO: Extracting primitive: Mushroom radial gill.001
12:01:03 | INFO: Primitives created: 1
12:01:03 | INFO: Extracting primitive: Mushroom radial gill.002
12:01:03 | INFO: Primitives created: 1
12:01:03 | INFO: Extracting primitive: Mushroom radial gill.003
12:01:03 | INFO: Primitives created: 1
12:01:03 | INFO: Extracting primitive: Mushroom radial gill.004
12:01:03 | INFO: Primitives created: 1
12:01:03 | INFO: Extracting primitive: Mushroom radial gill.005
12:01:03 | INFO: Primitives created: 1
12:01:03 | INFO: Extracting primitive: Mushroom radial gill.006
12:01:03 | INFO: Primitives created: 1
12:01:03 | INFO: Extracting primitive: Mushroom radial gill.007
12:01:03 | INFO: Primitives created: 1
12:01:03 | INFO: Extracting primitive: Mushroom radial gill.008
12:01:03 | INFO: Primitives created: 1
12:01:03 | INFO: Extracting primitive: Mushroom radial gill.009
12:01:03 | INFO: Primitives created: 1
12:01:03 | INFO: Extracting primitive: Mushroom radial gill.010
12:01:03 | INFO: Primitives created: 1
12:01:03 | INFO: Extracting primitive: Mushroom radial gill.011
12:01:03 | INFO: Primitives created: 1
12:01:03 | INFO: Extracting primitive: Tiny floating glow spore
12:01:03 | INFO: Primitives created: 1
12:01:03 | INFO: Extracting primitive: Tiny floating glow spore.001
12:01:03 | INFO: Primitives created: 1
12:01:03 | INFO: Extracting primitive: Tiny floating glow spore.002
12:01:03 | INFO: Primitives created: 1
12:01:03 | INFO: Extracting primitive: Bioluminescent cap spot.008
12:01:03 | INFO: Primitives created: 1
12:01:03 | INFO: Extracting primitive: Bioluminescent cap spot.009
12:01:03 | INFO: Primitives created: 1
12:01:03 | INFO: Extracting primitive: Bioluminescent cap spot.010
12:01:03 | INFO: Primitives created: 1
12:01:03 | INFO: Extracting primitive: Bioluminescent cap spot.011
12:01:03 | INFO: Primitives created: 1
12:01:03 | INFO: Extracting primitive: Bioluminescent cap spot.012
12:01:03 | INFO: Primitives created: 1
12:01:03 | INFO: Extracting primitive: Bioluminescent cap spot.013
12:01:03 | INFO: Primitives created: 1
12:01:03 | INFO: Extracting primitive: Bioluminescent cap spot.014
12:01:03 | INFO: Primitives created: 1
12:01:03 | INFO: Extracting primitive: Bioluminescent cap spot.015
12:01:03 | INFO: Primitives created: 1
12:01:03 | INFO: Extracting primitive: Broad faceted mushroom cap.001
12:01:03 | INFO: Primitives created: 1
12:01:03 | INFO: Extracting primitive: Curving luminous mushroom stem.001
12:01:03 | INFO: Primitives created: 1
12:01:03 | INFO: Extracting primitive: Luminous cap underside.001
12:01:03 | INFO: Primitives created: 1
12:01:03 | INFO: Extracting primitive: Mushroom radial gill.012
12:01:03 | INFO: Primitives created: 1
12:01:03 | INFO: Extracting primitive: Mushroom radial gill.013
12:01:03 | INFO: Primitives created: 1
12:01:03 | INFO: Extracting primitive: Mushroom radial gill.014
12:01:03 | INFO: Primitives created: 1
12:01:03 | INFO: Extracting primitive: Mushroom radial gill.015
12:01:03 | INFO: Primitives created: 1
12:01:03 | INFO: Extracting primitive: Mushroom radial gill.016
12:01:03 | INFO: Primitives created: 1
12:01:03 | INFO: Extracting primitive: Mushroom radial gill.017
12:01:03 | INFO: Primitives created: 1
12:01:03 | INFO: Extracting primitive: Mushroom radial gill.018
12:01:03 | INFO: Primitives created: 1
12:01:03 | INFO: Extracting primitive: Mushroom radial gill.019
12:01:03 | INFO: Primitives created: 1
12:01:03 | INFO: Extracting primitive: Mushroom radial gill.020
12:01:03 | INFO: Primitives created: 1
12:01:03 | INFO: Extracting primitive: Mushroom radial gill.021
12:01:03 | INFO: Primitives created: 1
12:01:03 | INFO: Extracting primitive: Mushroom radial gill.022
12:01:03 | INFO: Primitives created: 1
12:01:03 | INFO: Extracting primitive: Mushroom radial gill.023
12:01:03 | INFO: Primitives created: 1
12:01:03 | INFO: Extracting primitive: Tiny floating glow spore.003
12:01:03 | INFO: Primitives created: 1
12:01:03 | INFO: Extracting primitive: Tiny floating glow spore.004
12:01:03 | INFO: Primitives created: 1
12:01:03 | INFO: Extracting primitive: Tiny floating glow spore.005
12:01:03 | INFO: Primitives created: 1
12:01:03 | INFO: Extracting primitive: Bioluminescent cap spot.016
12:01:03 | INFO: Primitives created: 1
12:01:03 | INFO: Extracting primitive: Bioluminescent cap spot.017
12:01:03 | INFO: Primitives created: 1
12:01:03 | INFO: Extracting primitive: Bioluminescent cap spot.018
12:01:03 | INFO: Primitives created: 1
12:01:03 | INFO: Extracting primitive: Bioluminescent cap spot.019
12:01:03 | INFO: Primitives created: 1
12:01:03 | INFO: Extracting primitive: Bioluminescent cap spot.020
12:01:03 | INFO: Primitives created: 1
12:01:03 | INFO: Extracting primitive: Bioluminescent cap spot.021
12:01:03 | INFO: Primitives created: 1
12:01:03 | INFO: Extracting primitive: Bioluminescent cap spot.022
12:01:03 | INFO: Primitives created: 1
12:01:03 | INFO: Extracting primitive: Bioluminescent cap spot.023
12:01:03 | INFO: Primitives created: 1
12:01:03 | INFO: Extracting primitive: Broad faceted mushroom cap.002
12:01:03 | INFO: Primitives created: 1
12:01:03 | INFO: Extracting primitive: Curving luminous mushroom stem.002
12:01:03 | INFO: Primitives created: 1
12:01:03 | INFO: Extracting primitive: Luminous cap underside.002
12:01:03 | INFO: Primitives created: 1
12:01:03 | INFO: Extracting primitive: Mushroom radial gill.024
12:01:03 | INFO: Primitives created: 1
12:01:03 | INFO: Extracting primitive: Mushroom radial gill.025
12:01:03 | INFO: Primitives created: 1
12:01:03 | INFO: Extracting primitive: Mushroom radial gill.026
12:01:03 | INFO: Primitives created: 1
12:01:03 | INFO: Extracting primitive: Mushroom radial gill.027
12:01:03 | INFO: Primitives created: 1
12:01:03 | INFO: Extracting primitive: Mushroom radial gill.028
12:01:03 | INFO: Primitives created: 1
12:01:03 | INFO: Extracting primitive: Mushroom radial gill.029
12:01:03 | INFO: Primitives created: 1
12:01:03 | INFO: Extracting primitive: Mushroom radial gill.030
12:01:03 | INFO: Primitives created: 1
12:01:03 | INFO: Extracting primitive: Mushroom radial gill.031
12:01:03 | INFO: Primitives created: 1
12:01:03 | INFO: Extracting primitive: Mushroom radial gill.032
12:01:03 | INFO: Primitives created: 1
12:01:03 | INFO: Extracting primitive: Mushroom radial gill.033
12:01:03 | INFO: Primitives created: 1
12:01:03 | INFO: Extracting primitive: Mushroom radial gill.034
12:01:03 | INFO: Primitives created: 1
12:01:03 | INFO: Extracting primitive: Mushroom radial gill.035
12:01:03 | INFO: Primitives created: 1
12:01:03 | INFO: Extracting primitive: Mushroom translucent stem groove.020
12:01:03 | INFO: Primitives created: 1
12:01:03 | INFO: Extracting primitive: Mushroom translucent stem groove.021
12:01:03 | INFO: Primitives created: 1
12:01:03 | INFO: Extracting primitive: Mushroom translucent stem groove.022
12:01:03 | INFO: Primitives created: 1
12:01:03 | INFO: Extracting primitive: Mushroom translucent stem groove.023
12:01:03 | INFO: Primitives created: 1
12:01:03 | INFO: Extracting primitive: Mushroom translucent stem groove.024
12:01:03 | INFO: Primitives created: 1
12:01:03 | INFO: Extracting primitive: Mushroom translucent stem groove.025
12:01:03 | INFO: Primitives created: 1
12:01:03 | INFO: Extracting primitive: Mushroom translucent stem groove.026
12:01:03 | INFO: Primitives created: 1
12:01:03 | INFO: Extracting primitive: Mushroom translucent stem groove.027
12:01:03 | INFO: Primitives created: 1
12:01:03 | INFO: Extracting primitive: Mushroom translucent stem groove.028
12:01:03 | INFO: Primitives created: 1
12:01:03 | INFO: Extracting primitive: Mushroom translucent stem groove.029
12:01:03 | INFO: Primitives created: 1
12:01:03 | INFO: Extracting primitive: Tiny floating glow spore.006
12:01:03 | INFO: Primitives created: 1
12:01:03 | INFO: Extracting primitive: Tiny floating glow spore.007
12:01:03 | INFO: Primitives created: 1
12:01:03 | INFO: Extracting primitive: Tiny floating glow spore.008
12:01:03 | INFO: Primitives created: 1
12:01:03 | INFO: Extracting primitive: Glowing diamond rune
12:01:03 | INFO: Primitives created: 1
12:01:03 | INFO: Extracting primitive: Rune vertical stroke
12:01:03 | INFO: Primitives created: 1
12:01:03 | INFO: Extracting primitive: Weathered shrine monolith
12:01:03 | INFO: Primitives created: 2
12:01:04 | INFO: Finished glTF 2.0 export in 1.162550449371338 s
00:08.093  blend            | Read blend: "/home/bart/.treehouse/odot-game-assets-86a3a5/2/odot-game-assets/sources/environment/hex_crystal_shrine.blend"

Exported environment/hex_crystal_grove; source unchanged
12:01:04 | INFO: Starting glTF 2.0 export
12:01:04 | INFO: Extracting primitive: Angular mossy forest boulder.005
12:01:04 | INFO: Primitives created: 3
12:01:04 | INFO: Extracting primitive: Broad woodland leaf.030
12:01:04 | INFO: Primitives created: 1
12:01:04 | INFO: Extracting primitive: Broad woodland leaf.031
12:01:04 | INFO: Primitives created: 1
12:01:04 | INFO: Extracting primitive: Broad woodland leaf.032
12:01:04 | INFO: Primitives created: 1
12:01:04 | INFO: Extracting primitive: Broad woodland leaf.033
12:01:04 | INFO: Primitives created: 1
12:01:04 | INFO: Extracting primitive: Broad woodland leaf.034
12:01:04 | INFO: Primitives created: 1
12:01:04 | INFO: Extracting primitive: Broad woodland leaf.035
12:01:04 | INFO: Primitives created: 1
12:01:04 | INFO: Extracting primitive: Moss tiny sprouting mound.015
12:01:04 | INFO: Primitives created: 1
12:01:04 | INFO: Extracting primitive: Moss tiny sprouting mound.016
12:01:04 | INFO: Primitives created: 1
12:01:04 | INFO: Extracting primitive: Moss tiny sprouting mound.017
12:01:04 | INFO: Primitives created: 1
12:01:04 | INFO: Extracting primitive: Soft moss patch.015
12:01:04 | INFO: Primitives created: 1
12:01:04 | INFO: Extracting primitive: Soft moss patch.016
12:01:04 | INFO: Primitives created: 1
12:01:04 | INFO: Extracting primitive: Soft moss patch.017
12:01:04 | INFO: Primitives created: 1
12:01:04 | INFO: Extracting primitive: Faceted magical crystal.008
12:01:05 | INFO: Primitives created: 3
12:01:05 | INFO: Extracting primitive: Faceted magical crystal.009
12:01:05 | INFO: Primitives created: 2
12:01:05 | INFO: Extracting primitive: Curled fern fiddlehead.005
12:01:05 | INFO: Primitives created: 1
12:01:05 | INFO: Extracting primitive: Fern central stem.030
12:01:05 | INFO: Primitives created: 1
12:01:05 | INFO: Extracting primitive: Fern central stem.031
12:01:05 | INFO: Primitives created: 1
12:01:05 | INFO: Extracting primitive: Fern central stem.032
12:01:05 | INFO: Primitives created: 1
12:01:05 | INFO: Extracting primitive: Fern central stem.033
12:01:05 | INFO: Primitives created: 1
12:01:05 | INFO: Extracting primitive: Fern central stem.034
12:01:05 | INFO: Primitives created: 1
12:01:05 | INFO: Extracting primitive: Fern central stem.035
12:01:05 | INFO: Primitives created: 1
12:01:05 | INFO: Extracting primitive: Fern leaflet.240
12:01:05 | INFO: Primitives created: 1
12:01:05 | INFO: Extracting primitive: Fern leaflet.241
12:01:05 | INFO: Primitives created: 1
12:01:05 | INFO: Extracting primitive: Fern leaflet.242
12:01:05 | INFO: Primitives created: 1
12:01:05 | INFO: Extracting primitive: Fern leaflet.243
12:01:05 | INFO: Primitives created: 1
12:01:05 | INFO: Extracting primitive: Fern leaflet.244
12:01:05 | INFO: Primitives created: 1
12:01:05 | INFO: Extracting primitive: Fern leaflet.245
12:01:05 | INFO: Primitives created: 1
12:01:05 | INFO: Extracting primitive: Fern leaflet.246
12:01:05 | INFO: Primitives created: 1
12:01:05 | INFO: Extracting primitive: Fern leaflet.247
12:01:05 | INFO: Primitives created: 1
12:01:05 | INFO: Extracting primitive: Fern leaflet.248
12:01:05 | INFO: Primitives created: 1
12:01:05 | INFO: Extracting primitive: Fern leaflet.249
12:01:05 | INFO: Primitives created: 1
12:01:05 | INFO: Extracting primitive: Fern leaflet.250
12:01:05 | INFO: Primitives created: 1
12:01:05 | INFO: Extracting primitive: Fern leaflet.251
12:01:05 | INFO: Primitives created: 1
12:01:05 | INFO: Extracting primitive: Fern leaflet.252
12:01:05 | INFO: Primitives created: 1
12:01:05 | INFO: Extracting primitive: Fern leaflet.253
12:01:05 | INFO: Primitives created: 1
12:01:05 | INFO: Extracting primitive: Fern leaflet.254
12:01:05 | INFO: Primitives created: 1
12:01:05 | INFO: Extracting primitive: Fern leaflet.255
12:01:05 | INFO: Primitives created: 1
12:01:05 | INFO: Extracting primitive: Fern leaflet.256
12:01:05 | INFO: Primitives created: 1
12:01:05 | INFO: Extracting primitive: Fern leaflet.257
12:01:05 | INFO: Primitives created: 1
12:01:05 | INFO: Extracting primitive: Fern leaflet.258
12:01:05 | INFO: Primitives created: 1
12:01:05 | INFO: Extracting primitive: Fern leaflet.259
12:01:05 | INFO: Primitives created: 1
12:01:05 | INFO: Extracting primitive: Fern leaflet.260
12:01:05 | INFO: Primitives created: 1
12:01:05 | INFO: Extracting primitive: Fern leaflet.261
12:01:05 | INFO: Primitives created: 1
12:01:05 | INFO: Extracting primitive: Fern leaflet.262
12:01:05 | INFO: Primitives created: 1
12:01:05 | INFO: Extracting primitive: Fern leaflet.263
12:01:05 | INFO: Primitives created: 1
12:01:05 | INFO: Extracting primitive: Fern leaflet.264
12:01:05 | INFO: Primitives created: 1
12:01:05 | INFO: Extracting primitive: Fern leaflet.265
12:01:05 | INFO: Primitives created: 1
12:01:05 | INFO: Extracting primitive: Fern leaflet.266
12:01:05 | INFO: Primitives created: 1
12:01:05 | INFO: Extracting primitive: Fern leaflet.267
12:01:05 | INFO: Primitives created: 1
12:01:05 | INFO: Extracting primitive: Fern leaflet.268
12:01:05 | INFO: Primitives created: 1
12:01:05 | INFO: Extracting primitive: Fern leaflet.269
12:01:05 | INFO: Primitives created: 1
12:01:05 | INFO: Extracting primitive: Fern leaflet.270
12:01:05 | INFO: Primitives created: 1
12:01:05 | INFO: Extracting primitive: Fern leaflet.271
12:01:05 | INFO: Primitives created: 1
12:01:05 | INFO: Extracting primitive: Fern leaflet.272
12:01:05 | INFO: Primitives created: 1
12:01:05 | INFO: Extracting primitive: Fern leaflet.273
12:01:05 | INFO: Primitives created: 1
12:01:05 | INFO: Extracting primitive: Fern leaflet.274
12:01:05 | INFO: Primitives created: 1
12:01:05 | INFO: Extracting primitive: Fern leaflet.275
12:01:05 | INFO: Primitives created: 1
12:01:05 | INFO: Extracting primitive: Fern leaflet.276
12:01:05 | INFO: Primitives created: 1
12:01:05 | INFO: Extracting primitive: Fern leaflet.277
12:01:05 | INFO: Primitives created: 1
12:01:05 | INFO: Extracting primitive: Fern leaflet.278
12:01:05 | INFO: Primitives created: 1
12:01:05 | INFO: Extracting primitive: Fern leaflet.279
12:01:05 | INFO: Primitives created: 1
12:01:05 | INFO: Extracting primitive: Fern leaflet.280
12:01:05 | INFO: Primitives created: 1
12:01:05 | INFO: Extracting primitive: Fern leaflet.281
12:01:05 | INFO: Primitives created: 1
12:01:05 | INFO: Extracting primitive: Fern leaflet.282
12:01:05 | INFO: Primitives created: 1
12:01:05 | INFO: Extracting primitive: Fern leaflet.283
12:01:05 | INFO: Primitives created: 1
12:01:05 | INFO: Extracting primitive: Fern leaflet.284
12:01:05 | INFO: Primitives created: 1
12:01:05 | INFO: Extracting primitive: Fern leaflet.285
12:01:05 | INFO: Primitives created: 1
12:01:05 | INFO: Extracting primitive: Fern leaflet.286
12:01:05 | INFO: Primitives created: 1
12:01:05 | INFO: Extracting primitive: Fern leaflet.287
12:01:05 | INFO: Primitives created: 1
12:01:05 | INFO: Extracting primitive: Fern unfolding leaf tip.010
12:01:05 | INFO: Primitives created: 1
12:01:05 | INFO: Extracting primitive: Fern unfolding leaf tip.011
12:01:05 | INFO: Primitives created: 1
12:01:05 | INFO: Extracting primitive: Fine scattered woodland grasses.005
12:01:05 | INFO: Primitives created: 1
12:01:05 | INFO: Extracting primitive: Flower center.015
12:01:05 | INFO: Primitives created: 1
12:01:05 | INFO: Extracting primitive: Flower center.016
12:01:05 | INFO: Primitives created: 1
12:01:05 | INFO: Extracting primitive: Flower center.017
12:01:05 | INFO: Primitives created: 1
12:01:05 | INFO: Extracting primitive: Flower petal.075
12:01:05 | INFO: Primitives created: 1
12:01:05 | INFO: Extracting primitive: Flower petal.076
12:01:05 | INFO: Primitives created: 1
12:01:05 | INFO: Extracting primitive: Flower petal.077
12:01:05 | INFO: Primitives created: 1
12:01:05 | INFO: Extracting primitive: Flower petal.078
12:01:05 | INFO: Primitives created: 1
12:01:05 | INFO: Extracting primitive: Flower petal.079
12:01:05 | INFO: Primitives created: 1
12:01:05 | INFO: Extracting primitive: Flower petal.080
12:01:05 | INFO: Primitives created: 1
12:01:05 | INFO: Extracting primitive: Flower petal.081
12:01:05 | INFO: Primitives created: 1
12:01:05 | INFO: Extracting primitive: Flower petal.082
12:01:05 | INFO: Primitives created: 1
12:01:05 | INFO: Extracting primitive: Flower petal.083
12:01:05 | INFO: Primitives created: 1
12:01:05 | INFO: Extracting primitive: Flower petal.084
12:01:05 | INFO: Primitives created: 1
12:01:05 | INFO: Extracting primitive: Flower petal.085
12:01:05 | INFO: Primitives created: 1
12:01:05 | INFO: Extracting primitive: Flower petal.086
12:01:05 | INFO: Primitives created: 1
12:01:05 | INFO: Extracting primitive: Flower petal.087
12:01:05 | INFO: Primitives created: 1
12:01:05 | INFO: Extracting primitive: Flower petal.088
12:01:05 | INFO: Primitives created: 1
12:01:05 | INFO: Extracting primitive: Flower petal.089
12:01:05 | INFO: Primitives created: 1
12:01:05 | INFO: Extracting primitive: Flower stem.015
12:01:05 | INFO: Primitives created: 1
12:01:05 | INFO: Extracting primitive: Flower stem.016
12:01:05 | INFO: Primitives created: 1
12:01:05 | INFO: Extracting primitive: Flower stem.017
12:01:05 | INFO: Primitives created: 1
12:01:05 | INFO: Extracting primitive: Standard hex earth layer.005
12:01:05 | INFO: Primitives created: 1
12:01:05 | INFO: Extracting primitive: Standard hex meadow top.005
12:01:05 | INFO: Primitives created: 1
12:01:05 | INFO: Extracting primitive: Standard hex stone foundation.005
12:01:05 | INFO: Primitives created: 1
12:01:05 | INFO: Extracting primitive: Thin meadow rim shadow.030
12:01:05 | INFO: Primitives created: 1
12:01:05 | INFO: Extracting primitive: Thin meadow rim shadow.031
12:01:05 | INFO: Primitives created: 1
12:01:05 | INFO: Extracting primitive: Thin meadow rim shadow.032
12:01:05 | INFO: Primitives created: 1
12:01:05 | INFO: Extracting primitive: Thin meadow rim shadow.033
12:01:05 | INFO: Primitives created: 1
12:01:05 | INFO: Extracting primitive: Thin meadow rim shadow.034
12:01:05 | INFO: Primitives created: 1
12:01:05 | INFO: Extracting primitive: Thin meadow rim shadow.035
12:01:05 | INFO: Primitives created: 1
12:01:05 | INFO: Extracting primitive: Bioluminescent cap spot.112
12:01:05 | INFO: Primitives created: 1
12:01:05 | INFO: Extracting primitive: Bioluminescent cap spot.113
12:01:05 | INFO: Primitives created: 1
12:01:05 | INFO: Extracting primitive: Bioluminescent cap spot.114
12:01:05 | INFO: Primitives created: 1
12:01:05 | INFO: Extracting primitive: Bioluminescent cap spot.115
12:01:05 | INFO: Primitives created: 1
12:01:05 | INFO: Extracting primitive: Bioluminescent cap spot.116
12:01:05 | INFO: Primitives created: 1
12:01:05 | INFO: Extracting primitive: Bioluminescent cap spot.117
12:01:05 | INFO: Primitives created: 1
12:01:05 | INFO: Extracting primitive: Bioluminescent cap spot.118
12:01:05 | INFO: Primitives created: 1
12:01:05 | INFO: Extracting primitive: Bioluminescent cap spot.119
12:01:05 | INFO: Primitives created: 1
12:01:05 | INFO: Extracting primitive: Broad faceted mushroom cap.014
12:01:05 | INFO: Primitives created: 1
12:01:05 | INFO: Extracting primitive: Curving luminous mushroom stem.014
12:01:05 | INFO: Primitives created: 1
12:01:05 | INFO: Extracting primitive: Luminous cap underside.014
12:01:05 | INFO: Primitives created: 1
12:01:05 | INFO: Extracting primitive: Mushroom radial gill.168
12:01:05 | INFO: Primitives created: 1
12:01:05 | INFO: Extracting primitive: Mushroom radial gill.169
12:01:05 | INFO: Primitives created: 1
12:01:05 | INFO: Extracting primitive: Mushroom radial gill.170
12:01:05 | INFO: Primitives created: 1
12:01:05 | INFO: Extracting primitive: Mushroom radial gill.171
12:01:05 | INFO: Primitives created: 1
12:01:05 | INFO: Extracting primitive: Mushroom radial gill.172
12:01:05 | INFO: Primitives created: 1
12:01:05 | INFO: Extracting primitive: Mushroom radial gill.173
12:01:05 | INFO: Primitives created: 1
12:01:05 | INFO: Extracting primitive: Mushroom radial gill.174
12:01:05 | INFO: Primitives created: 1
12:01:05 | INFO: Extracting primitive: Mushroom radial gill.175
12:01:05 | INFO: Primitives created: 1
12:01:05 | INFO: Extracting primitive: Mushroom radial gill.176
12:01:05 | INFO: Primitives created: 1
12:01:05 | INFO: Extracting primitive: Mushroom radial gill.177
12:01:05 | INFO: Primitives created: 1
12:01:05 | INFO: Extracting primitive: Mushroom radial gill.178
12:01:05 | INFO: Primitives created: 1
12:01:05 | INFO: Extracting primitive: Mushroom radial gill.179
12:01:05 | INFO: Primitives created: 1
12:01:05 | INFO: Extracting primitive: Tiny floating glow spore.042
12:01:05 | INFO: Primitives created: 1
12:01:05 | INFO: Extracting primitive: Tiny floating glow spore.043
12:01:05 | INFO: Primitives created: 1
12:01:05 | INFO: Extracting primitive: Tiny floating glow spore.044
12:01:05 | INFO: Primitives created: 1
12:01:05 | INFO: Extracting primitive: Bioluminescent cap spot.120
12:01:05 | INFO: Primitives created: 1
12:01:05 | INFO: Extracting primitive: Bioluminescent cap spot.121
12:01:05 | INFO: Primitives created: 1
12:01:05 | INFO: Extracting primitive: Bioluminescent cap spot.122
12:01:05 | INFO: Primitives created: 1
12:01:05 | INFO: Extracting primitive: Bioluminescent cap spot.123
12:01:05 | INFO: Primitives created: 1
12:01:05 | INFO: Extracting primitive: Bioluminescent cap spot.124
12:01:05 | INFO: Primitives created: 1
12:01:05 | INFO: Extracting primitive: Bioluminescent cap spot.125
12:01:05 | INFO: Primitives created: 1
12:01:05 | INFO: Extracting primitive: Bioluminescent cap spot.126
12:01:05 | INFO: Primitives created: 1
12:01:05 | INFO: Extracting primitive: Bioluminescent cap spot.127
12:01:05 | INFO: Primitives created: 1
12:01:05 | INFO: Extracting primitive: Broad faceted mushroom cap.015
12:01:05 | INFO: Primitives created: 1
12:01:05 | INFO: Extracting primitive: Curving luminous mushroom stem.015
12:01:05 | INFO: Primitives created: 1
12:01:05 | INFO: Extracting primitive: Luminous cap underside.015
12:01:05 | INFO: Primitives created: 1
12:01:05 | INFO: Extracting primitive: Mushroom radial gill.180
12:01:06 | INFO: Primitives created: 1
12:01:06 | INFO: Extracting primitive: Mushroom radial gill.181
12:01:06 | INFO: Primitives created: 1
12:01:06 | INFO: Extracting primitive: Mushroom radial gill.182
12:01:06 | INFO: Primitives created: 1
12:01:06 | INFO: Extracting primitive: Mushroom radial gill.183
12:01:06 | INFO: Primitives created: 1
12:01:06 | INFO: Extracting primitive: Mushroom radial gill.184
12:01:06 | INFO: Primitives created: 1
12:01:06 | INFO: Extracting primitive: Mushroom radial gill.185
12:01:06 | INFO: Primitives created: 1
12:01:06 | INFO: Extracting primitive: Mushroom radial gill.186
12:01:06 | INFO: Primitives created: 1
12:01:06 | INFO: Extracting primitive: Mushroom radial gill.187
12:01:06 | INFO: Primitives created: 1
12:01:06 | INFO: Extracting primitive: Mushroom radial gill.188
12:01:06 | INFO: Primitives created: 1
12:01:06 | INFO: Extracting primitive: Mushroom radial gill.189
12:01:06 | INFO: Primitives created: 1
12:01:06 | INFO: Extracting primitive: Mushroom radial gill.190
12:01:06 | INFO: Primitives created: 1
12:01:06 | INFO: Extracting primitive: Mushroom radial gill.191
12:01:06 | INFO: Primitives created: 1
12:01:06 | INFO: Extracting primitive: Tiny floating glow spore.045
12:01:06 | INFO: Primitives created: 1
12:01:06 | INFO: Extracting primitive: Tiny floating glow spore.046
12:01:06 | INFO: Primitives created: 1
12:01:06 | INFO: Extracting primitive: Tiny floating glow spore.047
12:01:06 | INFO: Primitives created: 1
12:01:06 | INFO: Extracting primitive: Bioluminescent cap spot.128
12:01:06 | INFO: Primitives created: 1
12:01:06 | INFO: Extracting primitive: Bioluminescent cap spot.129
12:01:06 | INFO: Primitives created: 1
12:01:06 | INFO: Extracting primitive: Bioluminescent cap spot.130
12:01:06 | INFO: Primitives created: 1
12:01:06 | INFO: Extracting primitive: Bioluminescent cap spot.131
12:01:06 | INFO: Primitives created: 1
12:01:06 | INFO: Extracting primitive: Bioluminescent cap spot.132
12:01:06 | INFO: Primitives created: 1
12:01:06 | INFO: Extracting primitive: Bioluminescent cap spot.133
12:01:06 | INFO: Primitives created: 1
12:01:06 | INFO: Extracting primitive: Bioluminescent cap spot.134
12:01:06 | INFO: Primitives created: 1
12:01:06 | INFO: Extracting primitive: Bioluminescent cap spot.135
12:01:06 | INFO: Primitives created: 1
12:01:06 | INFO: Extracting primitive: Broad faceted mushroom cap.016
12:01:06 | INFO: Primitives created: 1
12:01:06 | INFO: Extracting primitive: Curving luminous mushroom stem.016
12:01:06 | INFO: Primitives created: 1
12:01:06 | INFO: Extracting primitive: Luminous cap underside.016
12:01:06 | INFO: Primitives created: 1
12:01:06 | INFO: Extracting primitive: Mushroom radial gill.192
12:01:06 | INFO: Primitives created: 1
12:01:06 | INFO: Extracting primitive: Mushroom radial gill.193
12:01:06 | INFO: Primitives created: 1
12:01:06 | INFO: Extracting primitive: Mushroom radial gill.194
12:01:06 | INFO: Primitives created: 1
12:01:06 | INFO: Extracting primitive: Mushroom radial gill.195
12:01:06 | INFO: Primitives created: 1
12:01:06 | INFO: Extracting primitive: Mushroom radial gill.196
12:01:06 | INFO: Primitives created: 1
12:01:06 | INFO: Extracting primitive: Mushroom radial gill.197
12:01:06 | INFO: Primitives created: 1
12:01:06 | INFO: Extracting primitive: Mushroom radial gill.198
12:01:06 | INFO: Primitives created: 1
12:01:06 | INFO: Extracting primitive: Mushroom radial gill.199
12:01:06 | INFO: Primitives created: 1
12:01:06 | INFO: Extracting primitive: Mushroom radial gill.200
12:01:06 | INFO: Primitives created: 1
12:01:06 | INFO: Extracting primitive: Mushroom radial gill.201
12:01:06 | INFO: Primitives created: 1
12:01:06 | INFO: Extracting primitive: Mushroom radial gill.202
12:01:06 | INFO: Primitives created: 1
12:01:06 | INFO: Extracting primitive: Mushroom radial gill.203
12:01:06 | INFO: Primitives created: 1
12:01:06 | INFO: Extracting primitive: Mushroom translucent stem groove.160
12:01:06 | INFO: Primitives created: 1
12:01:06 | INFO: Extracting primitive: Mushroom translucent stem groove.161
12:01:06 | INFO: Primitives created: 1
12:01:06 | INFO: Extracting primitive: Mushroom translucent stem groove.162
12:01:06 | INFO: Primitives created: 1
12:01:06 | INFO: Extracting primitive: Mushroom translucent stem groove.163
12:01:06 | INFO: Primitives created: 1
12:01:06 | INFO: Extracting primitive: Mushroom translucent stem groove.164
12:01:06 | INFO: Primitives created: 1
12:01:06 | INFO: Extracting primitive: Mushroom translucent stem groove.165
12:01:06 | INFO: Primitives created: 1
12:01:06 | INFO: Extracting primitive: Mushroom translucent stem groove.166
12:01:06 | INFO: Primitives created: 1
12:01:06 | INFO: Extracting primitive: Mushroom translucent stem groove.167
12:01:06 | INFO: Primitives created: 1
12:01:06 | INFO: Extracting primitive: Mushroom translucent stem groove.168
12:01:06 | INFO: Primitives created: 1
12:01:06 | INFO: Extracting primitive: Mushroom translucent stem groove.169
12:01:06 | INFO: Primitives created: 1
12:01:06 | INFO: Extracting primitive: Tiny floating glow spore.048
12:01:06 | INFO: Primitives created: 1
12:01:06 | INFO: Extracting primitive: Tiny floating glow spore.049
12:01:06 | INFO: Primitives created: 1
12:01:06 | INFO: Extracting primitive: Tiny floating glow spore.050
12:01:06 | INFO: Primitives created: 1
12:01:06 | INFO: Extracting primitive: Magic circle luminous node.008
12:01:06 | INFO: Primitives created: 1
12:01:06 | INFO: Extracting primitive: Magic circle luminous node.009
12:01:06 | INFO: Primitives created: 1
12:01:06 | INFO: Extracting primitive: Magic circle luminous node.010
12:01:06 | INFO: Primitives created: 1
12:01:06 | INFO: Extracting primitive: Magic circle luminous node.011
12:01:06 | INFO: Primitives created: 1
12:01:06 | INFO: Extracting primitive: Magic circle luminous node.012
12:01:06 | INFO: Primitives created: 1
12:01:06 | INFO: Extracting primitive: Magic circle luminous node.013
12:01:06 | INFO: Primitives created: 1
12:01:06 | INFO: Extracting primitive: Magic circle luminous node.014
12:01:06 | INFO: Primitives created: 1
12:01:06 | INFO: Extracting primitive: Magic circle luminous node.015
12:01:06 | INFO: Primitives created: 1
12:01:06 | INFO: Extracting primitive: Radial shrine marking.006
12:01:06 | INFO: Primitives created: 1
12:01:06 | INFO: Extracting primitive: Radial shrine marking.007
12:01:06 | INFO: Primitives created: 1
12:01:06 | INFO: Extracting primitive: Radial shrine marking.008
12:01:06 | INFO: Primitives created: 1
12:01:06 | INFO: Extracting primitive: Radial shrine marking.009
12:01:06 | INFO: Primitives created: 1
12:01:06 | INFO: Extracting primitive: Radial shrine marking.010
12:01:06 | INFO: Primitives created: 1
12:01:06 | INFO: Extracting primitive: Radial shrine marking.011
12:01:06 | INFO: Primitives created: 1
12:01:06 | INFO: Extracting primitive: Shrine inner glyph circle.001
12:01:06 | INFO: Primitives created: 1
12:01:06 | INFO: Extracting primitive: Shrine magic circle.001
12:01:06 | INFO: Primitives created: 1
12:01:06 | INFO: Extracting primitive: Glowing diamond rune.002
12:01:06 | INFO: Primitives created: 1
12:01:06 | INFO: Extracting primitive: Rune center luminous seed
12:01:06 | INFO: Primitives created: 1
12:01:06 | INFO: Extracting primitive: Rune vertical stroke.002
12:01:06 | INFO: Primitives created: 1
12:01:06 | INFO: Extracting primitive: Radial shrine paving stone.008
12:01:06 | INFO: Primitives created: 1
12:01:06 | INFO: Extracting primitive: Radial shrine paving stone.009
12:01:06 | INFO: Primitives created: 1
12:01:06 | INFO: Extracting primitive: Radial shrine paving stone.010
12:01:06 | INFO: Primitives created: 1
12:01:06 | INFO: Extracting primitive: Radial shrine paving stone.011
12:01:06 | INFO: Primitives created: 1
12:01:06 | INFO: Extracting primitive: Radial shrine paving stone.012
12:01:06 | INFO: Primitives created: 1
12:01:06 | INFO: Extracting primitive: Radial shrine paving stone.013
12:01:06 | INFO: Primitives created: 1
12:01:06 | INFO: Extracting primitive: Radial shrine paving stone.014
12:01:06 | INFO: Primitives created: 1
12:01:06 | INFO: Extracting primitive: Radial shrine paving stone.015
12:01:06 | INFO: Primitives created: 1
12:01:06 | INFO: Extracting primitive: Shrine rim contact shadow.001
12:01:06 | INFO: Primitives created: 1
12:01:06 | INFO: Extracting primitive: Shrine stone pedestal.001
12:01:06 | INFO: Primitives created: 1
12:01:07 | INFO: Finished glTF 2.0 export in 2.7122156620025635 s
00:11.177  blend            | Read blend: "/home/bart/.treehouse/odot-game-assets-86a3a5/2/odot-game-assets/sources/environment/hex_dream_menagerie.blend"

Exported environment/hex_crystal_shrine; source unchanged
12:01:07 | INFO: Starting glTF 2.0 export
12:01:07 | INFO: Extracting primitive: Angular mossy forest boulder.001
12:01:07 | INFO: Primitives created: 3
12:01:07 | INFO: Extracting primitive: Curled butterfly antenna
12:01:07 | INFO: Primitives created: 1
12:01:07 | INFO: Extracting primitive: Curled butterfly antenna.001
12:01:07 | INFO: Primitives created: 1
12:01:07 | INFO: Extracting primitive: Insect head
12:01:07 | INFO: Primitives created: 1
12:01:07 | INFO: Extracting primitive: Painted butterfly wing
12:01:07 | INFO: Primitives created: 2
12:01:07 | INFO: Extracting primitive: Painted butterfly wing.001
12:01:07 | INFO: Primitives created: 2
12:01:07 | INFO: Extracting primitive: Painted butterfly wing.002
12:01:07 | INFO: Primitives created: 2
12:01:07 | INFO: Extracting primitive: Painted butterfly wing.003
12:01:07 | INFO: Primitives created: 2
12:01:07 | INFO: Extracting primitive: Velvet insect abdomen
12:01:07 | INFO: Primitives created: 1
12:01:07 | INFO: Extracting primitive: Velvet insect thorax
12:01:07 | INFO: Primitives created: 1
12:01:07 | INFO: Extracting primitive: Curled butterfly antenna.002
12:01:07 | INFO: Primitives created: 1
12:01:07 | INFO: Extracting primitive: Curled butterfly antenna.003
12:01:07 | INFO: Primitives created: 1
12:01:07 | INFO: Extracting primitive: Insect head.001
12:01:07 | INFO: Primitives created: 1
12:01:07 | INFO: Extracting primitive: Painted butterfly wing.004
12:01:07 | INFO: Primitives created: 2
12:01:07 | INFO: Extracting primitive: Painted butterfly wing.005
12:01:07 | INFO: Primitives created: 2
12:01:07 | INFO: Extracting primitive: Painted butterfly wing.006
12:01:07 | INFO: Primitives created: 2
12:01:07 | INFO: Extracting primitive: Painted butterfly wing.007
12:01:07 | INFO: Primitives created: 2
12:01:07 | INFO: Extracting primitive: Velvet insect abdomen.001
12:01:07 | INFO: Primitives created: 1
12:01:07 | INFO: Extracting primitive: Velvet insect thorax.001
12:01:07 | INFO: Primitives created: 1
12:01:07 | INFO: Extracting primitive: Faceted magical crystal.002
12:01:07 | INFO: Primitives created: 2
12:01:07 | INFO: Extracting primitive: Curled fern fiddlehead.001
12:01:07 | INFO: Primitives created: 1
12:01:07 | INFO: Extracting primitive: Fern central stem.006
12:01:07 | INFO: Primitives created: 1
12:01:07 | INFO: Extracting primitive: Fern central stem.007
12:01:07 | INFO: Primitives created: 1
12:01:07 | INFO: Extracting primitive: Fern central stem.008
12:01:07 | INFO: Primitives created: 1
12:01:07 | INFO: Extracting primitive: Fern central stem.009
12:01:07 | INFO: Primitives created: 1
12:01:07 | INFO: Extracting primitive: Fern central stem.010
12:01:07 | INFO: Primitives created: 1
12:01:07 | INFO: Extracting primitive: Fern central stem.011
12:01:07 | INFO: Primitives created: 1
12:01:07 | INFO: Extracting primitive: Fern leaflet.048
12:01:07 | INFO: Primitives created: 1
12:01:07 | INFO: Extracting primitive: Fern leaflet.049
12:01:07 | INFO: Primitives created: 1
12:01:07 | INFO: Extracting primitive: Fern leaflet.050
12:01:07 | INFO: Primitives created: 1
12:01:07 | INFO: Extracting primitive: Fern leaflet.051
12:01:07 | INFO: Primitives created: 1
12:01:07 | INFO: Extracting primitive: Fern leaflet.052
12:01:07 | INFO: Primitives created: 1
12:01:07 | INFO: Extracting primitive: Fern leaflet.053
12:01:07 | INFO: Primitives created: 1
12:01:07 | INFO: Extracting primitive: Fern leaflet.054
12:01:07 | INFO: Primitives created: 1
12:01:07 | INFO: Extracting primitive: Fern leaflet.055
12:01:07 | INFO: Primitives created: 1
12:01:07 | INFO: Extracting primitive: Fern leaflet.056
12:01:07 | INFO: Primitives created: 1
12:01:07 | INFO: Extracting primitive: Fern leaflet.057
12:01:07 | INFO: Primitives created: 1
12:01:07 | INFO: Extracting primitive: Fern leaflet.058
12:01:07 | INFO: Primitives created: 1
12:01:07 | INFO: Extracting primitive: Fern leaflet.059
12:01:07 | INFO: Primitives created: 1
12:01:07 | INFO: Extracting primitive: Fern leaflet.060
12:01:07 | INFO: Primitives created: 1
12:01:07 | INFO: Extracting primitive: Fern leaflet.061
12:01:07 | INFO: Primitives created: 1
12:01:07 | INFO: Extracting primitive: Fern leaflet.062
12:01:07 | INFO: Primitives created: 1
12:01:07 | INFO: Extracting primitive: Fern leaflet.063
12:01:07 | INFO: Primitives created: 1
12:01:07 | INFO: Extracting primitive: Fern leaflet.064
12:01:07 | INFO: Primitives created: 1
12:01:07 | INFO: Extracting primitive: Fern leaflet.065
12:01:07 | INFO: Primitives created: 1
12:01:07 | INFO: Extracting primitive: Fern leaflet.066
12:01:07 | INFO: Primitives created: 1
12:01:07 | INFO: Extracting primitive: Fern leaflet.067
12:01:07 | INFO: Primitives created: 1
12:01:07 | INFO: Extracting primitive: Fern leaflet.068
12:01:07 | INFO: Primitives created: 1
12:01:07 | INFO: Extracting primitive: Fern leaflet.069
12:01:07 | INFO: Primitives created: 1
12:01:07 | INFO: Extracting primitive: Fern leaflet.070
12:01:07 | INFO: Primitives created: 1
12:01:07 | INFO: Extracting primitive: Fern leaflet.071
12:01:07 | INFO: Primitives created: 1
12:01:07 | INFO: Extracting primitive: Fern leaflet.072
12:01:07 | INFO: Primitives created: 1
12:01:07 | INFO: Extracting primitive: Fern leaflet.073
12:01:07 | INFO: Primitives created: 1
12:01:07 | INFO: Extracting primitive: Fern leaflet.074
12:01:07 | INFO: Primitives created: 1
12:01:07 | INFO: Extracting primitive: Fern leaflet.075
12:01:07 | INFO: Primitives created: 1
12:01:07 | INFO: Extracting primitive: Fern leaflet.076
12:01:07 | INFO: Primitives created: 1
12:01:07 | INFO: Extracting primitive: Fern leaflet.077
12:01:07 | INFO: Primitives created: 1
12:01:07 | INFO: Extracting primitive: Fern leaflet.078
12:01:07 | INFO: Primitives created: 1
12:01:07 | INFO: Extracting primitive: Fern leaflet.079
12:01:07 | INFO: Primitives created: 1
12:01:07 | INFO: Extracting primitive: Fern leaflet.080
12:01:07 | INFO: Primitives created: 1
12:01:07 | INFO: Extracting primitive: Fern leaflet.081
12:01:07 | INFO: Primitives created: 1
12:01:07 | INFO: Extracting primitive: Fern leaflet.082
12:01:07 | INFO: Primitives created: 1
12:01:07 | INFO: Extracting primitive: Fern leaflet.083
12:01:07 | INFO: Primitives created: 1
12:01:07 | INFO: Extracting primitive: Fern leaflet.084
12:01:07 | INFO: Primitives created: 1
12:01:07 | INFO: Extracting primitive: Fern leaflet.085
12:01:07 | INFO: Primitives created: 1
12:01:07 | INFO: Extracting primitive: Fern leaflet.086
12:01:07 | INFO: Primitives created: 1
12:01:07 | INFO: Extracting primitive: Fern leaflet.087
12:01:07 | INFO: Primitives created: 1
12:01:07 | INFO: Extracting primitive: Fern leaflet.088
12:01:07 | INFO: Primitives created: 1
12:01:07 | INFO: Extracting primitive: Fern leaflet.089
12:01:07 | INFO: Primitives created: 1
12:01:07 | INFO: Extracting primitive: Fern leaflet.090
12:01:07 | INFO: Primitives created: 1
12:01:07 | INFO: Extracting primitive: Fern leaflet.091
12:01:07 | INFO: Primitives created: 1
12:01:07 | INFO: Extracting primitive: Fern leaflet.092
12:01:07 | INFO: Primitives created: 1
12:01:07 | INFO: Extracting primitive: Fern leaflet.093
12:01:07 | INFO: Primitives created: 1
12:01:07 | INFO: Extracting primitive: Fern leaflet.094
12:01:07 | INFO: Primitives created: 1
12:01:07 | INFO: Extracting primitive: Fern leaflet.095
12:01:07 | INFO: Primitives created: 1
12:01:07 | INFO: Extracting primitive: Fern unfolding leaf tip.002
12:01:07 | INFO: Primitives created: 1
12:01:07 | INFO: Extracting primitive: Fern unfolding leaf tip.003
12:01:07 | INFO: Primitives created: 1
12:01:07 | INFO: Extracting primitive: Fine grasses around dreaming forest contacts.001
12:01:07 | INFO: Primitives created: 1
12:01:07 | INFO: Extracting primitive: Standard hex earth layer.001
12:01:07 | INFO: Primitives created: 1
12:01:07 | INFO: Extracting primitive: Standard hex meadow top.001
12:01:07 | INFO: Primitives created: 1
12:01:07 | INFO: Extracting primitive: Standard hex stone foundation.001
12:01:07 | INFO: Primitives created: 1
12:01:07 | INFO: Extracting primitive: Thin meadow rim shadow.006
12:01:07 | INFO: Primitives created: 1
12:01:07 | INFO: Extracting primitive: Thin meadow rim shadow.007
12:01:07 | INFO: Primitives created: 1
12:01:07 | INFO: Extracting primitive: Thin meadow rim shadow.008
12:01:07 | INFO: Primitives created: 1
12:01:07 | INFO: Extracting primitive: Thin meadow rim shadow.009
12:01:07 | INFO: Primitives created: 1
12:01:07 | INFO: Extracting primitive: Thin meadow rim shadow.010
12:01:07 | INFO: Primitives created: 1
12:01:07 | INFO: Extracting primitive: Thin meadow rim shadow.011
12:01:07 | INFO: Primitives created: 1
12:01:07 | INFO: Extracting primitive: Antler fork
12:01:07 | INFO: Primitives created: 1
12:01:07 | INFO: Extracting primitive: Antler fork.001
12:01:07 | INFO: Primitives created: 1
12:01:07 | INFO: Extracting primitive: Bright rabbit eye
12:01:07 | INFO: Primitives created: 1
12:01:07 | INFO: Extracting primitive: Bright rabbit eye.001
12:01:07 | INFO: Primitives created: 1
12:01:07 | INFO: Extracting primitive: Jackalope cream chest
12:01:07 | INFO: Primitives created: 1
12:01:07 | INFO: Extracting primitive: Jackalope head
12:01:07 | INFO: Primitives created: 1
12:01:07 | INFO: Extracting primitive: Long jackalope ear
12:01:07 | INFO: Primitives created: 1
12:01:07 | INFO: Extracting primitive: Long jackalope ear.001
12:01:07 | INFO: Primitives created: 1
12:01:07 | INFO: Extracting primitive: Plump rabbit muzzle
12:01:07 | INFO: Primitives created: 1
12:01:07 | INFO: Extracting primitive: Plump rabbit muzzle.001
12:01:07 | INFO: Primitives created: 1
12:01:07 | INFO: Extracting primitive: Rabbit eye catchlight
12:01:07 | INFO: Primitives created: 1
12:01:07 | INFO: Extracting primitive: Rabbit eye catchlight.001
12:01:07 | INFO: Primitives created: 1
12:01:07 | INFO: Extracting primitive: Rabbit front paw
12:01:07 | INFO: Primitives created: 1
12:01:07 | INFO: Extracting primitive: Rabbit front paw.001
12:01:07 | INFO: Primitives created: 1
12:01:07 | INFO: Extracting primitive: Rabbit rear paw
12:01:07 | INFO: Primitives created: 1
12:01:07 | INFO: Extracting primitive: Rabbit rear paw.001
12:01:07 | INFO: Primitives created: 1
12:01:07 | INFO: Extracting primitive: Round cotton tail
12:01:07 | INFO: Primitives created: 1
12:01:07 | INFO: Extracting primitive: Round jackalope haunch
12:01:07 | INFO: Primitives created: 1
12:01:07 | INFO: Extracting primitive: Small rabbit nose
12:01:08 | INFO: Primitives created: 1
12:01:08 | INFO: Extracting primitive: Soft inner rabbit ear
12:01:08 | INFO: Primitives created: 1
12:01:08 | INFO: Extracting primitive: Soft inner rabbit ear.001
12:01:08 | INFO: Primitives created: 1
12:01:08 | INFO: Extracting primitive: Tiny branching antler
12:01:08 | INFO: Primitives created: 1
12:01:08 | INFO: Extracting primitive: Tiny branching antler.001
12:01:08 | INFO: Primitives created: 1
12:01:08 | INFO: Extracting primitive: Curled lantern flower stem.001
12:01:08 | INFO: Primitives created: 1
12:01:08 | INFO: Extracting primitive: Hanging lilac lantern petal.005
12:01:08 | INFO: Primitives created: 1
12:01:08 | INFO: Extracting primitive: Hanging lilac lantern petal.006
12:01:08 | INFO: Primitives created: 1
12:01:08 | INFO: Extracting primitive: Hanging lilac lantern petal.007
12:01:08 | INFO: Primitives created: 1
12:01:08 | INFO: Extracting primitive: Hanging lilac lantern petal.008
12:01:08 | INFO: Primitives created: 1
12:01:08 | INFO: Extracting primitive: Hanging lilac lantern petal.009
12:01:08 | INFO: Primitives created: 1
12:01:08 | INFO: Extracting primitive: Lantern flower broad leaf.002
12:01:08 | INFO: Primitives created: 1
12:01:08 | INFO: Extracting primitive: Lantern flower broad leaf.003
12:01:08 | INFO: Primitives created: 1
12:01:08 | INFO: Extracting primitive: Lantern flower warm heart.001
12:01:08 | INFO: Primitives created: 1
12:01:08 | INFO: Extracting primitive: Coral lantern shell.001
12:01:08 | INFO: Primitives created: 1
12:01:08 | INFO: Extracting primitive: Lantern seed calyx.004
12:01:08 | INFO: Primitives created: 1
12:01:08 | INFO: Extracting primitive: Lantern seed calyx.005
12:01:08 | INFO: Primitives created: 1
12:01:08 | INFO: Extracting primitive: Lantern seed calyx.006
12:01:08 | INFO: Primitives created: 1
12:01:08 | INFO: Extracting primitive: Lantern seed calyx.007
12:01:08 | INFO: Primitives created: 1
12:01:08 | INFO: Extracting primitive: Shell lantern seed.001
12:01:08 | INFO: Primitives created: 1
12:01:08 | INFO: Extracting primitive: Snail dark eye.002
12:01:08 | INFO: Primitives created: 1
12:01:08 | INFO: Extracting primitive: Snail dark eye.003
12:01:08 | INFO: Primitives created: 1
12:01:08 | INFO: Extracting primitive: Snail eyestalk.002
12:01:08 | INFO: Primitives created: 1
12:01:08 | INFO: Extracting primitive: Snail eyestalk.003
12:01:08 | INFO: Primitives created: 1
12:01:08 | INFO: Extracting primitive: Snail rising neck.001
12:01:08 | INFO: Primitives created: 1
12:01:08 | INFO: Extracting primitive: Snail round head.001
12:01:08 | INFO: Primitives created: 1
12:01:08 | INFO: Extracting primitive: Snail shell broad spiral.001
12:01:08 | INFO: Primitives created: 1
12:01:08 | INFO: Extracting primitive: Snail soft foot.001
12:01:08 | INFO: Primitives created: 1
12:01:08 | INFO: Extracting primitive: Broad woodland leaf.006
12:01:08 | INFO: Primitives created: 1
12:01:08 | INFO: Extracting primitive: Broad woodland leaf.007
12:01:08 | INFO: Primitives created: 1
12:01:08 | INFO: Extracting primitive: Broad woodland leaf.008
12:01:08 | INFO: Primitives created: 1
12:01:08 | INFO: Extracting primitive: Broad woodland leaf.009
12:01:08 | INFO: Primitives created: 1
12:01:08 | INFO: Extracting primitive: Broad woodland leaf.010
12:01:08 | INFO: Primitives created: 1
12:01:08 | INFO: Extracting primitive: Broad woodland leaf.011
12:01:08 | INFO: Primitives created: 1
12:01:08 | INFO: Extracting primitive: Moss tiny sprouting mound.003
12:01:08 | INFO: Primitives created: 1
12:01:08 | INFO: Extracting primitive: Moss tiny sprouting mound.004
12:01:08 | INFO: Primitives created: 1
12:01:08 | INFO: Extracting primitive: Moss tiny sprouting mound.005
12:01:08 | INFO: Primitives created: 1
12:01:08 | INFO: Extracting primitive: Soft moss patch.003
12:01:08 | INFO: Primitives created: 1
12:01:08 | INFO: Extracting primitive: Soft moss patch.004
12:01:08 | INFO: Primitives created: 1
12:01:08 | INFO: Extracting primitive: Soft moss patch.005
12:01:08 | INFO: Primitives created: 1
12:01:08 | INFO: Extracting primitive: Bioluminescent cap spot.056
12:01:08 | INFO: Primitives created: 1
12:01:08 | INFO: Extracting primitive: Bioluminescent cap spot.057
12:01:08 | INFO: Primitives created: 1
12:01:08 | INFO: Extracting primitive: Bioluminescent cap spot.058
12:01:08 | INFO: Primitives created: 1
12:01:08 | INFO: Extracting primitive: Bioluminescent cap spot.059
12:01:08 | INFO: Primitives created: 1
12:01:08 | INFO: Extracting primitive: Bioluminescent cap spot.060
12:01:08 | INFO: Primitives created: 1
12:01:08 | INFO: Extracting primitive: Bioluminescent cap spot.061
12:01:08 | INFO: Primitives created: 1
12:01:08 | INFO: Extracting primitive: Bioluminescent cap spot.062
12:01:08 | INFO: Primitives created: 1
12:01:08 | INFO: Extracting primitive: Bioluminescent cap spot.063
12:01:08 | INFO: Primitives created: 1
12:01:08 | INFO: Extracting primitive: Broad faceted mushroom cap.007
12:01:08 | INFO: Primitives created: 1
12:01:08 | INFO: Extracting primitive: Curving luminous mushroom stem.007
12:01:08 | INFO: Primitives created: 1
12:01:08 | INFO: Extracting primitive: Luminous cap underside.007
12:01:08 | INFO: Primitives created: 1
12:01:08 | INFO: Extracting primitive: Mushroom radial gill.084
12:01:08 | INFO: Primitives created: 1
12:01:08 | INFO: Extracting primitive: Mushroom radial gill.085
12:01:08 | INFO: Primitives created: 1
12:01:08 | INFO: Extracting primitive: Mushroom radial gill.086
12:01:08 | INFO: Primitives created: 1
12:01:08 | INFO: Extracting primitive: Mushroom radial gill.087
12:01:08 | INFO: Primitives created: 1
12:01:08 | INFO: Extracting primitive: Mushroom radial gill.088
12:01:08 | INFO: Primitives created: 1
12:01:08 | INFO: Extracting primitive: Mushroom radial gill.089
12:01:08 | INFO: Primitives created: 1
12:01:08 | INFO: Extracting primitive: Mushroom radial gill.090
12:01:08 | INFO: Primitives created: 1
12:01:08 | INFO: Extracting primitive: Mushroom radial gill.091
12:01:08 | INFO: Primitives created: 1
12:01:08 | INFO: Extracting primitive: Mushroom radial gill.092
12:01:08 | INFO: Primitives created: 1
12:01:08 | INFO: Extracting primitive: Mushroom radial gill.093
12:01:08 | INFO: Primitives created: 1
12:01:08 | INFO: Extracting primitive: Mushroom radial gill.094
12:01:08 | INFO: Primitives created: 1
12:01:08 | INFO: Extracting primitive: Mushroom radial gill.095
12:01:08 | INFO: Primitives created: 1
12:01:08 | INFO: Extracting primitive: Tiny floating glow spore.012
12:01:08 | INFO: Primitives created: 1
12:01:08 | INFO: Extracting primitive: Tiny floating glow spore.013
12:01:08 | INFO: Primitives created: 1
12:01:08 | INFO: Extracting primitive: Tiny floating glow spore.014
12:01:08 | INFO: Primitives created: 1
12:01:08 | INFO: Extracting primitive: Bioluminescent cap spot.048
12:01:08 | INFO: Primitives created: 1
12:01:08 | INFO: Extracting primitive: Bioluminescent cap spot.049
12:01:08 | INFO: Primitives created: 1
12:01:08 | INFO: Extracting primitive: Bioluminescent cap spot.050
12:01:08 | INFO: Primitives created: 1
12:01:08 | INFO: Extracting primitive: Bioluminescent cap spot.051
12:01:08 | INFO: Primitives created: 1
12:01:08 | INFO: Extracting primitive: Bioluminescent cap spot.052
12:01:08 | INFO: Primitives created: 1
12:01:08 | INFO: Extracting primitive: Bioluminescent cap spot.053
12:01:08 | INFO: Primitives created: 1
12:01:08 | INFO: Extracting primitive: Bioluminescent cap spot.054
12:01:08 | INFO: Primitives created: 1
12:01:08 | INFO: Extracting primitive: Bioluminescent cap spot.055
12:01:08 | INFO: Primitives created: 1
12:01:08 | INFO: Extracting primitive: Broad faceted mushroom cap.006
12:01:08 | INFO: Primitives created: 1
12:01:08 | INFO: Extracting primitive: Curving luminous mushroom stem.006
12:01:08 | INFO: Primitives created: 1
12:01:08 | INFO: Extracting primitive: Luminous cap underside.006
12:01:08 | INFO: Primitives created: 1
12:01:08 | INFO: Extracting primitive: Mushroom radial gill.072
12:01:08 | INFO: Primitives created: 1
12:01:08 | INFO: Extracting primitive: Mushroom radial gill.073
12:01:08 | INFO: Primitives created: 1
12:01:08 | INFO: Extracting primitive: Mushroom radial gill.074
12:01:08 | INFO: Primitives created: 1
12:01:08 | INFO: Extracting primitive: Mushroom radial gill.075
12:01:08 | INFO: Primitives created: 1
12:01:08 | INFO: Extracting primitive: Mushroom radial gill.076
12:01:08 | INFO: Primitives created: 1
12:01:08 | INFO: Extracting primitive: Mushroom radial gill.077
12:01:08 | INFO: Primitives created: 1
12:01:08 | INFO: Extracting primitive: Mushroom radial gill.078
12:01:08 | INFO: Primitives created: 1
12:01:08 | INFO: Extracting primitive: Mushroom radial gill.079
12:01:08 | INFO: Primitives created: 1
12:01:08 | INFO: Extracting primitive: Mushroom radial gill.080
12:01:08 | INFO: Primitives created: 1
12:01:08 | INFO: Extracting primitive: Mushroom radial gill.081
12:01:08 | INFO: Primitives created: 1
12:01:08 | INFO: Extracting primitive: Mushroom radial gill.082
12:01:08 | INFO: Primitives created: 1
12:01:08 | INFO: Extracting primitive: Mushroom radial gill.083
12:01:08 | INFO: Primitives created: 1
12:01:08 | INFO: Extracting primitive: Tiny floating glow spore.009
12:01:08 | INFO: Primitives created: 1
12:01:08 | INFO: Extracting primitive: Tiny floating glow spore.010
12:01:08 | INFO: Primitives created: 1
12:01:08 | INFO: Extracting primitive: Tiny floating glow spore.011
12:01:08 | INFO: Primitives created: 1
12:01:08 | INFO: Extracting primitive: Bioluminescent cap spot.064
12:01:08 | INFO: Primitives created: 1
12:01:08 | INFO: Extracting primitive: Bioluminescent cap spot.065
12:01:08 | INFO: Primitives created: 1
12:01:08 | INFO: Extracting primitive: Bioluminescent cap spot.066
12:01:08 | INFO: Primitives created: 1
12:01:08 | INFO: Extracting primitive: Bioluminescent cap spot.067
12:01:08 | INFO: Primitives created: 1
12:01:08 | INFO: Extracting primitive: Bioluminescent cap spot.068
12:01:08 | INFO: Primitives created: 1
12:01:08 | INFO: Extracting primitive: Bioluminescent cap spot.069
12:01:08 | INFO: Primitives created: 1
12:01:08 | INFO: Extracting primitive: Bioluminescent cap spot.070
12:01:08 | INFO: Primitives created: 1
12:01:08 | INFO: Extracting primitive: Bioluminescent cap spot.071
12:01:08 | INFO: Primitives created: 1
12:01:08 | INFO: Extracting primitive: Broad faceted mushroom cap.008
12:01:08 | INFO: Primitives created: 1
12:01:08 | INFO: Extracting primitive: Curving luminous mushroom stem.008
12:01:08 | INFO: Primitives created: 1
12:01:08 | INFO: Extracting primitive: Luminous cap underside.008
12:01:08 | INFO: Primitives created: 1
12:01:08 | INFO: Extracting primitive: Mushroom radial gill.096
12:01:08 | INFO: Primitives created: 1
12:01:08 | INFO: Extracting primitive: Mushroom radial gill.097
12:01:08 | INFO: Primitives created: 1
12:01:08 | INFO: Extracting primitive: Mushroom radial gill.098
12:01:08 | INFO: Primitives created: 1
12:01:08 | INFO: Extracting primitive: Mushroom radial gill.099
12:01:08 | INFO: Primitives created: 1
12:01:08 | INFO: Extracting primitive: Mushroom radial gill.100
12:01:08 | INFO: Primitives created: 1
12:01:08 | INFO: Extracting primitive: Mushroom radial gill.101
12:01:08 | INFO: Primitives created: 1
12:01:08 | INFO: Extracting primitive: Mushroom radial gill.102
12:01:08 | INFO: Primitives created: 1
12:01:08 | INFO: Extracting primitive: Mushroom radial gill.103
12:01:08 | INFO: Primitives created: 1
12:01:08 | INFO: Extracting primitive: Mushroom radial gill.104
12:01:08 | INFO: Primitives created: 1
12:01:08 | INFO: Extracting primitive: Mushroom radial gill.105
12:01:08 | INFO: Primitives created: 1
12:01:08 | INFO: Extracting primitive: Mushroom radial gill.106
12:01:08 | INFO: Primitives created: 1
12:01:08 | INFO: Extracting primitive: Mushroom radial gill.107
12:01:08 | INFO: Primitives created: 1
12:01:08 | INFO: Extracting primitive: Mushroom translucent stem groove.050
12:01:08 | INFO: Primitives created: 1
12:01:08 | INFO: Extracting primitive: Mushroom translucent stem groove.051
12:01:08 | INFO: Primitives created: 1
12:01:08 | INFO: Extracting primitive: Mushroom translucent stem groove.052
12:01:08 | INFO: Primitives created: 1
12:01:08 | INFO: Extracting primitive: Mushroom translucent stem groove.053
12:01:08 | INFO: Primitives created: 1
12:01:08 | INFO: Extracting primitive: Mushroom translucent stem groove.054
12:01:08 | INFO: Primitives created: 1
12:01:08 | INFO: Extracting primitive: Mushroom translucent stem groove.055
12:01:08 | INFO: Primitives created: 1
12:01:08 | INFO: Extracting primitive: Mushroom translucent stem groove.056
12:01:08 | INFO: Primitives created: 1
12:01:08 | INFO: Extracting primitive: Mushroom translucent stem groove.057
12:01:08 | INFO: Primitives created: 1
12:01:08 | INFO: Extracting primitive: Mushroom translucent stem groove.058
12:01:08 | INFO: Primitives created: 1
12:01:08 | INFO: Extracting primitive: Mushroom translucent stem groove.059
12:01:08 | INFO: Primitives created: 1
12:01:08 | INFO: Extracting primitive: Tiny floating glow spore.015
12:01:08 | INFO: Primitives created: 1
12:01:08 | INFO: Extracting primitive: Tiny floating glow spore.016
12:01:08 | INFO: Primitives created: 1
12:01:08 | INFO: Extracting primitive: Tiny floating glow spore.017
12:01:08 | INFO: Primitives created: 1
12:01:08 | INFO: Extracting primitive: Dream fern curled frond.003
12:01:08 | INFO: Primitives created: 1
12:01:08 | INFO: Extracting primitive: Dream fern curled frond.004
12:01:08 | INFO: Primitives created: 1
12:01:08 | INFO: Extracting primitive: Dream fern curled frond.005
12:01:08 | INFO: Primitives created: 1
12:01:08 | INFO: Extracting primitive: Dream fern teal leaflet.018
12:01:08 | INFO: Primitives created: 1
12:01:08 | INFO: Extracting primitive: Dream fern teal leaflet.019
12:01:08 | INFO: Primitives created: 1
12:01:08 | INFO: Extracting primitive: Dream fern teal leaflet.020
12:01:08 | INFO: Primitives created: 1
12:01:08 | INFO: Extracting primitive: Dream fern teal leaflet.021
12:01:08 | INFO: Primitives created: 1
12:01:08 | INFO: Extracting primitive: Dream fern teal leaflet.022
12:01:08 | INFO: Primitives created: 1
12:01:08 | INFO: Extracting primitive: Dream fern teal leaflet.023
12:01:08 | INFO: Primitives created: 1
12:01:08 | INFO: Extracting primitive: Dream fern teal leaflet.024
12:01:08 | INFO: Primitives created: 1
12:01:08 | INFO: Extracting primitive: Dream fern teal leaflet.025
12:01:08 | INFO: Primitives created: 1
12:01:08 | INFO: Extracting primitive: Dream fern teal leaflet.026
12:01:08 | INFO: Primitives created: 1
12:01:08 | INFO: Extracting primitive: Dream fern teal leaflet.027
12:01:08 | INFO: Primitives created: 1
12:01:08 | INFO: Extracting primitive: Dream fern teal leaflet.028
12:01:08 | INFO: Primitives created: 1
12:01:08 | INFO: Extracting primitive: Dream fern teal leaflet.029
12:01:08 | INFO: Primitives created: 1
12:01:08 | INFO: Extracting primitive: Dream fern teal leaflet.030
12:01:08 | INFO: Primitives created: 1
12:01:08 | INFO: Extracting primitive: Dream fern teal leaflet.031
12:01:08 | INFO: Primitives created: 1
12:01:08 | INFO: Extracting primitive: Dream fern teal leaflet.032
12:01:08 | INFO: Primitives created: 1
12:01:08 | INFO: Extracting primitive: Dream fern teal leaflet.033
12:01:08 | INFO: Primitives created: 1
12:01:08 | INFO: Extracting primitive: Dream fern teal leaflet.034
12:01:08 | INFO: Primitives created: 1
12:01:08 | INFO: Extracting primitive: Dream fern teal leaflet.035
12:01:08 | INFO: Primitives created: 1
12:01:08 | INFO: Finished glTF 2.0 export in 1.3579473495483398 s
00:12.758  blend            | Read blend: "/home/bart/.treehouse/odot-game-assets-86a3a5/2/odot-game-assets/sources/environment/hex_glowing_mushrooms.blend"

Exported environment/hex_dream_menagerie; source unchanged
12:01:08 | INFO: Starting glTF 2.0 export
12:01:08 | INFO: Extracting primitive: Angular mossy forest boulder.003
12:01:08 | INFO: Primitives created: 3
12:01:08 | INFO: Extracting primitive: Broad woodland leaf.018
12:01:08 | INFO: Primitives created: 1
12:01:08 | INFO: Extracting primitive: Broad woodland leaf.019
12:01:08 | INFO: Primitives created: 1
12:01:08 | INFO: Extracting primitive: Broad woodland leaf.020
12:01:08 | INFO: Primitives created: 1
12:01:08 | INFO: Extracting primitive: Broad woodland leaf.021
12:01:08 | INFO: Primitives created: 1
12:01:08 | INFO: Extracting primitive: Broad woodland leaf.022
12:01:08 | INFO: Primitives created: 1
12:01:08 | INFO: Extracting primitive: Broad woodland leaf.023
12:01:08 | INFO: Primitives created: 1
12:01:08 | INFO: Extracting primitive: Moss tiny sprouting mound.009
12:01:08 | INFO: Primitives created: 1
12:01:08 | INFO: Extracting primitive: Moss tiny sprouting mound.010
12:01:08 | INFO: Primitives created: 1
12:01:08 | INFO: Extracting primitive: Moss tiny sprouting mound.011
12:01:08 | INFO: Primitives created: 1
12:01:08 | INFO: Extracting primitive: Soft moss patch.009
12:01:09 | INFO: Primitives created: 1
12:01:09 | INFO: Extracting primitive: Soft moss patch.010
12:01:09 | INFO: Primitives created: 1
12:01:09 | INFO: Extracting primitive: Soft moss patch.011
12:01:09 | INFO: Primitives created: 1
12:01:09 | INFO: Extracting primitive: Faceted magical crystal.005
12:01:09 | INFO: Primitives created: 3
12:01:09 | INFO: Extracting primitive: Faceted magical crystal.006
12:01:09 | INFO: Primitives created: 2
12:01:09 | INFO: Extracting primitive: Curled fern fiddlehead.003
12:01:09 | INFO: Primitives created: 1
12:01:09 | INFO: Extracting primitive: Fern central stem.018
12:01:09 | INFO: Primitives created: 1
12:01:09 | INFO: Extracting primitive: Fern central stem.019
12:01:09 | INFO: Primitives created: 1
12:01:09 | INFO: Extracting primitive: Fern central stem.020
12:01:09 | INFO: Primitives created: 1
12:01:09 | INFO: Extracting primitive: Fern central stem.021
12:01:09 | INFO: Primitives created: 1
12:01:09 | INFO: Extracting primitive: Fern central stem.022
12:01:09 | INFO: Primitives created: 1
12:01:09 | INFO: Extracting primitive: Fern central stem.023
12:01:09 | INFO: Primitives created: 1
12:01:09 | INFO: Extracting primitive: Fern leaflet.144
12:01:09 | INFO: Primitives created: 1
12:01:09 | INFO: Extracting primitive: Fern leaflet.145
12:01:09 | INFO: Primitives created: 1
12:01:09 | INFO: Extracting primitive: Fern leaflet.146
12:01:09 | INFO: Primitives created: 1
12:01:09 | INFO: Extracting primitive: Fern leaflet.147
12:01:09 | INFO: Primitives created: 1
12:01:09 | INFO: Extracting primitive: Fern leaflet.148
12:01:09 | INFO: Primitives created: 1
12:01:09 | INFO: Extracting primitive: Fern leaflet.149
12:01:09 | INFO: Primitives created: 1
12:01:09 | INFO: Extracting primitive: Fern leaflet.150
12:01:09 | INFO: Primitives created: 1
12:01:09 | INFO: Extracting primitive: Fern leaflet.151
12:01:09 | INFO: Primitives created: 1
12:01:09 | INFO: Extracting primitive: Fern leaflet.152
12:01:09 | INFO: Primitives created: 1
12:01:09 | INFO: Extracting primitive: Fern leaflet.153
12:01:09 | INFO: Primitives created: 1
12:01:09 | INFO: Extracting primitive: Fern leaflet.154
12:01:09 | INFO: Primitives created: 1
12:01:09 | INFO: Extracting primitive: Fern leaflet.155
12:01:09 | INFO: Primitives created: 1
12:01:09 | INFO: Extracting primitive: Fern leaflet.156
12:01:09 | INFO: Primitives created: 1
12:01:09 | INFO: Extracting primitive: Fern leaflet.157
12:01:09 | INFO: Primitives created: 1
12:01:09 | INFO: Extracting primitive: Fern leaflet.158
12:01:09 | INFO: Primitives created: 1
12:01:09 | INFO: Extracting primitive: Fern leaflet.159
12:01:09 | INFO: Primitives created: 1
12:01:09 | INFO: Extracting primitive: Fern leaflet.160
12:01:09 | INFO: Primitives created: 1
12:01:09 | INFO: Extracting primitive: Fern leaflet.161
12:01:09 | INFO: Primitives created: 1
12:01:09 | INFO: Extracting primitive: Fern leaflet.162
12:01:09 | INFO: Primitives created: 1
12:01:09 | INFO: Extracting primitive: Fern leaflet.163
12:01:09 | INFO: Primitives created: 1
12:01:09 | INFO: Extracting primitive: Fern leaflet.164
12:01:09 | INFO: Primitives created: 1
12:01:09 | INFO: Extracting primitive: Fern leaflet.165
12:01:09 | INFO: Primitives created: 1
12:01:09 | INFO: Extracting primitive: Fern leaflet.166
12:01:09 | INFO: Primitives created: 1
12:01:09 | INFO: Extracting primitive: Fern leaflet.167
12:01:09 | INFO: Primitives created: 1
12:01:09 | INFO: Extracting primitive: Fern leaflet.168
12:01:09 | INFO: Primitives created: 1
12:01:09 | INFO: Extracting primitive: Fern leaflet.169
12:01:09 | INFO: Primitives created: 1
12:01:09 | INFO: Extracting primitive: Fern leaflet.170
12:01:09 | INFO: Primitives created: 1
12:01:09 | INFO: Extracting primitive: Fern leaflet.171
12:01:09 | INFO: Primitives created: 1
12:01:09 | INFO: Extracting primitive: Fern leaflet.172
12:01:09 | INFO: Primitives created: 1
12:01:09 | INFO: Extracting primitive: Fern leaflet.173
12:01:09 | INFO: Primitives created: 1
12:01:09 | INFO: Extracting primitive: Fern leaflet.174
12:01:09 | INFO: Primitives created: 1
12:01:09 | INFO: Extracting primitive: Fern leaflet.175
12:01:09 | INFO: Primitives created: 1
12:01:09 | INFO: Extracting primitive: Fern leaflet.176
12:01:09 | INFO: Primitives created: 1
12:01:09 | INFO: Extracting primitive: Fern leaflet.177
12:01:09 | INFO: Primitives created: 1
12:01:09 | INFO: Extracting primitive: Fern leaflet.178
12:01:09 | INFO: Primitives created: 1
12:01:09 | INFO: Extracting primitive: Fern leaflet.179
12:01:09 | INFO: Primitives created: 1
12:01:09 | INFO: Extracting primitive: Fern leaflet.180
12:01:09 | INFO: Primitives created: 1
12:01:09 | INFO: Extracting primitive: Fern leaflet.181
12:01:09 | INFO: Primitives created: 1
12:01:09 | INFO: Extracting primitive: Fern leaflet.182
12:01:09 | INFO: Primitives created: 1
12:01:09 | INFO: Extracting primitive: Fern leaflet.183
12:01:09 | INFO: Primitives created: 1
12:01:09 | INFO: Extracting primitive: Fern leaflet.184
12:01:09 | INFO: Primitives created: 1
12:01:09 | INFO: Extracting primitive: Fern leaflet.185
12:01:09 | INFO: Primitives created: 1
12:01:09 | INFO: Extracting primitive: Fern leaflet.186
12:01:09 | INFO: Primitives created: 1
12:01:09 | INFO: Extracting primitive: Fern leaflet.187
12:01:09 | INFO: Primitives created: 1
12:01:09 | INFO: Extracting primitive: Fern leaflet.188
12:01:09 | INFO: Primitives created: 1
12:01:09 | INFO: Extracting primitive: Fern leaflet.189
12:01:09 | INFO: Primitives created: 1
12:01:09 | INFO: Extracting primitive: Fern leaflet.190
12:01:09 | INFO: Primitives created: 1
12:01:09 | INFO: Extracting primitive: Fern leaflet.191
12:01:09 | INFO: Primitives created: 1
12:01:09 | INFO: Extracting primitive: Fern unfolding leaf tip.006
12:01:09 | INFO: Primitives created: 1
12:01:09 | INFO: Extracting primitive: Fern unfolding leaf tip.007
12:01:09 | INFO: Primitives created: 1
12:01:09 | INFO: Extracting primitive: Fine scattered woodland grasses.003
12:01:09 | INFO: Primitives created: 1
12:01:09 | INFO: Extracting primitive: Flower center.009
12:01:09 | INFO: Primitives created: 1
12:01:09 | INFO: Extracting primitive: Flower center.010
12:01:09 | INFO: Primitives created: 1
12:01:09 | INFO: Extracting primitive: Flower center.011
12:01:09 | INFO: Primitives created: 1
12:01:09 | INFO: Extracting primitive: Flower petal.045
12:01:09 | INFO: Primitives created: 1
12:01:09 | INFO: Extracting primitive: Flower petal.046
12:01:09 | INFO: Primitives created: 1
12:01:09 | INFO: Extracting primitive: Flower petal.047
12:01:09 | INFO: Primitives created: 1
12:01:09 | INFO: Extracting primitive: Flower petal.048
12:01:09 | INFO: Primitives created: 1
12:01:09 | INFO: Extracting primitive: Flower petal.049
12:01:09 | INFO: Primitives created: 1
12:01:09 | INFO: Extracting primitive: Flower petal.050
12:01:09 | INFO: Primitives created: 1
12:01:09 | INFO: Extracting primitive: Flower petal.051
12:01:09 | INFO: Primitives created: 1
12:01:09 | INFO: Extracting primitive: Flower petal.052
12:01:09 | INFO: Primitives created: 1
12:01:09 | INFO: Extracting primitive: Flower petal.053
12:01:09 | INFO: Primitives created: 1
12:01:09 | INFO: Extracting primitive: Flower petal.054
12:01:09 | INFO: Primitives created: 1
12:01:09 | INFO: Extracting primitive: Flower petal.055
12:01:09 | INFO: Primitives created: 1
12:01:09 | INFO: Extracting primitive: Flower petal.056
12:01:09 | INFO: Primitives created: 1
12:01:09 | INFO: Extracting primitive: Flower petal.057
12:01:09 | INFO: Primitives created: 1
12:01:09 | INFO: Extracting primitive: Flower petal.058
12:01:09 | INFO: Primitives created: 1
12:01:09 | INFO: Extracting primitive: Flower petal.059
12:01:09 | INFO: Primitives created: 1
12:01:09 | INFO: Extracting primitive: Flower stem.009
12:01:09 | INFO: Primitives created: 1
12:01:09 | INFO: Extracting primitive: Flower stem.010
12:01:09 | INFO: Primitives created: 1
12:01:09 | INFO: Extracting primitive: Flower stem.011
12:01:09 | INFO: Primitives created: 1
12:01:09 | INFO: Extracting primitive: Standard hex earth layer.003
12:01:09 | INFO: Primitives created: 1
12:01:09 | INFO: Extracting primitive: Standard hex meadow top.003
12:01:09 | INFO: Primitives created: 1
12:01:09 | INFO: Extracting primitive: Standard hex stone foundation.003
12:01:09 | INFO: Primitives created: 1
12:01:09 | INFO: Extracting primitive: Thin meadow rim shadow.018
12:01:09 | INFO: Primitives created: 1
12:01:09 | INFO: Extracting primitive: Thin meadow rim shadow.019
12:01:09 | INFO: Primitives created: 1
12:01:09 | INFO: Extracting primitive: Thin meadow rim shadow.020
12:01:09 | INFO: Primitives created: 1
12:01:09 | INFO: Extracting primitive: Thin meadow rim shadow.021
12:01:09 | INFO: Primitives created: 1
12:01:09 | INFO: Extracting primitive: Thin meadow rim shadow.022
12:01:09 | INFO: Primitives created: 1
12:01:09 | INFO: Extracting primitive: Thin meadow rim shadow.023
12:01:09 | INFO: Primitives created: 1
12:01:09 | INFO: Extracting primitive: Bioluminescent cap spot.064
12:01:09 | INFO: Primitives created: 1
12:01:09 | INFO: Extracting primitive: Bioluminescent cap spot.065
12:01:09 | INFO: Primitives created: 1
12:01:09 | INFO: Extracting primitive: Bioluminescent cap spot.066
12:01:09 | INFO: Primitives created: 1
12:01:09 | INFO: Extracting primitive: Bioluminescent cap spot.067
12:01:09 | INFO: Primitives created: 1
12:01:09 | INFO: Extracting primitive: Bioluminescent cap spot.068
12:01:09 | INFO: Primitives created: 1
12:01:09 | INFO: Extracting primitive: Bioluminescent cap spot.069
12:01:09 | INFO: Primitives created: 1
12:01:09 | INFO: Extracting primitive: Bioluminescent cap spot.070
12:01:09 | INFO: Primitives created: 1
12:01:09 | INFO: Extracting primitive: Bioluminescent cap spot.071
12:01:09 | INFO: Primitives created: 1
12:01:09 | INFO: Extracting primitive: Broad faceted mushroom cap.008
12:01:09 | INFO: Primitives created: 1
12:01:09 | INFO: Extracting primitive: Curving luminous mushroom stem.008
12:01:09 | INFO: Primitives created: 1
12:01:09 | INFO: Extracting primitive: Luminous cap underside.008
12:01:09 | INFO: Primitives created: 1
12:01:09 | INFO: Extracting primitive: Mushroom radial gill.096
12:01:09 | INFO: Primitives created: 1
12:01:09 | INFO: Extracting primitive: Mushroom radial gill.097
12:01:09 | INFO: Primitives created: 1
12:01:09 | INFO: Extracting primitive: Mushroom radial gill.098
12:01:09 | INFO: Primitives created: 1
12:01:09 | INFO: Extracting primitive: Mushroom radial gill.099
12:01:09 | INFO: Primitives created: 1
12:01:09 | INFO: Extracting primitive: Mushroom radial gill.100
12:01:09 | INFO: Primitives created: 1
12:01:09 | INFO: Extracting primitive: Mushroom radial gill.101
12:01:09 | INFO: Primitives created: 1
12:01:09 | INFO: Extracting primitive: Mushroom radial gill.102
12:01:09 | INFO: Primitives created: 1
12:01:09 | INFO: Extracting primitive: Mushroom radial gill.103
12:01:09 | INFO: Primitives created: 1
12:01:09 | INFO: Extracting primitive: Mushroom radial gill.104
12:01:09 | INFO: Primitives created: 1
12:01:09 | INFO: Extracting primitive: Mushroom radial gill.105
12:01:09 | INFO: Primitives created: 1
12:01:09 | INFO: Extracting primitive: Mushroom radial gill.106
12:01:09 | INFO: Primitives created: 1
12:01:09 | INFO: Extracting primitive: Mushroom radial gill.107
12:01:09 | INFO: Primitives created: 1
12:01:09 | INFO: Extracting primitive: Tiny floating glow spore.024
12:01:09 | INFO: Primitives created: 1
12:01:09 | INFO: Extracting primitive: Tiny floating glow spore.025
12:01:09 | INFO: Primitives created: 1
12:01:09 | INFO: Extracting primitive: Tiny floating glow spore.026
12:01:09 | INFO: Primitives created: 1
12:01:09 | INFO: Extracting primitive: Bioluminescent cap spot.072
12:01:09 | INFO: Primitives created: 1
12:01:09 | INFO: Extracting primitive: Bioluminescent cap spot.073
12:01:09 | INFO: Primitives created: 1
12:01:09 | INFO: Extracting primitive: Bioluminescent cap spot.074
12:01:09 | INFO: Primitives created: 1
12:01:09 | INFO: Extracting primitive: Bioluminescent cap spot.075
12:01:09 | INFO: Primitives created: 1
12:01:09 | INFO: Extracting primitive: Bioluminescent cap spot.076
12:01:09 | INFO: Primitives created: 1
12:01:09 | INFO: Extracting primitive: Bioluminescent cap spot.077
12:01:09 | INFO: Primitives created: 1
12:01:09 | INFO: Extracting primitive: Bioluminescent cap spot.078
12:01:09 | INFO: Primitives created: 1
12:01:09 | INFO: Extracting primitive: Bioluminescent cap spot.079
12:01:09 | INFO: Primitives created: 1
12:01:09 | INFO: Extracting primitive: Broad faceted mushroom cap.009
12:01:10 | INFO: Primitives created: 1
12:01:10 | INFO: Extracting primitive: Curving luminous mushroom stem.009
12:01:10 | INFO: Primitives created: 1
12:01:10 | INFO: Extracting primitive: Luminous cap underside.009
12:01:10 | INFO: Primitives created: 1
12:01:10 | INFO: Extracting primitive: Mushroom radial gill.108
12:01:10 | INFO: Primitives created: 1
12:01:10 | INFO: Extracting primitive: Mushroom radial gill.109
12:01:10 | INFO: Primitives created: 1
12:01:10 | INFO: Extracting primitive: Mushroom radial gill.110
12:01:10 | INFO: Primitives created: 1
12:01:10 | INFO: Extracting primitive: Mushroom radial gill.111
12:01:10 | INFO: Primitives created: 1
12:01:10 | INFO: Extracting primitive: Mushroom radial gill.112
12:01:10 | INFO: Primitives created: 1
12:01:10 | INFO: Extracting primitive: Mushroom radial gill.113
12:01:10 | INFO: Primitives created: 1
12:01:10 | INFO: Extracting primitive: Mushroom radial gill.114
12:01:10 | INFO: Primitives created: 1
12:01:10 | INFO: Extracting primitive: Mushroom radial gill.115
12:01:10 | INFO: Primitives created: 1
12:01:10 | INFO: Extracting primitive: Mushroom radial gill.116
12:01:10 | INFO: Primitives created: 1
12:01:10 | INFO: Extracting primitive: Mushroom radial gill.117
12:01:10 | INFO: Primitives created: 1
12:01:10 | INFO: Extracting primitive: Mushroom radial gill.118
12:01:10 | INFO: Primitives created: 1
12:01:10 | INFO: Extracting primitive: Mushroom radial gill.119
12:01:10 | INFO: Primitives created: 1
12:01:10 | INFO: Extracting primitive: Tiny floating glow spore.027
12:01:10 | INFO: Primitives created: 1
12:01:10 | INFO: Extracting primitive: Tiny floating glow spore.028
12:01:10 | INFO: Primitives created: 1
12:01:10 | INFO: Extracting primitive: Tiny floating glow spore.029
12:01:10 | INFO: Primitives created: 1
12:01:10 | INFO: Extracting primitive: Bioluminescent cap spot.080
12:01:10 | INFO: Primitives created: 1
12:01:10 | INFO: Extracting primitive: Bioluminescent cap spot.081
12:01:10 | INFO: Primitives created: 1
12:01:10 | INFO: Extracting primitive: Bioluminescent cap spot.082
12:01:10 | INFO: Primitives created: 1
12:01:10 | INFO: Extracting primitive: Bioluminescent cap spot.083
12:01:10 | INFO: Primitives created: 1
12:01:10 | INFO: Extracting primitive: Bioluminescent cap spot.084
12:01:10 | INFO: Primitives created: 1
12:01:10 | INFO: Extracting primitive: Bioluminescent cap spot.085
12:01:10 | INFO: Primitives created: 1
12:01:10 | INFO: Extracting primitive: Bioluminescent cap spot.086
12:01:10 | INFO: Primitives created: 1
12:01:10 | INFO: Extracting primitive: Bioluminescent cap spot.087
12:01:10 | INFO: Primitives created: 1
12:01:10 | INFO: Extracting primitive: Broad faceted mushroom cap.010
12:01:10 | INFO: Primitives created: 1
12:01:10 | INFO: Extracting primitive: Curving luminous mushroom stem.010
12:01:10 | INFO: Primitives created: 1
12:01:10 | INFO: Extracting primitive: Luminous cap underside.010
12:01:10 | INFO: Primitives created: 1
12:01:10 | INFO: Extracting primitive: Mushroom radial gill.120
12:01:10 | INFO: Primitives created: 1
12:01:10 | INFO: Extracting primitive: Mushroom radial gill.121
12:01:10 | INFO: Primitives created: 1
12:01:10 | INFO: Extracting primitive: Mushroom radial gill.122
12:01:10 | INFO: Primitives created: 1
12:01:10 | INFO: Extracting primitive: Mushroom radial gill.123
12:01:10 | INFO: Primitives created: 1
12:01:10 | INFO: Extracting primitive: Mushroom radial gill.124
12:01:10 | INFO: Primitives created: 1
12:01:10 | INFO: Extracting primitive: Mushroom radial gill.125
12:01:10 | INFO: Primitives created: 1
12:01:10 | INFO: Extracting primitive: Mushroom radial gill.126
12:01:10 | INFO: Primitives created: 1
12:01:10 | INFO: Extracting primitive: Mushroom radial gill.127
12:01:10 | INFO: Primitives created: 1
12:01:10 | INFO: Extracting primitive: Mushroom radial gill.128
12:01:10 | INFO: Primitives created: 1
12:01:10 | INFO: Extracting primitive: Mushroom radial gill.129
12:01:10 | INFO: Primitives created: 1
12:01:10 | INFO: Extracting primitive: Mushroom radial gill.130
12:01:10 | INFO: Primitives created: 1
12:01:10 | INFO: Extracting primitive: Mushroom radial gill.131
12:01:10 | INFO: Primitives created: 1
12:01:10 | INFO: Extracting primitive: Mushroom translucent stem groove.100
12:01:10 | INFO: Primitives created: 1
12:01:10 | INFO: Extracting primitive: Mushroom translucent stem groove.101
12:01:10 | INFO: Primitives created: 1
12:01:10 | INFO: Extracting primitive: Mushroom translucent stem groove.102
12:01:10 | INFO: Primitives created: 1
12:01:10 | INFO: Extracting primitive: Mushroom translucent stem groove.103
12:01:10 | INFO: Primitives created: 1
12:01:10 | INFO: Extracting primitive: Mushroom translucent stem groove.104
12:01:10 | INFO: Primitives created: 1
12:01:10 | INFO: Extracting primitive: Mushroom translucent stem groove.105
12:01:10 | INFO: Primitives created: 1
12:01:10 | INFO: Extracting primitive: Mushroom translucent stem groove.106
12:01:10 | INFO: Primitives created: 1
12:01:10 | INFO: Extracting primitive: Mushroom translucent stem groove.107
12:01:10 | INFO: Primitives created: 1
12:01:10 | INFO: Extracting primitive: Mushroom translucent stem groove.108
12:01:10 | INFO: Primitives created: 1
12:01:10 | INFO: Extracting primitive: Mushroom translucent stem groove.109
12:01:10 | INFO: Primitives created: 1
12:01:10 | INFO: Extracting primitive: Tiny floating glow spore.030
12:01:10 | INFO: Primitives created: 1
12:01:10 | INFO: Extracting primitive: Tiny floating glow spore.031
12:01:10 | INFO: Primitives created: 1
12:01:10 | INFO: Extracting primitive: Tiny floating glow spore.032
12:01:10 | INFO: Primitives created: 1
12:01:10 | INFO: Finished glTF 2.0 export in 1.6317558288574219 s
00:14.546  blend            | Read blend: "/home/bart/.treehouse/odot-game-assets-86a3a5/2/odot-game-assets/sources/environment/hex_hollow_watchers.blend"

Exported environment/hex_glowing_mushrooms; source unchanged
12:01:10 | INFO: Starting glTF 2.0 export
12:01:10 | INFO: Extracting primitive: Angular mossy forest boulder
12:01:10 | INFO: Primitives created: 3
12:01:10 | INFO: Extracting primitive: Faceted magical crystal.001
12:01:10 | INFO: Primitives created: 2
12:01:10 | INFO: Extracting primitive: Curled fern fiddlehead
12:01:10 | INFO: Primitives created: 1
12:01:10 | INFO: Extracting primitive: Fern central stem
12:01:10 | INFO: Primitives created: 1
12:01:10 | INFO: Extracting primitive: Fern central stem.001
12:01:10 | INFO: Primitives created: 1
12:01:10 | INFO: Extracting primitive: Fern central stem.002
12:01:10 | INFO: Primitives created: 1
12:01:10 | INFO: Extracting primitive: Fern central stem.003
12:01:10 | INFO: Primitives created: 1
12:01:10 | INFO: Extracting primitive: Fern central stem.004
12:01:10 | INFO: Primitives created: 1
12:01:10 | INFO: Extracting primitive: Fern central stem.005
12:01:10 | INFO: Primitives created: 1
12:01:10 | INFO: Extracting primitive: Fern leaflet
12:01:10 | INFO: Primitives created: 1
12:01:10 | INFO: Extracting primitive: Fern leaflet.001
12:01:10 | INFO: Primitives created: 1
12:01:10 | INFO: Extracting primitive: Fern leaflet.002
12:01:10 | INFO: Primitives created: 1
12:01:10 | INFO: Extracting primitive: Fern leaflet.003
12:01:10 | INFO: Primitives created: 1
12:01:10 | INFO: Extracting primitive: Fern leaflet.004
12:01:10 | INFO: Primitives created: 1
12:01:10 | INFO: Extracting primitive: Fern leaflet.005
12:01:10 | INFO: Primitives created: 1
12:01:10 | INFO: Extracting primitive: Fern leaflet.006
12:01:10 | INFO: Primitives created: 1
12:01:10 | INFO: Extracting primitive: Fern leaflet.007
12:01:10 | INFO: Primitives created: 1
12:01:10 | INFO: Extracting primitive: Fern leaflet.008
12:01:10 | INFO: Primitives created: 1
12:01:10 | INFO: Extracting primitive: Fern leaflet.009
12:01:10 | INFO: Primitives created: 1
12:01:10 | INFO: Extracting primitive: Fern leaflet.010
12:01:10 | INFO: Primitives created: 1
12:01:10 | INFO: Extracting primitive: Fern leaflet.011
12:01:10 | INFO: Primitives created: 1
12:01:10 | INFO: Extracting primitive: Fern leaflet.012
12:01:10 | INFO: Primitives created: 1
12:01:10 | INFO: Extracting primitive: Fern leaflet.013
12:01:10 | INFO: Primitives created: 1
12:01:10 | INFO: Extracting primitive: Fern leaflet.014
12:01:10 | INFO: Primitives created: 1
12:01:10 | INFO: Extracting primitive: Fern leaflet.015
12:01:10 | INFO: Primitives created: 1
12:01:10 | INFO: Extracting primitive: Fern leaflet.016
12:01:10 | INFO: Primitives created: 1
12:01:10 | INFO: Extracting primitive: Fern leaflet.017
12:01:10 | INFO: Primitives created: 1
12:01:10 | INFO: Extracting primitive: Fern leaflet.018
12:01:10 | INFO: Primitives created: 1
12:01:10 | INFO: Extracting primitive: Fern leaflet.019
12:01:10 | INFO: Primitives created: 1
12:01:10 | INFO: Extracting primitive: Fern leaflet.020
12:01:10 | INFO: Primitives created: 1
12:01:10 | INFO: Extracting primitive: Fern leaflet.021
12:01:10 | INFO: Primitives created: 1
12:01:10 | INFO: Extracting primitive: Fern leaflet.022
12:01:10 | INFO: Primitives created: 1
12:01:10 | INFO: Extracting primitive: Fern leaflet.023
12:01:10 | INFO: Primitives created: 1
12:01:10 | INFO: Extracting primitive: Fern leaflet.024
12:01:10 | INFO: Primitives created: 1
12:01:10 | INFO: Extracting primitive: Fern leaflet.025
12:01:10 | INFO: Primitives created: 1
12:01:10 | INFO: Extracting primitive: Fern leaflet.026
12:01:10 | INFO: Primitives created: 1
12:01:10 | INFO: Extracting primitive: Fern leaflet.027
12:01:10 | INFO: Primitives created: 1
12:01:10 | INFO: Extracting primitive: Fern leaflet.028
12:01:10 | INFO: Primitives created: 1
12:01:10 | INFO: Extracting primitive: Fern leaflet.029
12:01:10 | INFO: Primitives created: 1
12:01:10 | INFO: Extracting primitive: Fern leaflet.030
12:01:10 | INFO: Primitives created: 1
12:01:10 | INFO: Extracting primitive: Fern leaflet.031
12:01:10 | INFO: Primitives created: 1
12:01:10 | INFO: Extracting primitive: Fern leaflet.032
12:01:10 | INFO: Primitives created: 1
12:01:10 | INFO: Extracting primitive: Fern leaflet.033
12:01:10 | INFO: Primitives created: 1
12:01:10 | INFO: Extracting primitive: Fern leaflet.034
12:01:10 | INFO: Primitives created: 1
12:01:10 | INFO: Extracting primitive: Fern leaflet.035
12:01:10 | INFO: Primitives created: 1
12:01:10 | INFO: Extracting primitive: Fern leaflet.036
12:01:10 | INFO: Primitives created: 1
12:01:10 | INFO: Extracting primitive: Fern leaflet.037
12:01:10 | INFO: Primitives created: 1
12:01:10 | INFO: Extracting primitive: Fern leaflet.038
12:01:10 | INFO: Primitives created: 1
12:01:10 | INFO: Extracting primitive: Fern leaflet.039
12:01:10 | INFO: Primitives created: 1
12:01:10 | INFO: Extracting primitive: Fern leaflet.040
12:01:10 | INFO: Primitives created: 1
12:01:10 | INFO: Extracting primitive: Fern leaflet.041
12:01:10 | INFO: Primitives created: 1
12:01:10 | INFO: Extracting primitive: Fern leaflet.042
12:01:10 | INFO: Primitives created: 1
12:01:10 | INFO: Extracting primitive: Fern leaflet.043
12:01:10 | INFO: Primitives created: 1
12:01:10 | INFO: Extracting primitive: Fern leaflet.044
12:01:10 | INFO: Primitives created: 1
12:01:10 | INFO: Extracting primitive: Fern leaflet.045
12:01:10 | INFO: Primitives created: 1
12:01:10 | INFO: Extracting primitive: Fern leaflet.046
12:01:10 | INFO: Primitives created: 1
12:01:10 | INFO: Extracting primitive: Fern leaflet.047
12:01:10 | INFO: Primitives created: 1
12:01:10 | INFO: Extracting primitive: Fern unfolding leaf tip
12:01:10 | INFO: Primitives created: 1
12:01:10 | INFO: Extracting primitive: Fern unfolding leaf tip.001
12:01:10 | INFO: Primitives created: 1
12:01:10 | INFO: Extracting primitive: Fine grasses around dreaming forest contacts
12:01:10 | INFO: Primitives created: 1
12:01:10 | INFO: Extracting primitive: Standard hex earth layer
12:01:10 | INFO: Primitives created: 1
12:01:10 | INFO: Extracting primitive: Standard hex meadow top
12:01:10 | INFO: Primitives created: 1
12:01:10 | INFO: Extracting primitive: Standard hex stone foundation
12:01:10 | INFO: Primitives created: 1
12:01:10 | INFO: Extracting primitive: Thin meadow rim shadow
12:01:10 | INFO: Primitives created: 1
12:01:10 | INFO: Extracting primitive: Thin meadow rim shadow.001
12:01:10 | INFO: Primitives created: 1
12:01:10 | INFO: Extracting primitive: Thin meadow rim shadow.002
12:01:10 | INFO: Primitives created: 1
12:01:10 | INFO: Extracting primitive: Thin meadow rim shadow.003
12:01:10 | INFO: Primitives created: 1
12:01:10 | INFO: Extracting primitive: Thin meadow rim shadow.004
12:01:10 | INFO: Primitives created: 1
12:01:10 | INFO: Extracting primitive: Thin meadow rim shadow.005
12:01:10 | INFO: Primitives created: 1
12:01:10 | INFO: Extracting primitive: Bioluminescent cap spot
12:01:10 | INFO: Primitives created: 1
12:01:10 | INFO: Extracting primitive: Bioluminescent cap spot.001
12:01:10 | INFO: Primitives created: 1
12:01:10 | INFO: Extracting primitive: Bioluminescent cap spot.002
12:01:10 | INFO: Primitives created: 1
12:01:10 | INFO: Extracting primitive: Bioluminescent cap spot.003
12:01:10 | INFO: Primitives created: 1
12:01:10 | INFO: Extracting primitive: Bioluminescent cap spot.004
12:01:10 | INFO: Primitives created: 1
12:01:10 | INFO: Extracting primitive: Bioluminescent cap spot.005
12:01:10 | INFO: Primitives created: 1
12:01:10 | INFO: Extracting primitive: Bioluminescent cap spot.006
12:01:10 | INFO: Primitives created: 1
12:01:10 | INFO: Extracting primitive: Bioluminescent cap spot.007
12:01:10 | INFO: Primitives created: 1
12:01:10 | INFO: Extracting primitive: Bioluminescent cap spot.008
12:01:10 | INFO: Primitives created: 1
12:01:10 | INFO: Extracting primitive: Bioluminescent cap spot.009
12:01:10 | INFO: Primitives created: 1
12:01:10 | INFO: Extracting primitive: Bioluminescent cap spot.010
12:01:10 | INFO: Primitives created: 1
12:01:10 | INFO: Extracting primitive: Bioluminescent cap spot.011
12:01:10 | INFO: Primitives created: 1
12:01:10 | INFO: Extracting primitive: Bioluminescent cap spot.012
12:01:10 | INFO: Primitives created: 1
12:01:10 | INFO: Extracting primitive: Bioluminescent cap spot.013
12:01:10 | INFO: Primitives created: 1
12:01:10 | INFO: Extracting primitive: Bioluminescent cap spot.014
12:01:10 | INFO: Primitives created: 1
12:01:11 | INFO: Extracting primitive: Bioluminescent cap spot.015
12:01:11 | INFO: Primitives created: 1
12:01:11 | INFO: Extracting primitive: Bioluminescent cap spot.016
12:01:11 | INFO: Primitives created: 1
12:01:11 | INFO: Extracting primitive: Bioluminescent cap spot.017
12:01:11 | INFO: Primitives created: 1
12:01:11 | INFO: Extracting primitive: Bioluminescent cap spot.018
12:01:11 | INFO: Primitives created: 1
12:01:11 | INFO: Extracting primitive: Bioluminescent cap spot.019
12:01:11 | INFO: Primitives created: 1
12:01:11 | INFO: Extracting primitive: Bioluminescent cap spot.020
12:01:11 | INFO: Primitives created: 1
12:01:11 | INFO: Extracting primitive: Bioluminescent cap spot.021
12:01:11 | INFO: Primitives created: 1
12:01:11 | INFO: Extracting primitive: Bioluminescent cap spot.022
12:01:11 | INFO: Primitives created: 1
12:01:11 | INFO: Extracting primitive: Bioluminescent cap spot.023
12:01:11 | INFO: Primitives created: 1
12:01:11 | INFO: Extracting primitive: Broad faceted mushroom cap
12:01:11 | INFO: Primitives created: 1
12:01:11 | INFO: Extracting primitive: Broad faceted mushroom cap.001
12:01:11 | INFO: Primitives created: 1
12:01:11 | INFO: Extracting primitive: Broad faceted mushroom cap.002
12:01:11 | INFO: Primitives created: 1
12:01:11 | INFO: Extracting primitive: Crooked reaching bough
12:01:11 | INFO: Primitives created: 1
12:01:11 | INFO: Extracting primitive: Crooked reaching bough.001
12:01:11 | INFO: Primitives created: 1
12:01:11 | INFO: Extracting primitive: Curving luminous mushroom stem
12:01:11 | INFO: Primitives created: 1
12:01:11 | INFO: Extracting primitive: Curving luminous mushroom stem.001
12:01:11 | INFO: Primitives created: 1
12:01:11 | INFO: Extracting primitive: Curving luminous mushroom stem.002
12:01:11 | INFO: Primitives created: 1
12:01:11 | INFO: Extracting primitive: Forked reaching twig
12:01:11 | INFO: Primitives created: 1
12:01:11 | INFO: Extracting primitive: Forked reaching twig.001
12:01:11 | INFO: Primitives created: 1
12:01:11 | INFO: Extracting primitive: Hollow watcher cheek timber
12:01:11 | INFO: Primitives created: 1
12:01:11 | INFO: Extracting primitive: Hollow watcher cheek timber.001
12:01:11 | INFO: Primitives created: 1
12:01:11 | INFO: Extracting primitive: Hollow watcher rear trunk
12:01:11 | INFO: Primitives created: 1
12:01:11 | INFO: Extracting primitive: Luminous cap underside
12:01:11 | INFO: Primitives created: 1
12:01:11 | INFO: Extracting primitive: Luminous cap underside.001
12:01:11 | INFO: Primitives created: 1
12:01:11 | INFO: Extracting primitive: Luminous cap underside.002
12:01:11 | INFO: Primitives created: 1
12:01:11 | INFO: Extracting primitive: Mushroom radial gill
12:01:11 | INFO: Primitives created: 1
12:01:11 | INFO: Extracting primitive: Mushroom radial gill.001
12:01:11 | INFO: Primitives created: 1
12:01:11 | INFO: Extracting primitive: Mushroom radial gill.002
12:01:11 | INFO: Primitives created: 1
12:01:11 | INFO: Extracting primitive: Mushroom radial gill.003
12:01:11 | INFO: Primitives created: 1
12:01:11 | INFO: Extracting primitive: Mushroom radial gill.004
12:01:11 | INFO: Primitives created: 1
12:01:11 | INFO: Extracting primitive: Mushroom radial gill.005
12:01:11 | INFO: Primitives created: 1
12:01:11 | INFO: Extracting primitive: Mushroom radial gill.006
12:01:11 | INFO: Primitives created: 1
12:01:11 | INFO: Extracting primitive: Mushroom radial gill.007
12:01:11 | INFO: Primitives created: 1
12:01:11 | INFO: Extracting primitive: Mushroom radial gill.008
12:01:11 | INFO: Primitives created: 1
12:01:11 | INFO: Extracting primitive: Mushroom radial gill.009
12:01:11 | INFO: Primitives created: 1
12:01:11 | INFO: Extracting primitive: Mushroom radial gill.010
12:01:11 | INFO: Primitives created: 1
12:01:11 | INFO: Extracting primitive: Mushroom radial gill.011
12:01:11 | INFO: Primitives created: 1
12:01:11 | INFO: Extracting primitive: Mushroom radial gill.012
12:01:11 | INFO: Primitives created: 1
12:01:11 | INFO: Extracting primitive: Mushroom radial gill.013
12:01:11 | INFO: Primitives created: 1
12:01:11 | INFO: Extracting primitive: Mushroom radial gill.014
12:01:11 | INFO: Primitives created: 1
12:01:11 | INFO: Extracting primitive: Mushroom radial gill.015
12:01:11 | INFO: Primitives created: 1
12:01:11 | INFO: Extracting primitive: Mushroom radial gill.016
12:01:11 | INFO: Primitives created: 1
12:01:11 | INFO: Extracting primitive: Mushroom radial gill.017
12:01:11 | INFO: Primitives created: 1
12:01:11 | INFO: Extracting primitive: Mushroom radial gill.018
12:01:11 | INFO: Primitives created: 1
12:01:11 | INFO: Extracting primitive: Mushroom radial gill.019
12:01:11 | INFO: Primitives created: 1
12:01:11 | INFO: Extracting primitive: Mushroom radial gill.020
12:01:11 | INFO: Primitives created: 1
12:01:11 | INFO: Extracting primitive: Mushroom radial gill.021
12:01:11 | INFO: Primitives created: 1
12:01:11 | INFO: Extracting primitive: Mushroom radial gill.022
12:01:11 | INFO: Primitives created: 1
12:01:11 | INFO: Extracting primitive: Mushroom radial gill.023
12:01:11 | INFO: Primitives created: 1
12:01:11 | INFO: Extracting primitive: Mushroom radial gill.024
12:01:11 | INFO: Primitives created: 1
12:01:11 | INFO: Extracting primitive: Mushroom radial gill.025
12:01:11 | INFO: Primitives created: 1
12:01:11 | INFO: Extracting primitive: Mushroom radial gill.026
12:01:11 | INFO: Primitives created: 1
12:01:11 | INFO: Extracting primitive: Mushroom radial gill.027
12:01:11 | INFO: Primitives created: 1
12:01:11 | INFO: Extracting primitive: Mushroom radial gill.028
12:01:11 | INFO: Primitives created: 1
12:01:11 | INFO: Extracting primitive: Mushroom radial gill.029
12:01:11 | INFO: Primitives created: 1
12:01:11 | INFO: Extracting primitive: Mushroom radial gill.030
12:01:11 | INFO: Primitives created: 1
12:01:11 | INFO: Extracting primitive: Mushroom radial gill.031
12:01:11 | INFO: Primitives created: 1
12:01:11 | INFO: Extracting primitive: Mushroom radial gill.032
12:01:11 | INFO: Primitives created: 1
12:01:11 | INFO: Extracting primitive: Mushroom radial gill.033
12:01:11 | INFO: Primitives created: 1
12:01:11 | INFO: Extracting primitive: Mushroom radial gill.034
12:01:11 | INFO: Primitives created: 1
12:01:11 | INFO: Extracting primitive: Mushroom radial gill.035
12:01:11 | INFO: Primitives created: 1
12:01:11 | INFO: Extracting primitive: Raised wooden brow
12:01:11 | INFO: Primitives created: 1
12:01:11 | INFO: Extracting primitive: Raised wooden brow.001
12:01:11 | INFO: Primitives created: 1
12:01:11 | INFO: Extracting primitive: Splayed dreaming tree root
12:01:11 | INFO: Primitives created: 1
12:01:11 | INFO: Extracting primitive: Splayed dreaming tree root.001
12:01:11 | INFO: Primitives created: 1
12:01:11 | INFO: Extracting primitive: Splayed dreaming tree root.002
12:01:11 | INFO: Primitives created: 1
12:01:11 | INFO: Extracting primitive: Splayed dreaming tree root.003
12:01:11 | INFO: Primitives created: 1
12:01:11 | INFO: Extracting primitive: Splayed dreaming tree root.004
12:01:11 | INFO: Primitives created: 1
12:01:11 | INFO: Extracting primitive: Watcher spiral crown
12:01:11 | INFO: Primitives created: 1
12:01:11 | INFO: Extracting primitive: Watchful recessed eye
12:01:11 | INFO: Primitives created: 1
12:01:11 | INFO: Extracting primitive: Watchful recessed eye.001
12:01:11 | INFO: Primitives created: 1
12:01:11 | INFO: Extracting primitive: Curled lantern flower stem
12:01:11 | INFO: Primitives created: 1
12:01:11 | INFO: Extracting primitive: Hanging lilac lantern petal
12:01:11 | INFO: Primitives created: 1
12:01:11 | INFO: Extracting primitive: Hanging lilac lantern petal.001
12:01:11 | INFO: Primitives created: 1
12:01:11 | INFO: Extracting primitive: Hanging lilac lantern petal.002
12:01:11 | INFO: Primitives created: 1
12:01:11 | INFO: Extracting primitive: Hanging lilac lantern petal.003
12:01:11 | INFO: Primitives created: 1
12:01:11 | INFO: Extracting primitive: Hanging lilac lantern petal.004
12:01:11 | INFO: Primitives created: 1
12:01:11 | INFO: Extracting primitive: Lantern flower broad leaf
12:01:11 | INFO: Primitives created: 1
12:01:11 | INFO: Extracting primitive: Lantern flower broad leaf.001
12:01:11 | INFO: Primitives created: 1
12:01:11 | INFO: Extracting primitive: Lantern flower warm heart
12:01:11 | INFO: Primitives created: 1
12:01:11 | INFO: Extracting primitive: Coral lantern shell
12:01:11 | INFO: Primitives created: 1
12:01:11 | INFO: Extracting primitive: Lantern seed calyx
12:01:11 | INFO: Primitives created: 1
12:01:11 | INFO: Extracting primitive: Lantern seed calyx.001
12:01:11 | INFO: Primitives created: 1
12:01:11 | INFO: Extracting primitive: Lantern seed calyx.002
12:01:11 | INFO: Primitives created: 1
12:01:11 | INFO: Extracting primitive: Lantern seed calyx.003
12:01:11 | INFO: Primitives created: 1
12:01:11 | INFO: Extracting primitive: Shell lantern seed
12:01:11 | INFO: Primitives created: 1
12:01:11 | INFO: Extracting primitive: Snail dark eye
12:01:11 | INFO: Primitives created: 1
12:01:11 | INFO: Extracting primitive: Snail dark eye.001
12:01:11 | INFO: Primitives created: 1
12:01:11 | INFO: Extracting primitive: Snail eyestalk
12:01:11 | INFO: Primitives created: 1
12:01:11 | INFO: Extracting primitive: Snail eyestalk.001
12:01:11 | INFO: Primitives created: 1
12:01:11 | INFO: Extracting primitive: Snail rising neck
12:01:11 | INFO: Primitives created: 1
12:01:11 | INFO: Extracting primitive: Snail round head
12:01:11 | INFO: Primitives created: 1
12:01:11 | INFO: Extracting primitive: Snail shell broad spiral
12:01:11 | INFO: Primitives created: 1
12:01:11 | INFO: Extracting primitive: Snail soft foot
12:01:11 | INFO: Primitives created: 1
12:01:11 | INFO: Extracting primitive: Broad woodland leaf
12:01:11 | INFO: Primitives created: 1
12:01:11 | INFO: Extracting primitive: Broad woodland leaf.001
12:01:11 | INFO: Primitives created: 1
12:01:11 | INFO: Extracting primitive: Broad woodland leaf.002
12:01:11 | INFO: Primitives created: 1
12:01:11 | INFO: Extracting primitive: Broad woodland leaf.003
12:01:11 | INFO: Primitives created: 1
12:01:11 | INFO: Extracting primitive: Broad woodland leaf.004
12:01:11 | INFO: Primitives created: 1
12:01:11 | INFO: Extracting primitive: Broad woodland leaf.005
12:01:11 | INFO: Primitives created: 1
12:01:11 | INFO: Extracting primitive: Curled butterfly antenna.004
12:01:11 | INFO: Primitives created: 1
12:01:11 | INFO: Extracting primitive: Curled butterfly antenna.005
12:01:11 | INFO: Primitives created: 1
12:01:11 | INFO: Extracting primitive: Insect head.002
12:01:11 | INFO: Primitives created: 1
12:01:11 | INFO: Extracting primitive: Painted butterfly wing.008
12:01:11 | INFO: Primitives created: 2
12:01:11 | INFO: Extracting primitive: Painted butterfly wing.009
12:01:11 | INFO: Primitives created: 2
12:01:11 | INFO: Extracting primitive: Painted butterfly wing.010
12:01:11 | INFO: Primitives created: 2
12:01:11 | INFO: Extracting primitive: Painted butterfly wing.011
12:01:11 | INFO: Primitives created: 2
12:01:11 | INFO: Extracting primitive: Velvet insect abdomen.002
12:01:11 | INFO: Primitives created: 1
12:01:11 | INFO: Extracting primitive: Velvet insect thorax.002
12:01:11 | INFO: Primitives created: 1
12:01:11 | INFO: Extracting primitive: Moss tiny sprouting mound
12:01:11 | INFO: Primitives created: 1
12:01:11 | INFO: Extracting primitive: Moss tiny sprouting mound.001
12:01:11 | INFO: Primitives created: 1
12:01:11 | INFO: Extracting primitive: Moss tiny sprouting mound.002
12:01:11 | INFO: Primitives created: 1
12:01:11 | INFO: Extracting primitive: Soft moss patch
12:01:11 | INFO: Primitives created: 1
12:01:11 | INFO: Extracting primitive: Soft moss patch.001
12:01:11 | INFO: Primitives created: 1
12:01:11 | INFO: Extracting primitive: Soft moss patch.002
12:01:11 | INFO: Primitives created: 1
12:01:11 | INFO: Extracting primitive: Bioluminescent cap spot.032
12:01:11 | INFO: Primitives created: 1
12:01:11 | INFO: Extracting primitive: Bioluminescent cap spot.033
12:01:11 | INFO: Primitives created: 1
12:01:11 | INFO: Extracting primitive: Bioluminescent cap spot.034
12:01:11 | INFO: Primitives created: 1
12:01:11 | INFO: Extracting primitive: Bioluminescent cap spot.035
12:01:11 | INFO: Primitives created: 1
12:01:11 | INFO: Extracting primitive: Bioluminescent cap spot.036
12:01:11 | INFO: Primitives created: 1
12:01:11 | INFO: Extracting primitive: Bioluminescent cap spot.037
12:01:11 | INFO: Primitives created: 1
12:01:11 | INFO: Extracting primitive: Bioluminescent cap spot.038
12:01:11 | INFO: Primitives created: 1
12:01:11 | INFO: Extracting primitive: Bioluminescent cap spot.039
12:01:11 | INFO: Primitives created: 1
12:01:11 | INFO: Extracting primitive: Broad faceted mushroom cap.004
12:01:11 | INFO: Primitives created: 1
12:01:11 | INFO: Extracting primitive: Curving luminous mushroom stem.004
12:01:11 | INFO: Primitives created: 1
12:01:11 | INFO: Extracting primitive: Luminous cap underside.004
12:01:11 | INFO: Primitives created: 1
12:01:11 | INFO: Extracting primitive: Mushroom radial gill.048
12:01:11 | INFO: Primitives created: 1
12:01:11 | INFO: Extracting primitive: Mushroom radial gill.049
12:01:11 | INFO: Primitives created: 1
12:01:11 | INFO: Extracting primitive: Mushroom radial gill.050
12:01:11 | INFO: Primitives created: 1
12:01:11 | INFO: Extracting primitive: Mushroom radial gill.051
12:01:11 | INFO: Primitives created: 1
12:01:11 | INFO: Extracting primitive: Mushroom radial gill.052
12:01:11 | INFO: Primitives created: 1
12:01:11 | INFO: Extracting primitive: Mushroom radial gill.053
12:01:11 | INFO: Primitives created: 1
12:01:11 | INFO: Extracting primitive: Mushroom radial gill.054
12:01:11 | INFO: Primitives created: 1
12:01:11 | INFO: Extracting primitive: Mushroom radial gill.055
12:01:11 | INFO: Primitives created: 1
12:01:11 | INFO: Extracting primitive: Mushroom radial gill.056
12:01:11 | INFO: Primitives created: 1
12:01:11 | INFO: Extracting primitive: Mushroom radial gill.057
12:01:11 | INFO: Primitives created: 1
12:01:11 | INFO: Extracting primitive: Mushroom radial gill.058
12:01:11 | INFO: Primitives created: 1
12:01:11 | INFO: Extracting primitive: Mushroom radial gill.059
12:01:11 | INFO: Primitives created: 1
12:01:11 | INFO: Extracting primitive: Tiny floating glow spore
12:01:11 | INFO: Primitives created: 1
12:01:11 | INFO: Extracting primitive: Tiny floating glow spore.001
12:01:11 | INFO: Primitives created: 1
12:01:11 | INFO: Extracting primitive: Tiny floating glow spore.002
12:01:11 | INFO: Primitives created: 1
12:01:11 | INFO: Extracting primitive: Bioluminescent cap spot.024
12:01:11 | INFO: Primitives created: 1
12:01:11 | INFO: Extracting primitive: Bioluminescent cap spot.025
12:01:11 | INFO: Primitives created: 1
12:01:11 | INFO: Extracting primitive: Bioluminescent cap spot.026
12:01:11 | INFO: Primitives created: 1
12:01:11 | INFO: Extracting primitive: Bioluminescent cap spot.027
12:01:11 | INFO: Primitives created: 1
12:01:11 | INFO: Extracting primitive: Bioluminescent cap spot.028
12:01:11 | INFO: Primitives created: 1
12:01:11 | INFO: Extracting primitive: Bioluminescent cap spot.029
12:01:11 | INFO: Primitives created: 1
12:01:11 | INFO: Extracting primitive: Bioluminescent cap spot.030
12:01:11 | INFO: Primitives created: 1
12:01:11 | INFO: Extracting primitive: Bioluminescent cap spot.031
12:01:11 | INFO: Primitives created: 1
12:01:11 | INFO: Extracting primitive: Broad faceted mushroom cap.003
12:01:11 | INFO: Primitives created: 1
12:01:11 | INFO: Extracting primitive: Curving luminous mushroom stem.003
12:01:11 | INFO: Primitives created: 1
12:01:11 | INFO: Extracting primitive: Luminous cap underside.003
12:01:11 | INFO: Primitives created: 1
12:01:11 | INFO: Extracting primitive: Mushroom radial gill.036
12:01:11 | INFO: Primitives created: 1
12:01:11 | INFO: Extracting primitive: Mushroom radial gill.037
12:01:11 | INFO: Primitives created: 1
12:01:11 | INFO: Extracting primitive: Mushroom radial gill.038
12:01:11 | INFO: Primitives created: 1
12:01:11 | INFO: Extracting primitive: Mushroom radial gill.039
12:01:11 | INFO: Primitives created: 1
12:01:11 | INFO: Extracting primitive: Mushroom radial gill.040
12:01:11 | INFO: Primitives created: 1
12:01:11 | INFO: Extracting primitive: Mushroom radial gill.041
12:01:11 | INFO: Primitives created: 1
12:01:11 | INFO: Extracting primitive: Mushroom radial gill.042
12:01:11 | INFO: Primitives created: 1
12:01:11 | INFO: Extracting primitive: Mushroom radial gill.043
12:01:11 | INFO: Primitives created: 1
12:01:11 | INFO: Extracting primitive: Mushroom radial gill.044
12:01:11 | INFO: Primitives created: 1
12:01:11 | INFO: Extracting primitive: Mushroom radial gill.045
12:01:11 | INFO: Primitives created: 1
12:01:11 | INFO: Extracting primitive: Mushroom radial gill.046
12:01:11 | INFO: Primitives created: 1
12:01:11 | INFO: Extracting primitive: Mushroom radial gill.047
12:01:11 | INFO: Primitives created: 1
12:01:11 | INFO: Extracting primitive: Tiny floating glow spore.003
12:01:11 | INFO: Primitives created: 1
12:01:11 | INFO: Extracting primitive: Tiny floating glow spore.004
12:01:11 | INFO: Primitives created: 1
12:01:11 | INFO: Extracting primitive: Tiny floating glow spore.005
12:01:11 | INFO: Primitives created: 1
12:01:11 | INFO: Extracting primitive: Bioluminescent cap spot.040
12:01:11 | INFO: Primitives created: 1
12:01:11 | INFO: Extracting primitive: Bioluminescent cap spot.041
12:01:11 | INFO: Primitives created: 1
12:01:11 | INFO: Extracting primitive: Bioluminescent cap spot.042
12:01:11 | INFO: Primitives created: 1
12:01:11 | INFO: Extracting primitive: Bioluminescent cap spot.043
12:01:11 | INFO: Primitives created: 1
12:01:11 | INFO: Extracting primitive: Bioluminescent cap spot.044
12:01:11 | INFO: Primitives created: 1
12:01:11 | INFO: Extracting primitive: Bioluminescent cap spot.045
12:01:11 | INFO: Primitives created: 1
12:01:11 | INFO: Extracting primitive: Bioluminescent cap spot.046
12:01:11 | INFO: Primitives created: 1
12:01:11 | INFO: Extracting primitive: Bioluminescent cap spot.047
12:01:11 | INFO: Primitives created: 1
12:01:11 | INFO: Extracting primitive: Broad faceted mushroom cap.005
12:01:11 | INFO: Primitives created: 1
12:01:11 | INFO: Extracting primitive: Curving luminous mushroom stem.005
12:01:11 | INFO: Primitives created: 1
12:01:11 | INFO: Extracting primitive: Luminous cap underside.005
12:01:11 | INFO: Primitives created: 1
12:01:11 | INFO: Extracting primitive: Mushroom radial gill.060
12:01:11 | INFO: Primitives created: 1
12:01:11 | INFO: Extracting primitive: Mushroom radial gill.061
12:01:11 | INFO: Primitives created: 1
12:01:11 | INFO: Extracting primitive: Mushroom radial gill.062
12:01:11 | INFO: Primitives created: 1
12:01:11 | INFO: Extracting primitive: Mushroom radial gill.063
12:01:11 | INFO: Primitives created: 1
12:01:11 | INFO: Extracting primitive: Mushroom radial gill.064
12:01:11 | INFO: Primitives created: 1
12:01:11 | INFO: Extracting primitive: Mushroom radial gill.065
12:01:11 | INFO: Primitives created: 1
12:01:11 | INFO: Extracting primitive: Mushroom radial gill.066
12:01:11 | INFO: Primitives created: 1
12:01:11 | INFO: Extracting primitive: Mushroom radial gill.067
12:01:11 | INFO: Primitives created: 1
12:01:11 | INFO: Extracting primitive: Mushroom radial gill.068
12:01:11 | INFO: Primitives created: 1
12:01:11 | INFO: Extracting primitive: Mushroom radial gill.069
12:01:11 | INFO: Primitives created: 1
12:01:11 | INFO: Extracting primitive: Mushroom radial gill.070
12:01:11 | INFO: Primitives created: 1
12:01:11 | INFO: Extracting primitive: Mushroom radial gill.071
12:01:11 | INFO: Primitives created: 1
12:01:11 | INFO: Extracting primitive: Mushroom translucent stem groove.020
12:01:11 | INFO: Primitives created: 1
12:01:11 | INFO: Extracting primitive: Mushroom translucent stem groove.021
12:01:11 | INFO: Primitives created: 1
12:01:11 | INFO: Extracting primitive: Mushroom translucent stem groove.022
12:01:11 | INFO: Primitives created: 1
12:01:11 | INFO: Extracting primitive: Mushroom translucent stem groove.023
12:01:11 | INFO: Primitives created: 1
12:01:11 | INFO: Extracting primitive: Mushroom translucent stem groove.024
12:01:11 | INFO: Primitives created: 1
12:01:11 | INFO: Extracting primitive: Mushroom translucent stem groove.025
12:01:11 | INFO: Primitives created: 1
12:01:11 | INFO: Extracting primitive: Mushroom translucent stem groove.026
12:01:11 | INFO: Primitives created: 1
12:01:11 | INFO: Extracting primitive: Mushroom translucent stem groove.027
12:01:11 | INFO: Primitives created: 1
12:01:11 | INFO: Extracting primitive: Mushroom translucent stem groove.028
12:01:11 | INFO: Primitives created: 1
12:01:11 | INFO: Extracting primitive: Mushroom translucent stem groove.029
12:01:11 | INFO: Primitives created: 1
12:01:11 | INFO: Extracting primitive: Tiny floating glow spore.006
12:01:11 | INFO: Primitives created: 1
12:01:11 | INFO: Extracting primitive: Tiny floating glow spore.007
12:01:11 | INFO: Primitives created: 1
12:01:11 | INFO: Extracting primitive: Tiny floating glow spore.008
12:01:11 | INFO: Primitives created: 1
12:01:11 | INFO: Extracting primitive: Dream fern curled frond
12:01:11 | INFO: Primitives created: 1
12:01:11 | INFO: Extracting primitive: Dream fern curled frond.001
12:01:11 | INFO: Primitives created: 1
12:01:11 | INFO: Extracting primitive: Dream fern curled frond.002
12:01:11 | INFO: Primitives created: 1
12:01:11 | INFO: Extracting primitive: Dream fern teal leaflet
12:01:11 | INFO: Primitives created: 1
12:01:11 | INFO: Extracting primitive: Dream fern teal leaflet.001
12:01:11 | INFO: Primitives created: 1
12:01:11 | INFO: Extracting primitive: Dream fern teal leaflet.002
12:01:11 | INFO: Primitives created: 1
12:01:11 | INFO: Extracting primitive: Dream fern teal leaflet.003
12:01:11 | INFO: Primitives created: 1
12:01:11 | INFO: Extracting primitive: Dream fern teal leaflet.004
12:01:11 | INFO: Primitives created: 1
12:01:11 | INFO: Extracting primitive: Dream fern teal leaflet.005
12:01:11 | INFO: Primitives created: 1
12:01:11 | INFO: Extracting primitive: Dream fern teal leaflet.006
12:01:11 | INFO: Primitives created: 1
12:01:11 | INFO: Extracting primitive: Dream fern teal leaflet.007
12:01:11 | INFO: Primitives created: 1
12:01:11 | INFO: Extracting primitive: Dream fern teal leaflet.008
12:01:11 | INFO: Primitives created: 1
12:01:11 | INFO: Extracting primitive: Dream fern teal leaflet.009
12:01:11 | INFO: Primitives created: 1
12:01:11 | INFO: Extracting primitive: Dream fern teal leaflet.010
12:01:11 | INFO: Primitives created: 1
12:01:11 | INFO: Extracting primitive: Dream fern teal leaflet.011
12:01:11 | INFO: Primitives created: 1
12:01:11 | INFO: Extracting primitive: Dream fern teal leaflet.012
12:01:11 | INFO: Primitives created: 1
12:01:11 | INFO: Extracting primitive: Dream fern teal leaflet.013
12:01:11 | INFO: Primitives created: 1
12:01:11 | INFO: Extracting primitive: Dream fern teal leaflet.014
12:01:11 | INFO: Primitives created: 1
12:01:11 | INFO: Extracting primitive: Dream fern teal leaflet.015
12:01:11 | INFO: Primitives created: 1
12:01:11 | INFO: Extracting primitive: Dream fern teal leaflet.016
12:01:11 | INFO: Primitives created: 1
12:01:11 | INFO: Extracting primitive: Dream fern teal leaflet.017
12:01:11 | INFO: Primitives created: 1
12:01:11 | INFO: Finished glTF 2.0 export in 1.2033343315124512 s
00:15.908  blend            | Read blend: "/home/bart/.treehouse/odot-game-assets-86a3a5/2/odot-game-assets/sources/environment/hex_lantern_bridge.blend"

Exported environment/hex_hollow_watchers; source unchanged
12:01:12 | INFO: Starting glTF 2.0 export
12:01:12 | INFO: Extracting primitive: Angular mossy forest boulder.006
12:01:12 | INFO: Primitives created: 3
12:01:12 | INFO: Extracting primitive: Faceted magical crystal.010
12:01:12 | INFO: Primitives created: 3
12:01:12 | INFO: Extracting primitive: Curled fern fiddlehead.006
12:01:12 | INFO: Primitives created: 1
12:01:12 | INFO: Extracting primitive: Fern central stem.036
12:01:12 | INFO: Primitives created: 1
12:01:12 | INFO: Extracting primitive: Fern central stem.037
12:01:12 | INFO: Primitives created: 1
12:01:12 | INFO: Extracting primitive: Fern central stem.038
12:01:12 | INFO: Primitives created: 1
12:01:12 | INFO: Extracting primitive: Fern central stem.039
12:01:12 | INFO: Primitives created: 1
12:01:12 | INFO: Extracting primitive: Fern central stem.040
12:01:12 | INFO: Primitives created: 1
12:01:12 | INFO: Extracting primitive: Fern central stem.041
12:01:12 | INFO: Primitives created: 1
12:01:12 | INFO: Extracting primitive: Fern leaflet.288
12:01:12 | INFO: Primitives created: 1
12:01:12 | INFO: Extracting primitive: Fern leaflet.289
12:01:12 | INFO: Primitives created: 1
12:01:12 | INFO: Extracting primitive: Fern leaflet.290
12:01:12 | INFO: Primitives created: 1
12:01:12 | INFO: Extracting primitive: Fern leaflet.291
12:01:12 | INFO: Primitives created: 1
12:01:12 | INFO: Extracting primitive: Fern leaflet.292
12:01:12 | INFO: Primitives created: 1
12:01:12 | INFO: Extracting primitive: Fern leaflet.293
12:01:12 | INFO: Primitives created: 1
12:01:12 | INFO: Extracting primitive: Fern leaflet.294
12:01:12 | INFO: Primitives created: 1
12:01:12 | INFO: Extracting primitive: Fern leaflet.295
12:01:12 | INFO: Primitives created: 1
12:01:12 | INFO: Extracting primitive: Fern leaflet.296
12:01:12 | INFO: Primitives created: 1
12:01:12 | INFO: Extracting primitive: Fern leaflet.297
12:01:12 | INFO: Primitives created: 1
12:01:12 | INFO: Extracting primitive: Fern leaflet.298
12:01:12 | INFO: Primitives created: 1
12:01:12 | INFO: Extracting primitive: Fern leaflet.299
12:01:12 | INFO: Primitives created: 1
12:01:12 | INFO: Extracting primitive: Fern leaflet.300
12:01:12 | INFO: Primitives created: 1
12:01:12 | INFO: Extracting primitive: Fern leaflet.301
12:01:12 | INFO: Primitives created: 1
12:01:12 | INFO: Extracting primitive: Fern leaflet.302
12:01:12 | INFO: Primitives created: 1
12:01:12 | INFO: Extracting primitive: Fern leaflet.303
12:01:12 | INFO: Primitives created: 1
12:01:12 | INFO: Extracting primitive: Fern leaflet.304
12:01:12 | INFO: Primitives created: 1
12:01:12 | INFO: Extracting primitive: Fern leaflet.305
12:01:12 | INFO: Primitives created: 1
12:01:12 | INFO: Extracting primitive: Fern leaflet.306
12:01:12 | INFO: Primitives created: 1
12:01:12 | INFO: Extracting primitive: Fern leaflet.307
12:01:12 | INFO: Primitives created: 1
12:01:12 | INFO: Extracting primitive: Fern leaflet.308
12:01:12 | INFO: Primitives created: 1
12:01:12 | INFO: Extracting primitive: Fern leaflet.309
12:01:12 | INFO: Primitives created: 1
12:01:12 | INFO: Extracting primitive: Fern leaflet.310
12:01:12 | INFO: Primitives created: 1
12:01:12 | INFO: Extracting primitive: Fern leaflet.311
12:01:12 | INFO: Primitives created: 1
12:01:12 | INFO: Extracting primitive: Fern leaflet.312
12:01:12 | INFO: Primitives created: 1
12:01:12 | INFO: Extracting primitive: Fern leaflet.313
12:01:12 | INFO: Primitives created: 1
12:01:12 | INFO: Extracting primitive: Fern leaflet.314
12:01:12 | INFO: Primitives created: 1
12:01:12 | INFO: Extracting primitive: Fern leaflet.315
12:01:12 | INFO: Primitives created: 1
12:01:12 | INFO: Extracting primitive: Fern leaflet.316
12:01:12 | INFO: Primitives created: 1
12:01:12 | INFO: Extracting primitive: Fern leaflet.317
12:01:12 | INFO: Primitives created: 1
12:01:12 | INFO: Extracting primitive: Fern leaflet.318
12:01:12 | INFO: Primitives created: 1
12:01:12 | INFO: Extracting primitive: Fern leaflet.319
12:01:12 | INFO: Primitives created: 1
12:01:12 | INFO: Extracting primitive: Fern leaflet.320
12:01:12 | INFO: Primitives created: 1
12:01:12 | INFO: Extracting primitive: Fern leaflet.321
12:01:12 | INFO: Primitives created: 1
12:01:12 | INFO: Extracting primitive: Fern leaflet.322
12:01:12 | INFO: Primitives created: 1
12:01:12 | INFO: Extracting primitive: Fern leaflet.323
12:01:12 | INFO: Primitives created: 1
12:01:12 | INFO: Extracting primitive: Fern leaflet.324
12:01:12 | INFO: Primitives created: 1
12:01:12 | INFO: Extracting primitive: Fern leaflet.325
12:01:12 | INFO: Primitives created: 1
12:01:12 | INFO: Extracting primitive: Fern leaflet.326
12:01:12 | INFO: Primitives created: 1
12:01:12 | INFO: Extracting primitive: Fern leaflet.327
12:01:12 | INFO: Primitives created: 1
12:01:12 | INFO: Extracting primitive: Fern leaflet.328
12:01:12 | INFO: Primitives created: 1
12:01:12 | INFO: Extracting primitive: Fern leaflet.329
12:01:12 | INFO: Primitives created: 1
12:01:12 | INFO: Extracting primitive: Fern leaflet.330
12:01:12 | INFO: Primitives created: 1
12:01:12 | INFO: Extracting primitive: Fern leaflet.331
12:01:12 | INFO: Primitives created: 1
12:01:12 | INFO: Extracting primitive: Fern leaflet.332
12:01:12 | INFO: Primitives created: 1
12:01:12 | INFO: Extracting primitive: Fern leaflet.333
12:01:12 | INFO: Primitives created: 1
12:01:12 | INFO: Extracting primitive: Fern leaflet.334
12:01:12 | INFO: Primitives created: 1
12:01:12 | INFO: Extracting primitive: Fern leaflet.335
12:01:12 | INFO: Primitives created: 1
12:01:12 | INFO: Extracting primitive: Fern unfolding leaf tip.012
12:01:12 | INFO: Primitives created: 1
12:01:12 | INFO: Extracting primitive: Fern unfolding leaf tip.013
12:01:12 | INFO: Primitives created: 1
12:01:12 | INFO: Extracting primitive: Fine scattered woodland grasses.006
12:01:12 | INFO: Primitives created: 1
12:01:12 | INFO: Extracting primitive: Flower center.018
12:01:12 | INFO: Primitives created: 1
12:01:12 | INFO: Extracting primitive: Flower center.019
12:01:12 | INFO: Primitives created: 1
12:01:12 | INFO: Extracting primitive: Flower center.020
12:01:12 | INFO: Primitives created: 1
12:01:12 | INFO: Extracting primitive: Flower petal.090
12:01:12 | INFO: Primitives created: 1
12:01:12 | INFO: Extracting primitive: Flower petal.091
12:01:12 | INFO: Primitives created: 1
12:01:12 | INFO: Extracting primitive: Flower petal.092
12:01:12 | INFO: Primitives created: 1
12:01:12 | INFO: Extracting primitive: Flower petal.093
12:01:12 | INFO: Primitives created: 1
12:01:12 | INFO: Extracting primitive: Flower petal.094
12:01:12 | INFO: Primitives created: 1
12:01:12 | INFO: Extracting primitive: Flower petal.095
12:01:12 | INFO: Primitives created: 1
12:01:12 | INFO: Extracting primitive: Flower petal.096
12:01:12 | INFO: Primitives created: 1
12:01:12 | INFO: Extracting primitive: Flower petal.097
12:01:12 | INFO: Primitives created: 1
12:01:12 | INFO: Extracting primitive: Flower petal.098
12:01:12 | INFO: Primitives created: 1
12:01:12 | INFO: Extracting primitive: Flower petal.099
12:01:12 | INFO: Primitives created: 1
12:01:12 | INFO: Extracting primitive: Flower petal.100
12:01:12 | INFO: Primitives created: 1
12:01:12 | INFO: Extracting primitive: Flower petal.101
12:01:12 | INFO: Primitives created: 1
12:01:12 | INFO: Extracting primitive: Flower petal.102
12:01:12 | INFO: Primitives created: 1
12:01:12 | INFO: Extracting primitive: Flower petal.103
12:01:12 | INFO: Primitives created: 1
12:01:12 | INFO: Extracting primitive: Flower petal.104
12:01:12 | INFO: Primitives created: 1
12:01:12 | INFO: Extracting primitive: Flower stem.018
12:01:12 | INFO: Primitives created: 1
12:01:12 | INFO: Extracting primitive: Flower stem.019
12:01:12 | INFO: Primitives created: 1
12:01:12 | INFO: Extracting primitive: Flower stem.020
12:01:12 | INFO: Primitives created: 1
12:01:12 | INFO: Extracting primitive: Foam bead
12:01:12 | INFO: Primitives created: 1
12:01:12 | INFO: Extracting primitive: Foam bead.001
12:01:12 | INFO: Primitives created: 1
12:01:12 | INFO: Extracting primitive: Foam bead.002
12:01:12 | INFO: Primitives created: 1
12:01:12 | INFO: Extracting primitive: Foam bead.003
12:01:12 | INFO: Primitives created: 1
12:01:12 | INFO: Extracting primitive: Foam bead.004
12:01:12 | INFO: Primitives created: 1
12:01:12 | INFO: Extracting primitive: River foam ripple
12:01:12 | INFO: Primitives created: 1
12:01:12 | INFO: Extracting primitive: River foam ripple.001
12:01:12 | INFO: Primitives created: 1
12:01:12 | INFO: Extracting primitive: River foam ripple.002
12:01:12 | INFO: Primitives created: 1
12:01:12 | INFO: Extracting primitive: Continuous river water
12:01:12 | INFO: Primitives created: 1
12:01:12 | INFO: Extracting primitive: Cut river bank
12:01:12 | INFO: Primitives created: 1
12:01:12 | INFO: Extracting primitive: Cut river bank.001
12:01:12 | INFO: Primitives created: 1
12:01:12 | INFO: Extracting primitive: Meadow river bank
12:01:12 | INFO: Primitives created: 1
12:01:12 | INFO: Extracting primitive: Meadow river bank.001
12:01:12 | INFO: Primitives created: 1
12:01:12 | INFO: Extracting primitive: River hex bed
12:01:12 | INFO: Primitives created: 1
12:01:12 | INFO: Extracting primitive: River hex stone foundation
12:01:12 | INFO: Primitives created: 1
12:01:12 | INFO: Extracting primitive: River reflected current
12:01:12 | INFO: Primitives created: 1
12:01:12 | INFO: Extracting primitive: River reflected current.001
12:01:12 | INFO: Primitives created: 1
12:01:12 | INFO: Extracting primitive: River reflected current.002
12:01:12 | INFO: Primitives created: 1
12:01:12 | INFO: Extracting primitive: River reflected current.003
12:01:12 | INFO: Primitives created: 1
12:01:12 | INFO: Extracting primitive: River reflected current.004
12:01:12 | INFO: Primitives created: 1
12:01:12 | INFO: Extracting primitive: Lantern amber glass.001
12:01:12 | INFO: Primitives created: 1
12:01:12 | INFO: Extracting primitive: Lantern bottom.001
12:01:12 | INFO: Primitives created: 1
12:01:12 | INFO: Extracting primitive: Lantern chain.001
12:01:12 | INFO: Primitives created: 1
12:01:12 | INFO: Extracting primitive: Lantern corner.004
12:01:12 | INFO: Primitives created: 1
12:01:12 | INFO: Extracting primitive: Lantern corner.005
12:01:12 | INFO: Primitives created: 1
12:01:12 | INFO: Extracting primitive: Lantern corner.006
12:01:12 | INFO: Primitives created: 1
12:01:12 | INFO: Extracting primitive: Lantern corner.007
12:01:12 | INFO: Primitives created: 1
12:01:12 | INFO: Extracting primitive: Lantern hanger.001
12:01:12 | INFO: Primitives created: 1
12:01:12 | INFO: Extracting primitive: Lantern hot glass inset.001
12:01:12 | INFO: Primitives created: 1
12:01:12 | INFO: Extracting primitive: Lantern post grain.002
12:01:12 | INFO: Primitives created: 1
12:01:12 | INFO: Extracting primitive: Lantern post grain.003
12:01:12 | INFO: Primitives created: 1
12:01:12 | INFO: Extracting primitive: Lantern roof.001
12:01:12 | INFO: Primitives created: 1
12:01:12 | INFO: Extracting primitive: Woodland lantern bracket.001
12:01:12 | INFO: Primitives created: 1
12:01:12 | INFO: Extracting primitive: Woodland lantern upright.001
12:01:12 | INFO: Primitives created: 1
12:01:12 | INFO: Extracting primitive: Broad woodland leaf.036
12:01:12 | INFO: Primitives created: 1
12:01:12 | INFO: Extracting primitive: Broad woodland leaf.037
12:01:12 | INFO: Primitives created: 1
12:01:12 | INFO: Extracting primitive: Broad woodland leaf.038
12:01:12 | INFO: Primitives created: 1
12:01:12 | INFO: Extracting primitive: Broad woodland leaf.039
12:01:12 | INFO: Primitives created: 1
12:01:12 | INFO: Extracting primitive: Broad woodland leaf.040
12:01:12 | INFO: Primitives created: 1
12:01:12 | INFO: Extracting primitive: Broad woodland leaf.041
12:01:12 | INFO: Primitives created: 1
12:01:12 | INFO: Extracting primitive: Moss tiny sprouting mound.018
12:01:12 | INFO: Primitives created: 1
12:01:12 | INFO: Extracting primitive: Moss tiny sprouting mound.019
12:01:12 | INFO: Primitives created: 1
12:01:12 | INFO: Extracting primitive: Moss tiny sprouting mound.020
12:01:12 | INFO: Primitives created: 1
12:01:12 | INFO: Extracting primitive: Soft moss patch.018
12:01:12 | INFO: Primitives created: 1
12:01:12 | INFO: Extracting primitive: Soft moss patch.019
12:01:12 | INFO: Primitives created: 1
12:01:12 | INFO: Extracting primitive: Soft moss patch.020
12:01:12 | INFO: Primitives created: 1
12:01:12 | INFO: Extracting primitive: Bioluminescent cap spot.136
12:01:12 | INFO: Primitives created: 1
12:01:12 | INFO: Extracting primitive: Bioluminescent cap spot.137
12:01:12 | INFO: Primitives created: 1
12:01:12 | INFO: Extracting primitive: Bioluminescent cap spot.138
12:01:12 | INFO: Primitives created: 1
12:01:12 | INFO: Extracting primitive: Bioluminescent cap spot.139
12:01:12 | INFO: Primitives created: 1
12:01:12 | INFO: Extracting primitive: Bioluminescent cap spot.140
12:01:12 | INFO: Primitives created: 1
12:01:12 | INFO: Extracting primitive: Bioluminescent cap spot.141
12:01:12 | INFO: Primitives created: 1
12:01:12 | INFO: Extracting primitive: Bioluminescent cap spot.142
12:01:12 | INFO: Primitives created: 1
12:01:12 | INFO: Extracting primitive: Bioluminescent cap spot.143
12:01:12 | INFO: Primitives created: 1
12:01:12 | INFO: Extracting primitive: Broad faceted mushroom cap.017
12:01:12 | INFO: Primitives created: 1
12:01:12 | INFO: Extracting primitive: Curving luminous mushroom stem.017
12:01:12 | INFO: Primitives created: 1
12:01:12 | INFO: Extracting primitive: Luminous cap underside.017
12:01:12 | INFO: Primitives created: 1
12:01:12 | INFO: Extracting primitive: Mushroom radial gill.204
12:01:12 | INFO: Primitives created: 1
12:01:12 | INFO: Extracting primitive: Mushroom radial gill.205
12:01:12 | INFO: Primitives created: 1
12:01:12 | INFO: Extracting primitive: Mushroom radial gill.206
12:01:12 | INFO: Primitives created: 1
12:01:12 | INFO: Extracting primitive: Mushroom radial gill.207
12:01:12 | INFO: Primitives created: 1
12:01:12 | INFO: Extracting primitive: Mushroom radial gill.208
12:01:12 | INFO: Primitives created: 1
12:01:12 | INFO: Extracting primitive: Mushroom radial gill.209
12:01:12 | INFO: Primitives created: 1
12:01:12 | INFO: Extracting primitive: Mushroom radial gill.210
12:01:12 | INFO: Primitives created: 1
12:01:12 | INFO: Extracting primitive: Mushroom radial gill.211
12:01:12 | INFO: Primitives created: 1
12:01:12 | INFO: Extracting primitive: Mushroom radial gill.212
12:01:12 | INFO: Primitives created: 1
12:01:12 | INFO: Extracting primitive: Mushroom radial gill.213
12:01:12 | INFO: Primitives created: 1
12:01:12 | INFO: Extracting primitive: Mushroom radial gill.214
12:01:12 | INFO: Primitives created: 1
12:01:12 | INFO: Extracting primitive: Mushroom radial gill.215
12:01:12 | INFO: Primitives created: 1
12:01:12 | INFO: Extracting primitive: Tiny floating glow spore.051
12:01:12 | INFO: Primitives created: 1
12:01:12 | INFO: Extracting primitive: Tiny floating glow spore.052
12:01:12 | INFO: Primitives created: 1
12:01:12 | INFO: Extracting primitive: Tiny floating glow spore.053
12:01:12 | INFO: Primitives created: 1
12:01:12 | INFO: Extracting primitive: Bioluminescent cap spot.144
12:01:12 | INFO: Primitives created: 1
12:01:12 | INFO: Extracting primitive: Bioluminescent cap spot.145
12:01:12 | INFO: Primitives created: 1
12:01:12 | INFO: Extracting primitive: Bioluminescent cap spot.146
12:01:12 | INFO: Primitives created: 1
12:01:12 | INFO: Extracting primitive: Bioluminescent cap spot.147
12:01:12 | INFO: Primitives created: 1
12:01:12 | INFO: Extracting primitive: Bioluminescent cap spot.148
12:01:12 | INFO: Primitives created: 1
12:01:12 | INFO: Extracting primitive: Bioluminescent cap spot.149
12:01:12 | INFO: Primitives created: 1
12:01:12 | INFO: Extracting primitive: Bioluminescent cap spot.150
12:01:12 | INFO: Primitives created: 1
12:01:12 | INFO: Extracting primitive: Bioluminescent cap spot.151
12:01:12 | INFO: Primitives created: 1
12:01:12 | INFO: Extracting primitive: Broad faceted mushroom cap.018
12:01:12 | INFO: Primitives created: 1
12:01:12 | INFO: Extracting primitive: Curving luminous mushroom stem.018
12:01:12 | INFO: Primitives created: 1
12:01:12 | INFO: Extracting primitive: Luminous cap underside.018
12:01:12 | INFO: Primitives created: 1
12:01:12 | INFO: Extracting primitive: Mushroom radial gill.216
12:01:12 | INFO: Primitives created: 1
12:01:12 | INFO: Extracting primitive: Mushroom radial gill.217
12:01:12 | INFO: Primitives created: 1
12:01:12 | INFO: Extracting primitive: Mushroom radial gill.218
12:01:12 | INFO: Primitives created: 1
12:01:12 | INFO: Extracting primitive: Mushroom radial gill.219
12:01:12 | INFO: Primitives created: 1
12:01:12 | INFO: Extracting primitive: Mushroom radial gill.220
12:01:12 | INFO: Primitives created: 1
12:01:12 | INFO: Extracting primitive: Mushroom radial gill.221
12:01:12 | INFO: Primitives created: 1
12:01:12 | INFO: Extracting primitive: Mushroom radial gill.222
12:01:12 | INFO: Primitives created: 1
12:01:12 | INFO: Extracting primitive: Mushroom radial gill.223
12:01:12 | INFO: Primitives created: 1
12:01:12 | INFO: Extracting primitive: Mushroom radial gill.224
12:01:12 | INFO: Primitives created: 1
12:01:12 | INFO: Extracting primitive: Mushroom radial gill.225
12:01:12 | INFO: Primitives created: 1
12:01:12 | INFO: Extracting primitive: Mushroom radial gill.226
12:01:12 | INFO: Primitives created: 1
12:01:12 | INFO: Extracting primitive: Mushroom radial gill.227
12:01:12 | INFO: Primitives created: 1
12:01:12 | INFO: Extracting primitive: Tiny floating glow spore.054
12:01:12 | INFO: Primitives created: 1
12:01:12 | INFO: Extracting primitive: Tiny floating glow spore.055
12:01:12 | INFO: Primitives created: 1
12:01:12 | INFO: Extracting primitive: Tiny floating glow spore.056
12:01:12 | INFO: Primitives created: 1
12:01:12 | INFO: Extracting primitive: Bioluminescent cap spot.152
12:01:12 | INFO: Primitives created: 1
12:01:12 | INFO: Extracting primitive: Bioluminescent cap spot.153
12:01:12 | INFO: Primitives created: 1
12:01:12 | INFO: Extracting primitive: Bioluminescent cap spot.154
12:01:12 | INFO: Primitives created: 1
12:01:12 | INFO: Extracting primitive: Bioluminescent cap spot.155
12:01:12 | INFO: Primitives created: 1
12:01:12 | INFO: Extracting primitive: Bioluminescent cap spot.156
12:01:12 | INFO: Primitives created: 1
12:01:12 | INFO: Extracting primitive: Bioluminescent cap spot.157
12:01:12 | INFO: Primitives created: 1
12:01:12 | INFO: Extracting primitive: Bioluminescent cap spot.158
12:01:12 | INFO: Primitives created: 1
12:01:12 | INFO: Extracting primitive: Bioluminescent cap spot.159
12:01:12 | INFO: Primitives created: 1
12:01:12 | INFO: Extracting primitive: Broad faceted mushroom cap.019
12:01:12 | INFO: Primitives created: 1
12:01:12 | INFO: Extracting primitive: Curving luminous mushroom stem.019
12:01:12 | INFO: Primitives created: 1
12:01:12 | INFO: Extracting primitive: Luminous cap underside.019
12:01:12 | INFO: Primitives created: 1
12:01:12 | INFO: Extracting primitive: Mushroom radial gill.228
12:01:12 | INFO: Primitives created: 1
12:01:12 | INFO: Extracting primitive: Mushroom radial gill.229
12:01:12 | INFO: Primitives created: 1
12:01:12 | INFO: Extracting primitive: Mushroom radial gill.230
12:01:12 | INFO: Primitives created: 1
12:01:12 | INFO: Extracting primitive: Mushroom radial gill.231
12:01:12 | INFO: Primitives created: 1
12:01:12 | INFO: Extracting primitive: Mushroom radial gill.232
12:01:12 | INFO: Primitives created: 1
12:01:12 | INFO: Extracting primitive: Mushroom radial gill.233
12:01:12 | INFO: Primitives created: 1
12:01:12 | INFO: Extracting primitive: Mushroom radial gill.234
12:01:12 | INFO: Primitives created: 1
12:01:12 | INFO: Extracting primitive: Mushroom radial gill.235
12:01:12 | INFO: Primitives created: 1
12:01:12 | INFO: Extracting primitive: Mushroom radial gill.236
12:01:12 | INFO: Primitives created: 1
12:01:12 | INFO: Extracting primitive: Mushroom radial gill.237
12:01:12 | INFO: Primitives created: 1
12:01:12 | INFO: Extracting primitive: Mushroom radial gill.238
12:01:12 | INFO: Primitives created: 1
12:01:12 | INFO: Extracting primitive: Mushroom radial gill.239
12:01:12 | INFO: Primitives created: 1
12:01:12 | INFO: Extracting primitive: Mushroom translucent stem groove.190
12:01:12 | INFO: Primitives created: 1
12:01:12 | INFO: Extracting primitive: Mushroom translucent stem groove.191
12:01:12 | INFO: Primitives created: 1
12:01:12 | INFO: Extracting primitive: Mushroom translucent stem groove.192
12:01:12 | INFO: Primitives created: 1
12:01:12 | INFO: Extracting primitive: Mushroom translucent stem groove.193
12:01:12 | INFO: Primitives created: 1
12:01:12 | INFO: Extracting primitive: Mushroom translucent stem groove.194
12:01:12 | INFO: Primitives created: 1
12:01:12 | INFO: Extracting primitive: Mushroom translucent stem groove.195
12:01:12 | INFO: Primitives created: 1
12:01:12 | INFO: Extracting primitive: Mushroom translucent stem groove.196
12:01:12 | INFO: Primitives created: 1
12:01:12 | INFO: Extracting primitive: Mushroom translucent stem groove.197
12:01:12 | INFO: Primitives created: 1
12:01:12 | INFO: Extracting primitive: Mushroom translucent stem groove.198
12:01:12 | INFO: Primitives created: 1
12:01:12 | INFO: Extracting primitive: Mushroom translucent stem groove.199
12:01:12 | INFO: Primitives created: 1
12:01:12 | INFO: Extracting primitive: Tiny floating glow spore.057
12:01:12 | INFO: Primitives created: 1
12:01:12 | INFO: Extracting primitive: Tiny floating glow spore.058
12:01:12 | INFO: Primitives created: 1
12:01:12 | INFO: Extracting primitive: Tiny floating glow spore.059
12:01:12 | INFO: Primitives created: 1
12:01:12 | INFO: Extracting primitive: Stone bridge arch voussoir
12:01:13 | INFO: Primitives created: 1
12:01:13 | INFO: Extracting primitive: Forest bridge dressed stone
12:01:13 | INFO: Primitives created: 1
12:01:13 | INFO: Extracting primitive: Opaque stylized waterfall
12:01:13 | INFO: Primitives created: 1
12:01:13 | INFO: Extracting primitive: Waterfall fine streak
12:01:13 | INFO: Primitives created: 1
12:01:13 | INFO: Extracting primitive: Waterfall fine streak.001
12:01:13 | INFO: Primitives created: 1
12:01:13 | INFO: Extracting primitive: Waterfall fine streak.002
12:01:13 | INFO: Primitives created: 1
12:01:13 | INFO: Extracting primitive: Waterfall foam streak
12:01:13 | INFO: Primitives created: 1
12:01:13 | INFO: Extracting primitive: Waterfall foam streak.001
12:01:13 | INFO: Primitives created: 1
12:01:13 | INFO: Extracting primitive: Waterfall foam streak.002
12:01:13 | INFO: Primitives created: 1
12:01:13 | INFO: Extracting primitive: Waterfall foam streak.003
12:01:13 | INFO: Primitives created: 1
12:01:13 | INFO: Finished glTF 2.0 export in 1.2358121871948242 s
00:17.333  blend            | Read blend: "/home/bart/.treehouse/odot-game-assets-86a3a5/2/odot-game-assets/sources/environment/hex_mystical_grove.blend"

Exported environment/hex_lantern_bridge; source unchanged
12:01:13 | INFO: Starting glTF 2.0 export
12:01:13 | INFO: Extracting primitive: Angular mossy forest boulder.001
12:01:13 | INFO: Primitives created: 3
12:01:13 | INFO: Extracting primitive: Broad woodland leaf.006
12:01:13 | INFO: Primitives created: 1
12:01:13 | INFO: Extracting primitive: Broad woodland leaf.007
12:01:13 | INFO: Primitives created: 1
12:01:13 | INFO: Extracting primitive: Broad woodland leaf.008
12:01:13 | INFO: Primitives created: 1
12:01:13 | INFO: Extracting primitive: Broad woodland leaf.009
12:01:13 | INFO: Primitives created: 1
12:01:13 | INFO: Extracting primitive: Broad woodland leaf.010
12:01:13 | INFO: Primitives created: 1
12:01:13 | INFO: Extracting primitive: Broad woodland leaf.011
12:01:13 | INFO: Primitives created: 1
12:01:13 | INFO: Extracting primitive: Moss tiny sprouting mound.003
12:01:13 | INFO: Primitives created: 1
12:01:13 | INFO: Extracting primitive: Moss tiny sprouting mound.004
12:01:13 | INFO: Primitives created: 1
12:01:13 | INFO: Extracting primitive: Moss tiny sprouting mound.005
12:01:13 | INFO: Primitives created: 1
12:01:13 | INFO: Extracting primitive: Soft moss patch.003
12:01:13 | INFO: Primitives created: 1
12:01:13 | INFO: Extracting primitive: Soft moss patch.004
12:01:13 | INFO: Primitives created: 1
12:01:13 | INFO: Extracting primitive: Soft moss patch.005
12:01:13 | INFO: Primitives created: 1
12:01:13 | INFO: Extracting primitive: Faceted magical crystal.002
12:01:13 | INFO: Primitives created: 3
12:01:13 | INFO: Extracting primitive: Faceted magical crystal.003
12:01:13 | INFO: Primitives created: 2
12:01:13 | INFO: Extracting primitive: Curled fern fiddlehead.001
12:01:13 | INFO: Primitives created: 1
12:01:13 | INFO: Extracting primitive: Fern central stem.006
12:01:13 | INFO: Primitives created: 1
12:01:13 | INFO: Extracting primitive: Fern central stem.007
12:01:13 | INFO: Primitives created: 1
12:01:13 | INFO: Extracting primitive: Fern central stem.008
12:01:13 | INFO: Primitives created: 1
12:01:13 | INFO: Extracting primitive: Fern central stem.009
12:01:13 | INFO: Primitives created: 1
12:01:13 | INFO: Extracting primitive: Fern central stem.010
12:01:13 | INFO: Primitives created: 1
12:01:13 | INFO: Extracting primitive: Fern central stem.011
12:01:13 | INFO: Primitives created: 1
12:01:13 | INFO: Extracting primitive: Fern leaflet.048
12:01:13 | INFO: Primitives created: 1
12:01:13 | INFO: Extracting primitive: Fern leaflet.049
12:01:13 | INFO: Primitives created: 1
12:01:13 | INFO: Extracting primitive: Fern leaflet.050
12:01:13 | INFO: Primitives created: 1
12:01:13 | INFO: Extracting primitive: Fern leaflet.051
12:01:13 | INFO: Primitives created: 1
12:01:13 | INFO: Extracting primitive: Fern leaflet.052
12:01:13 | INFO: Primitives created: 1
12:01:13 | INFO: Extracting primitive: Fern leaflet.053
12:01:13 | INFO: Primitives created: 1
12:01:13 | INFO: Extracting primitive: Fern leaflet.054
12:01:13 | INFO: Primitives created: 1
12:01:13 | INFO: Extracting primitive: Fern leaflet.055
12:01:13 | INFO: Primitives created: 1
12:01:13 | INFO: Extracting primitive: Fern leaflet.056
12:01:13 | INFO: Primitives created: 1
12:01:13 | INFO: Extracting primitive: Fern leaflet.057
12:01:13 | INFO: Primitives created: 1
12:01:13 | INFO: Extracting primitive: Fern leaflet.058
12:01:13 | INFO: Primitives created: 1
12:01:13 | INFO: Extracting primitive: Fern leaflet.059
12:01:13 | INFO: Primitives created: 1
12:01:13 | INFO: Extracting primitive: Fern leaflet.060
12:01:13 | INFO: Primitives created: 1
12:01:13 | INFO: Extracting primitive: Fern leaflet.061
12:01:13 | INFO: Primitives created: 1
12:01:13 | INFO: Extracting primitive: Fern leaflet.062
12:01:13 | INFO: Primitives created: 1
12:01:13 | INFO: Extracting primitive: Fern leaflet.063
12:01:13 | INFO: Primitives created: 1
12:01:13 | INFO: Extracting primitive: Fern leaflet.064
12:01:13 | INFO: Primitives created: 1
12:01:13 | INFO: Extracting primitive: Fern leaflet.065
12:01:13 | INFO: Primitives created: 1
12:01:13 | INFO: Extracting primitive: Fern leaflet.066
12:01:13 | INFO: Primitives created: 1
12:01:13 | INFO: Extracting primitive: Fern leaflet.067
12:01:13 | INFO: Primitives created: 1
12:01:13 | INFO: Extracting primitive: Fern leaflet.068
12:01:13 | INFO: Primitives created: 1
12:01:13 | INFO: Extracting primitive: Fern leaflet.069
12:01:13 | INFO: Primitives created: 1
12:01:13 | INFO: Extracting primitive: Fern leaflet.070
12:01:13 | INFO: Primitives created: 1
12:01:13 | INFO: Extracting primitive: Fern leaflet.071
12:01:13 | INFO: Primitives created: 1
12:01:13 | INFO: Extracting primitive: Fern leaflet.072
12:01:13 | INFO: Primitives created: 1
12:01:13 | INFO: Extracting primitive: Fern leaflet.073
12:01:13 | INFO: Primitives created: 1
12:01:13 | INFO: Extracting primitive: Fern leaflet.074
12:01:13 | INFO: Primitives created: 1
12:01:13 | INFO: Extracting primitive: Fern leaflet.075
12:01:13 | INFO: Primitives created: 1
12:01:13 | INFO: Extracting primitive: Fern leaflet.076
12:01:13 | INFO: Primitives created: 1
12:01:13 | INFO: Extracting primitive: Fern leaflet.077
12:01:13 | INFO: Primitives created: 1
12:01:13 | INFO: Extracting primitive: Fern leaflet.078
12:01:13 | INFO: Primitives created: 1
12:01:13 | INFO: Extracting primitive: Fern leaflet.079
12:01:13 | INFO: Primitives created: 1
12:01:13 | INFO: Extracting primitive: Fern leaflet.080
12:01:13 | INFO: Primitives created: 1
12:01:13 | INFO: Extracting primitive: Fern leaflet.081
12:01:13 | INFO: Primitives created: 1
12:01:13 | INFO: Extracting primitive: Fern leaflet.082
12:01:13 | INFO: Primitives created: 1
12:01:13 | INFO: Extracting primitive: Fern leaflet.083
12:01:13 | INFO: Primitives created: 1
12:01:13 | INFO: Extracting primitive: Fern leaflet.084
12:01:13 | INFO: Primitives created: 1
12:01:13 | INFO: Extracting primitive: Fern leaflet.085
12:01:13 | INFO: Primitives created: 1
12:01:13 | INFO: Extracting primitive: Fern leaflet.086
12:01:13 | INFO: Primitives created: 1
12:01:13 | INFO: Extracting primitive: Fern leaflet.087
12:01:13 | INFO: Primitives created: 1
12:01:13 | INFO: Extracting primitive: Fern leaflet.088
12:01:13 | INFO: Primitives created: 1
12:01:13 | INFO: Extracting primitive: Fern leaflet.089
12:01:13 | INFO: Primitives created: 1
12:01:13 | INFO: Extracting primitive: Fern leaflet.090
12:01:13 | INFO: Primitives created: 1
12:01:13 | INFO: Extracting primitive: Fern leaflet.091
12:01:13 | INFO: Primitives created: 1
12:01:13 | INFO: Extracting primitive: Fern leaflet.092
12:01:13 | INFO: Primitives created: 1
12:01:13 | INFO: Extracting primitive: Fern leaflet.093
12:01:13 | INFO: Primitives created: 1
12:01:13 | INFO: Extracting primitive: Fern leaflet.094
12:01:13 | INFO: Primitives created: 1
12:01:13 | INFO: Extracting primitive: Fern leaflet.095
12:01:13 | INFO: Primitives created: 1
12:01:13 | INFO: Extracting primitive: Fern unfolding leaf tip.002
12:01:13 | INFO: Primitives created: 1
12:01:13 | INFO: Extracting primitive: Fern unfolding leaf tip.003
12:01:13 | INFO: Primitives created: 1
12:01:13 | INFO: Extracting primitive: Fine scattered woodland grasses.001
12:01:13 | INFO: Primitives created: 1
12:01:13 | INFO: Extracting primitive: Flower center.003
12:01:13 | INFO: Primitives created: 1
12:01:13 | INFO: Extracting primitive: Flower center.004
12:01:13 | INFO: Primitives created: 1
12:01:13 | INFO: Extracting primitive: Flower center.005
12:01:13 | INFO: Primitives created: 1
12:01:13 | INFO: Extracting primitive: Flower petal.015
12:01:13 | INFO: Primitives created: 1
12:01:13 | INFO: Extracting primitive: Flower petal.016
12:01:13 | INFO: Primitives created: 1
12:01:13 | INFO: Extracting primitive: Flower petal.017
12:01:13 | INFO: Primitives created: 1
12:01:13 | INFO: Extracting primitive: Flower petal.018
12:01:13 | INFO: Primitives created: 1
12:01:13 | INFO: Extracting primitive: Flower petal.019
12:01:13 | INFO: Primitives created: 1
12:01:13 | INFO: Extracting primitive: Flower petal.020
12:01:13 | INFO: Primitives created: 1
12:01:13 | INFO: Extracting primitive: Flower petal.021
12:01:13 | INFO: Primitives created: 1
12:01:13 | INFO: Extracting primitive: Flower petal.022
12:01:13 | INFO: Primitives created: 1
12:01:13 | INFO: Extracting primitive: Flower petal.023
12:01:13 | INFO: Primitives created: 1
12:01:13 | INFO: Extracting primitive: Flower petal.024
12:01:13 | INFO: Primitives created: 1
12:01:13 | INFO: Extracting primitive: Flower petal.025
12:01:13 | INFO: Primitives created: 1
12:01:13 | INFO: Extracting primitive: Flower petal.026
12:01:13 | INFO: Primitives created: 1
12:01:13 | INFO: Extracting primitive: Flower petal.027
12:01:13 | INFO: Primitives created: 1
12:01:13 | INFO: Extracting primitive: Flower petal.028
12:01:13 | INFO: Primitives created: 1
12:01:13 | INFO: Extracting primitive: Flower petal.029
12:01:13 | INFO: Primitives created: 1
12:01:13 | INFO: Extracting primitive: Flower stem.003
12:01:13 | INFO: Primitives created: 1
12:01:13 | INFO: Extracting primitive: Flower stem.004
12:01:13 | INFO: Primitives created: 1
12:01:13 | INFO: Extracting primitive: Flower stem.005
12:01:13 | INFO: Primitives created: 1
12:01:13 | INFO: Extracting primitive: Standard hex earth layer.001
12:01:13 | INFO: Primitives created: 1
12:01:13 | INFO: Extracting primitive: Standard hex meadow top.001
12:01:13 | INFO: Primitives created: 1
12:01:13 | INFO: Extracting primitive: Standard hex stone foundation.001
12:01:13 | INFO: Primitives created: 1
12:01:13 | INFO: Extracting primitive: Thin meadow rim shadow.006
12:01:14 | INFO: Primitives created: 1
12:01:14 | INFO: Extracting primitive: Thin meadow rim shadow.007
12:01:14 | INFO: Primitives created: 1
12:01:14 | INFO: Extracting primitive: Thin meadow rim shadow.008
12:01:14 | INFO: Primitives created: 1
12:01:14 | INFO: Extracting primitive: Thin meadow rim shadow.009
12:01:14 | INFO: Primitives created: 1
12:01:14 | INFO: Extracting primitive: Thin meadow rim shadow.010
12:01:14 | INFO: Primitives created: 1
12:01:14 | INFO: Extracting primitive: Thin meadow rim shadow.011
12:01:14 | INFO: Primitives created: 1
12:01:14 | INFO: Extracting primitive: Bioluminescent cap spot.024
12:01:14 | INFO: Primitives created: 1
12:01:14 | INFO: Extracting primitive: Bioluminescent cap spot.025
12:01:14 | INFO: Primitives created: 1
12:01:14 | INFO: Extracting primitive: Bioluminescent cap spot.026
12:01:14 | INFO: Primitives created: 1
12:01:14 | INFO: Extracting primitive: Bioluminescent cap spot.027
12:01:14 | INFO: Primitives created: 1
12:01:14 | INFO: Extracting primitive: Bioluminescent cap spot.028
12:01:14 | INFO: Primitives created: 1
12:01:14 | INFO: Extracting primitive: Bioluminescent cap spot.029
12:01:14 | INFO: Primitives created: 1
12:01:14 | INFO: Extracting primitive: Bioluminescent cap spot.030
12:01:14 | INFO: Primitives created: 1
12:01:14 | INFO: Extracting primitive: Bioluminescent cap spot.031
12:01:14 | INFO: Primitives created: 1
12:01:14 | INFO: Extracting primitive: Broad faceted mushroom cap.003
12:01:14 | INFO: Primitives created: 1
12:01:14 | INFO: Extracting primitive: Curving luminous mushroom stem.003
12:01:14 | INFO: Primitives created: 1
12:01:14 | INFO: Extracting primitive: Luminous cap underside.003
12:01:14 | INFO: Primitives created: 1
12:01:14 | INFO: Extracting primitive: Mushroom radial gill.036
12:01:14 | INFO: Primitives created: 1
12:01:14 | INFO: Extracting primitive: Mushroom radial gill.037
12:01:14 | INFO: Primitives created: 1
12:01:14 | INFO: Extracting primitive: Mushroom radial gill.038
12:01:14 | INFO: Primitives created: 1
12:01:14 | INFO: Extracting primitive: Mushroom radial gill.039
12:01:14 | INFO: Primitives created: 1
12:01:14 | INFO: Extracting primitive: Mushroom radial gill.040
12:01:14 | INFO: Primitives created: 1
12:01:14 | INFO: Extracting primitive: Mushroom radial gill.041
12:01:14 | INFO: Primitives created: 1
12:01:14 | INFO: Extracting primitive: Mushroom radial gill.042
12:01:14 | INFO: Primitives created: 1
12:01:14 | INFO: Extracting primitive: Mushroom radial gill.043
12:01:14 | INFO: Primitives created: 1
12:01:14 | INFO: Extracting primitive: Mushroom radial gill.044
12:01:14 | INFO: Primitives created: 1
12:01:14 | INFO: Extracting primitive: Mushroom radial gill.045
12:01:14 | INFO: Primitives created: 1
12:01:14 | INFO: Extracting primitive: Mushroom radial gill.046
12:01:14 | INFO: Primitives created: 1
12:01:14 | INFO: Extracting primitive: Mushroom radial gill.047
12:01:14 | INFO: Primitives created: 1
12:01:14 | INFO: Extracting primitive: Tiny floating glow spore.009
12:01:14 | INFO: Primitives created: 1
12:01:14 | INFO: Extracting primitive: Tiny floating glow spore.010
12:01:14 | INFO: Primitives created: 1
12:01:14 | INFO: Extracting primitive: Tiny floating glow spore.011
12:01:14 | INFO: Primitives created: 1
12:01:14 | INFO: Extracting primitive: Bioluminescent cap spot.032
12:01:14 | INFO: Primitives created: 1
12:01:14 | INFO: Extracting primitive: Bioluminescent cap spot.033
12:01:14 | INFO: Primitives created: 1
12:01:14 | INFO: Extracting primitive: Bioluminescent cap spot.034
12:01:14 | INFO: Primitives created: 1
12:01:14 | INFO: Extracting primitive: Bioluminescent cap spot.035
12:01:14 | INFO: Primitives created: 1
12:01:14 | INFO: Extracting primitive: Bioluminescent cap spot.036
12:01:14 | INFO: Primitives created: 1
12:01:14 | INFO: Extracting primitive: Bioluminescent cap spot.037
12:01:14 | INFO: Primitives created: 1
12:01:14 | INFO: Extracting primitive: Bioluminescent cap spot.038
12:01:14 | INFO: Primitives created: 1
12:01:14 | INFO: Extracting primitive: Bioluminescent cap spot.039
12:01:14 | INFO: Primitives created: 1
12:01:14 | INFO: Extracting primitive: Broad faceted mushroom cap.004
12:01:14 | INFO: Primitives created: 1
12:01:14 | INFO: Extracting primitive: Curving luminous mushroom stem.004
12:01:14 | INFO: Primitives created: 1
12:01:14 | INFO: Extracting primitive: Luminous cap underside.004
12:01:14 | INFO: Primitives created: 1
12:01:14 | INFO: Extracting primitive: Mushroom radial gill.048
12:01:14 | INFO: Primitives created: 1
12:01:14 | INFO: Extracting primitive: Mushroom radial gill.049
12:01:14 | INFO: Primitives created: 1
12:01:14 | INFO: Extracting primitive: Mushroom radial gill.050
12:01:14 | INFO: Primitives created: 1
12:01:14 | INFO: Extracting primitive: Mushroom radial gill.051
12:01:14 | INFO: Primitives created: 1
12:01:14 | INFO: Extracting primitive: Mushroom radial gill.052
12:01:14 | INFO: Primitives created: 1
12:01:14 | INFO: Extracting primitive: Mushroom radial gill.053
12:01:14 | INFO: Primitives created: 1
12:01:14 | INFO: Extracting primitive: Mushroom radial gill.054
12:01:14 | INFO: Primitives created: 1
12:01:14 | INFO: Extracting primitive: Mushroom radial gill.055
12:01:14 | INFO: Primitives created: 1
12:01:14 | INFO: Extracting primitive: Mushroom radial gill.056
12:01:14 | INFO: Primitives created: 1
12:01:14 | INFO: Extracting primitive: Mushroom radial gill.057
12:01:14 | INFO: Primitives created: 1
12:01:14 | INFO: Extracting primitive: Mushroom radial gill.058
12:01:14 | INFO: Primitives created: 1
12:01:14 | INFO: Extracting primitive: Mushroom radial gill.059
12:01:14 | INFO: Primitives created: 1
12:01:14 | INFO: Extracting primitive: Tiny floating glow spore.012
12:01:14 | INFO: Primitives created: 1
12:01:14 | INFO: Extracting primitive: Tiny floating glow spore.013
12:01:14 | INFO: Primitives created: 1
12:01:14 | INFO: Extracting primitive: Tiny floating glow spore.014
12:01:14 | INFO: Primitives created: 1
12:01:14 | INFO: Extracting primitive: Bioluminescent cap spot.040
12:01:14 | INFO: Primitives created: 1
12:01:14 | INFO: Extracting primitive: Bioluminescent cap spot.041
12:01:14 | INFO: Primitives created: 1
12:01:14 | INFO: Extracting primitive: Bioluminescent cap spot.042
12:01:14 | INFO: Primitives created: 1
12:01:14 | INFO: Extracting primitive: Bioluminescent cap spot.043
12:01:14 | INFO: Primitives created: 1
12:01:14 | INFO: Extracting primitive: Bioluminescent cap spot.044
12:01:14 | INFO: Primitives created: 1
12:01:14 | INFO: Extracting primitive: Bioluminescent cap spot.045
12:01:14 | INFO: Primitives created: 1
12:01:14 | INFO: Extracting primitive: Bioluminescent cap spot.046
12:01:14 | INFO: Primitives created: 1
12:01:14 | INFO: Extracting primitive: Bioluminescent cap spot.047
12:01:14 | INFO: Primitives created: 1
12:01:14 | INFO: Extracting primitive: Broad faceted mushroom cap.005
12:01:14 | INFO: Primitives created: 1
12:01:14 | INFO: Extracting primitive: Curving luminous mushroom stem.005
12:01:14 | INFO: Primitives created: 1
12:01:14 | INFO: Extracting primitive: Luminous cap underside.005
12:01:14 | INFO: Primitives created: 1
12:01:14 | INFO: Extracting primitive: Mushroom radial gill.060
12:01:14 | INFO: Primitives created: 1
12:01:14 | INFO: Extracting primitive: Mushroom radial gill.061
12:01:14 | INFO: Primitives created: 1
12:01:14 | INFO: Extracting primitive: Mushroom radial gill.062
12:01:14 | INFO: Primitives created: 1
12:01:14 | INFO: Extracting primitive: Mushroom radial gill.063
12:01:14 | INFO: Primitives created: 1
12:01:14 | INFO: Extracting primitive: Mushroom radial gill.064
12:01:14 | INFO: Primitives created: 1
12:01:14 | INFO: Extracting primitive: Mushroom radial gill.065
12:01:14 | INFO: Primitives created: 1
12:01:14 | INFO: Extracting primitive: Mushroom radial gill.066
12:01:14 | INFO: Primitives created: 1
12:01:14 | INFO: Extracting primitive: Mushroom radial gill.067
12:01:14 | INFO: Primitives created: 1
12:01:14 | INFO: Extracting primitive: Mushroom radial gill.068
12:01:14 | INFO: Primitives created: 1
12:01:14 | INFO: Extracting primitive: Mushroom radial gill.069
12:01:14 | INFO: Primitives created: 1
12:01:14 | INFO: Extracting primitive: Mushroom radial gill.070
12:01:14 | INFO: Primitives created: 1
12:01:14 | INFO: Extracting primitive: Mushroom radial gill.071
12:01:14 | INFO: Primitives created: 1
12:01:14 | INFO: Extracting primitive: Mushroom translucent stem groove.050
12:01:14 | INFO: Primitives created: 1
12:01:14 | INFO: Extracting primitive: Mushroom translucent stem groove.051
12:01:14 | INFO: Primitives created: 1
12:01:14 | INFO: Extracting primitive: Mushroom translucent stem groove.052
12:01:14 | INFO: Primitives created: 1
12:01:14 | INFO: Extracting primitive: Mushroom translucent stem groove.053
12:01:14 | INFO: Primitives created: 1
12:01:14 | INFO: Extracting primitive: Mushroom translucent stem groove.054
12:01:14 | INFO: Primitives created: 1
12:01:14 | INFO: Extracting primitive: Mushroom translucent stem groove.055
12:01:14 | INFO: Primitives created: 1
12:01:14 | INFO: Extracting primitive: Mushroom translucent stem groove.056
12:01:14 | INFO: Primitives created: 1
12:01:14 | INFO: Extracting primitive: Mushroom translucent stem groove.057
12:01:14 | INFO: Primitives created: 1
12:01:14 | INFO: Extracting primitive: Mushroom translucent stem groove.058
12:01:14 | INFO: Primitives created: 1
12:01:14 | INFO: Extracting primitive: Mushroom translucent stem groove.059
12:01:14 | INFO: Primitives created: 1
12:01:14 | INFO: Extracting primitive: Tiny floating glow spore.015
12:01:14 | INFO: Primitives created: 1
12:01:14 | INFO: Extracting primitive: Tiny floating glow spore.016
12:01:14 | INFO: Primitives created: 1
12:01:14 | INFO: Extracting primitive: Tiny floating glow spore.017
12:01:14 | INFO: Primitives created: 1
12:01:14 | INFO: Finished glTF 2.0 export in 0.9894607067108154 s
00:18.495  blend            | Read blend: "/home/bart/.treehouse/odot-game-assets-86a3a5/2/odot-game-assets/sources/environment/hex_rune_shrine.blend"

Exported environment/hex_mystical_grove; source unchanged
12:01:14 | INFO: Starting glTF 2.0 export
12:01:14 | INFO: Extracting primitive: Angular mossy forest boulder.002
12:01:14 | INFO: Primitives created: 3
12:01:14 | INFO: Extracting primitive: Broad woodland leaf.012
12:01:14 | INFO: Primitives created: 1
12:01:14 | INFO: Extracting primitive: Broad woodland leaf.013
12:01:14 | INFO: Primitives created: 1
12:01:14 | INFO: Extracting primitive: Broad woodland leaf.014
12:01:14 | INFO: Primitives created: 1
12:01:14 | INFO: Extracting primitive: Broad woodland leaf.015
12:01:14 | INFO: Primitives created: 1
12:01:14 | INFO: Extracting primitive: Broad woodland leaf.016
12:01:14 | INFO: Primitives created: 1
12:01:14 | INFO: Extracting primitive: Broad woodland leaf.017
12:01:14 | INFO: Primitives created: 1
12:01:14 | INFO: Extracting primitive: Moss tiny sprouting mound.006
12:01:14 | INFO: Primitives created: 1
12:01:14 | INFO: Extracting primitive: Moss tiny sprouting mound.007
12:01:14 | INFO: Primitives created: 1
12:01:14 | INFO: Extracting primitive: Moss tiny sprouting mound.008
12:01:14 | INFO: Primitives created: 1
12:01:14 | INFO: Extracting primitive: Soft moss patch.006
12:01:14 | INFO: Primitives created: 1
12:01:14 | INFO: Extracting primitive: Soft moss patch.007
12:01:14 | INFO: Primitives created: 1
12:01:14 | INFO: Extracting primitive: Soft moss patch.008
12:01:14 | INFO: Primitives created: 1
12:01:14 | INFO: Extracting primitive: Faceted magical crystal.004
12:01:14 | INFO: Primitives created: 3
12:01:14 | INFO: Extracting primitive: Curled fern fiddlehead.002
12:01:14 | INFO: Primitives created: 1
12:01:14 | INFO: Extracting primitive: Fern central stem.012
12:01:14 | INFO: Primitives created: 1
12:01:14 | INFO: Extracting primitive: Fern central stem.013
12:01:14 | INFO: Primitives created: 1
12:01:14 | INFO: Extracting primitive: Fern central stem.014
12:01:14 | INFO: Primitives created: 1
12:01:14 | INFO: Extracting primitive: Fern central stem.015
12:01:14 | INFO: Primitives created: 1
12:01:14 | INFO: Extracting primitive: Fern central stem.016
12:01:14 | INFO: Primitives created: 1
12:01:14 | INFO: Extracting primitive: Fern central stem.017
12:01:14 | INFO: Primitives created: 1
12:01:14 | INFO: Extracting primitive: Fern leaflet.096
12:01:14 | INFO: Primitives created: 1
12:01:14 | INFO: Extracting primitive: Fern leaflet.097
12:01:14 | INFO: Primitives created: 1
12:01:14 | INFO: Extracting primitive: Fern leaflet.098
12:01:14 | INFO: Primitives created: 1
12:01:14 | INFO: Extracting primitive: Fern leaflet.099
12:01:14 | INFO: Primitives created: 1
12:01:14 | INFO: Extracting primitive: Fern leaflet.100
12:01:14 | INFO: Primitives created: 1
12:01:14 | INFO: Extracting primitive: Fern leaflet.101
12:01:14 | INFO: Primitives created: 1
12:01:14 | INFO: Extracting primitive: Fern leaflet.102
12:01:14 | INFO: Primitives created: 1
12:01:14 | INFO: Extracting primitive: Fern leaflet.103
12:01:14 | INFO: Primitives created: 1
12:01:14 | INFO: Extracting primitive: Fern leaflet.104
12:01:14 | INFO: Primitives created: 1
12:01:14 | INFO: Extracting primitive: Fern leaflet.105
12:01:14 | INFO: Primitives created: 1
12:01:14 | INFO: Extracting primitive: Fern leaflet.106
12:01:14 | INFO: Primitives created: 1
12:01:14 | INFO: Extracting primitive: Fern leaflet.107
12:01:14 | INFO: Primitives created: 1
12:01:14 | INFO: Extracting primitive: Fern leaflet.108
12:01:14 | INFO: Primitives created: 1
12:01:14 | INFO: Extracting primitive: Fern leaflet.109
12:01:14 | INFO: Primitives created: 1
12:01:14 | INFO: Extracting primitive: Fern leaflet.110
12:01:14 | INFO: Primitives created: 1
12:01:14 | INFO: Extracting primitive: Fern leaflet.111
12:01:14 | INFO: Primitives created: 1
12:01:14 | INFO: Extracting primitive: Fern leaflet.112
12:01:14 | INFO: Primitives created: 1
12:01:14 | INFO: Extracting primitive: Fern leaflet.113
12:01:14 | INFO: Primitives created: 1
12:01:14 | INFO: Extracting primitive: Fern leaflet.114
12:01:14 | INFO: Primitives created: 1
12:01:14 | INFO: Extracting primitive: Fern leaflet.115
12:01:14 | INFO: Primitives created: 1
12:01:14 | INFO: Extracting primitive: Fern leaflet.116
12:01:14 | INFO: Primitives created: 1
12:01:14 | INFO: Extracting primitive: Fern leaflet.117
12:01:14 | INFO: Primitives created: 1
12:01:14 | INFO: Extracting primitive: Fern leaflet.118
12:01:14 | INFO: Primitives created: 1
12:01:14 | INFO: Extracting primitive: Fern leaflet.119
12:01:14 | INFO: Primitives created: 1
12:01:14 | INFO: Extracting primitive: Fern leaflet.120
12:01:14 | INFO: Primitives created: 1
12:01:14 | INFO: Extracting primitive: Fern leaflet.121
12:01:14 | INFO: Primitives created: 1
12:01:14 | INFO: Extracting primitive: Fern leaflet.122
12:01:14 | INFO: Primitives created: 1
12:01:14 | INFO: Extracting primitive: Fern leaflet.123
12:01:14 | INFO: Primitives created: 1
12:01:14 | INFO: Extracting primitive: Fern leaflet.124
12:01:14 | INFO: Primitives created: 1
12:01:14 | INFO: Extracting primitive: Fern leaflet.125
12:01:14 | INFO: Primitives created: 1
12:01:14 | INFO: Extracting primitive: Fern leaflet.126
12:01:14 | INFO: Primitives created: 1
12:01:14 | INFO: Extracting primitive: Fern leaflet.127
12:01:14 | INFO: Primitives created: 1
12:01:14 | INFO: Extracting primitive: Fern leaflet.128
12:01:14 | INFO: Primitives created: 1
12:01:14 | INFO: Extracting primitive: Fern leaflet.129
12:01:14 | INFO: Primitives created: 1
12:01:14 | INFO: Extracting primitive: Fern leaflet.130
12:01:14 | INFO: Primitives created: 1
12:01:14 | INFO: Extracting primitive: Fern leaflet.131
12:01:14 | INFO: Primitives created: 1
12:01:14 | INFO: Extracting primitive: Fern leaflet.132
12:01:14 | INFO: Primitives created: 1
12:01:14 | INFO: Extracting primitive: Fern leaflet.133
12:01:14 | INFO: Primitives created: 1
12:01:14 | INFO: Extracting primitive: Fern leaflet.134
12:01:14 | INFO: Primitives created: 1
12:01:14 | INFO: Extracting primitive: Fern leaflet.135
12:01:14 | INFO: Primitives created: 1
12:01:14 | INFO: Extracting primitive: Fern leaflet.136
12:01:14 | INFO: Primitives created: 1
12:01:14 | INFO: Extracting primitive: Fern leaflet.137
12:01:14 | INFO: Primitives created: 1
12:01:14 | INFO: Extracting primitive: Fern leaflet.138
12:01:14 | INFO: Primitives created: 1
12:01:14 | INFO: Extracting primitive: Fern leaflet.139
12:01:14 | INFO: Primitives created: 1
12:01:14 | INFO: Extracting primitive: Fern leaflet.140
12:01:14 | INFO: Primitives created: 1
12:01:14 | INFO: Extracting primitive: Fern leaflet.141
12:01:14 | INFO: Primitives created: 1
12:01:14 | INFO: Extracting primitive: Fern leaflet.142
12:01:14 | INFO: Primitives created: 1
12:01:14 | INFO: Extracting primitive: Fern leaflet.143
12:01:14 | INFO: Primitives created: 1
12:01:14 | INFO: Extracting primitive: Fern unfolding leaf tip.004
12:01:14 | INFO: Primitives created: 1
12:01:14 | INFO: Extracting primitive: Fern unfolding leaf tip.005
12:01:14 | INFO: Primitives created: 1
12:01:14 | INFO: Extracting primitive: Fine scattered woodland grasses.002
12:01:14 | INFO: Primitives created: 1
12:01:14 | INFO: Extracting primitive: Flower center.006
12:01:15 | INFO: Primitives created: 1
12:01:15 | INFO: Extracting primitive: Flower center.007
12:01:15 | INFO: Primitives created: 1
12:01:15 | INFO: Extracting primitive: Flower center.008
12:01:15 | INFO: Primitives created: 1
12:01:15 | INFO: Extracting primitive: Flower petal.030
12:01:15 | INFO: Primitives created: 1
12:01:15 | INFO: Extracting primitive: Flower petal.031
12:01:15 | INFO: Primitives created: 1
12:01:15 | INFO: Extracting primitive: Flower petal.032
12:01:15 | INFO: Primitives created: 1
12:01:15 | INFO: Extracting primitive: Flower petal.033
12:01:15 | INFO: Primitives created: 1
12:01:15 | INFO: Extracting primitive: Flower petal.034
12:01:15 | INFO: Primitives created: 1
12:01:15 | INFO: Extracting primitive: Flower petal.035
12:01:15 | INFO: Primitives created: 1
12:01:15 | INFO: Extracting primitive: Flower petal.036
12:01:15 | INFO: Primitives created: 1
12:01:15 | INFO: Extracting primitive: Flower petal.037
12:01:15 | INFO: Primitives created: 1
12:01:15 | INFO: Extracting primitive: Flower petal.038
12:01:15 | INFO: Primitives created: 1
12:01:15 | INFO: Extracting primitive: Flower petal.039
12:01:15 | INFO: Primitives created: 1
12:01:15 | INFO: Extracting primitive: Flower petal.040
12:01:15 | INFO: Primitives created: 1
12:01:15 | INFO: Extracting primitive: Flower petal.041
12:01:15 | INFO: Primitives created: 1
12:01:15 | INFO: Extracting primitive: Flower petal.042
12:01:15 | INFO: Primitives created: 1
12:01:15 | INFO: Extracting primitive: Flower petal.043
12:01:15 | INFO: Primitives created: 1
12:01:15 | INFO: Extracting primitive: Flower petal.044
12:01:15 | INFO: Primitives created: 1
12:01:15 | INFO: Extracting primitive: Flower stem.006
12:01:15 | INFO: Primitives created: 1
12:01:15 | INFO: Extracting primitive: Flower stem.007
12:01:15 | INFO: Primitives created: 1
12:01:15 | INFO: Extracting primitive: Flower stem.008
12:01:15 | INFO: Primitives created: 1
12:01:15 | INFO: Extracting primitive: Standard hex earth layer.002
12:01:15 | INFO: Primitives created: 1
12:01:15 | INFO: Extracting primitive: Standard hex meadow top.002
12:01:15 | INFO: Primitives created: 1
12:01:15 | INFO: Extracting primitive: Standard hex stone foundation.002
12:01:15 | INFO: Primitives created: 1
12:01:15 | INFO: Extracting primitive: Thin meadow rim shadow.012
12:01:15 | INFO: Primitives created: 1
12:01:15 | INFO: Extracting primitive: Thin meadow rim shadow.013
12:01:15 | INFO: Primitives created: 1
12:01:15 | INFO: Extracting primitive: Thin meadow rim shadow.014
12:01:15 | INFO: Primitives created: 1
12:01:15 | INFO: Extracting primitive: Thin meadow rim shadow.015
12:01:15 | INFO: Primitives created: 1
12:01:15 | INFO: Extracting primitive: Thin meadow rim shadow.016
12:01:15 | INFO: Primitives created: 1
12:01:15 | INFO: Extracting primitive: Thin meadow rim shadow.017
12:01:15 | INFO: Primitives created: 1
12:01:15 | INFO: Extracting primitive: Lantern amber glass
12:01:15 | INFO: Primitives created: 1
12:01:15 | INFO: Extracting primitive: Lantern bottom
12:01:15 | INFO: Primitives created: 1
12:01:15 | INFO: Extracting primitive: Lantern chain
12:01:15 | INFO: Primitives created: 1
12:01:15 | INFO: Extracting primitive: Lantern corner
12:01:15 | INFO: Primitives created: 1
12:01:15 | INFO: Extracting primitive: Lantern corner.001
12:01:15 | INFO: Primitives created: 1
12:01:15 | INFO: Extracting primitive: Lantern corner.002
12:01:15 | INFO: Primitives created: 1
12:01:15 | INFO: Extracting primitive: Lantern corner.003
12:01:15 | INFO: Primitives created: 1
12:01:15 | INFO: Extracting primitive: Lantern hanger
12:01:15 | INFO: Primitives created: 1
12:01:15 | INFO: Extracting primitive: Lantern hot glass inset
12:01:15 | INFO: Primitives created: 1
12:01:15 | INFO: Extracting primitive: Lantern post grain
12:01:15 | INFO: Primitives created: 1
12:01:15 | INFO: Extracting primitive: Lantern post grain.001
12:01:15 | INFO: Primitives created: 1
12:01:15 | INFO: Extracting primitive: Lantern roof
12:01:15 | INFO: Primitives created: 1
12:01:15 | INFO: Extracting primitive: Woodland lantern bracket
12:01:15 | INFO: Primitives created: 1
12:01:15 | INFO: Extracting primitive: Woodland lantern upright
12:01:15 | INFO: Primitives created: 1
12:01:15 | INFO: Extracting primitive: Bioluminescent cap spot.048
12:01:15 | INFO: Primitives created: 1
12:01:15 | INFO: Extracting primitive: Bioluminescent cap spot.049
12:01:15 | INFO: Primitives created: 1
12:01:15 | INFO: Extracting primitive: Bioluminescent cap spot.050
12:01:15 | INFO: Primitives created: 1
12:01:15 | INFO: Extracting primitive: Bioluminescent cap spot.051
12:01:15 | INFO: Primitives created: 1
12:01:15 | INFO: Extracting primitive: Bioluminescent cap spot.052
12:01:15 | INFO: Primitives created: 1
12:01:15 | INFO: Extracting primitive: Bioluminescent cap spot.053
12:01:15 | INFO: Primitives created: 1
12:01:15 | INFO: Extracting primitive: Bioluminescent cap spot.054
12:01:15 | INFO: Primitives created: 1
12:01:15 | INFO: Extracting primitive: Bioluminescent cap spot.055
12:01:15 | INFO: Primitives created: 1
12:01:15 | INFO: Extracting primitive: Broad faceted mushroom cap.006
12:01:15 | INFO: Primitives created: 1
12:01:15 | INFO: Extracting primitive: Curving luminous mushroom stem.006
12:01:15 | INFO: Primitives created: 1
12:01:15 | INFO: Extracting primitive: Luminous cap underside.006
12:01:15 | INFO: Primitives created: 1
12:01:15 | INFO: Extracting primitive: Mushroom radial gill.072
12:01:15 | INFO: Primitives created: 1
12:01:15 | INFO: Extracting primitive: Mushroom radial gill.073
12:01:15 | INFO: Primitives created: 1
12:01:15 | INFO: Extracting primitive: Mushroom radial gill.074
12:01:15 | INFO: Primitives created: 1
12:01:15 | INFO: Extracting primitive: Mushroom radial gill.075
12:01:15 | INFO: Primitives created: 1
12:01:15 | INFO: Extracting primitive: Mushroom radial gill.076
12:01:15 | INFO: Primitives created: 1
12:01:15 | INFO: Extracting primitive: Mushroom radial gill.077
12:01:15 | INFO: Primitives created: 1
12:01:15 | INFO: Extracting primitive: Mushroom radial gill.078
12:01:15 | INFO: Primitives created: 1
12:01:15 | INFO: Extracting primitive: Mushroom radial gill.079
12:01:15 | INFO: Primitives created: 1
12:01:15 | INFO: Extracting primitive: Mushroom radial gill.080
12:01:15 | INFO: Primitives created: 1
12:01:15 | INFO: Extracting primitive: Mushroom radial gill.081
12:01:15 | INFO: Primitives created: 1
12:01:15 | INFO: Extracting primitive: Mushroom radial gill.082
12:01:15 | INFO: Primitives created: 1
12:01:15 | INFO: Extracting primitive: Mushroom radial gill.083
12:01:15 | INFO: Primitives created: 1
12:01:15 | INFO: Extracting primitive: Tiny floating glow spore.018
12:01:15 | INFO: Primitives created: 1
12:01:15 | INFO: Extracting primitive: Tiny floating glow spore.019
12:01:15 | INFO: Primitives created: 1
12:01:15 | INFO: Extracting primitive: Tiny floating glow spore.020
12:01:15 | INFO: Primitives created: 1
12:01:15 | INFO: Extracting primitive: Bioluminescent cap spot.056
12:01:15 | INFO: Primitives created: 1
12:01:15 | INFO: Extracting primitive: Bioluminescent cap spot.057
12:01:15 | INFO: Primitives created: 1
12:01:15 | INFO: Extracting primitive: Bioluminescent cap spot.058
12:01:15 | INFO: Primitives created: 1
12:01:15 | INFO: Extracting primitive: Bioluminescent cap spot.059
12:01:15 | INFO: Primitives created: 1
12:01:15 | INFO: Extracting primitive: Bioluminescent cap spot.060
12:01:15 | INFO: Primitives created: 1
12:01:15 | INFO: Extracting primitive: Bioluminescent cap spot.061
12:01:15 | INFO: Primitives created: 1
12:01:15 | INFO: Extracting primitive: Bioluminescent cap spot.062
12:01:15 | INFO: Primitives created: 1
12:01:15 | INFO: Extracting primitive: Bioluminescent cap spot.063
12:01:15 | INFO: Primitives created: 1
12:01:15 | INFO: Extracting primitive: Broad faceted mushroom cap.007
12:01:15 | INFO: Primitives created: 1
12:01:15 | INFO: Extracting primitive: Curving luminous mushroom stem.007
12:01:15 | INFO: Primitives created: 1
12:01:15 | INFO: Extracting primitive: Luminous cap underside.007
12:01:15 | INFO: Primitives created: 1
12:01:15 | INFO: Extracting primitive: Mushroom radial gill.084
12:01:15 | INFO: Primitives created: 1
12:01:15 | INFO: Extracting primitive: Mushroom radial gill.085
12:01:15 | INFO: Primitives created: 1
12:01:15 | INFO: Extracting primitive: Mushroom radial gill.086
12:01:15 | INFO: Primitives created: 1
12:01:15 | INFO: Extracting primitive: Mushroom radial gill.087
12:01:15 | INFO: Primitives created: 1
12:01:15 | INFO: Extracting primitive: Mushroom radial gill.088
12:01:15 | INFO: Primitives created: 1
12:01:15 | INFO: Extracting primitive: Mushroom radial gill.089
12:01:15 | INFO: Primitives created: 1
12:01:15 | INFO: Extracting primitive: Mushroom radial gill.090
12:01:15 | INFO: Primitives created: 1
12:01:15 | INFO: Extracting primitive: Mushroom radial gill.091
12:01:15 | INFO: Primitives created: 1
12:01:15 | INFO: Extracting primitive: Mushroom radial gill.092
12:01:15 | INFO: Primitives created: 1
12:01:15 | INFO: Extracting primitive: Mushroom radial gill.093
12:01:15 | INFO: Primitives created: 1
12:01:15 | INFO: Extracting primitive: Mushroom radial gill.094
12:01:15 | INFO: Primitives created: 1
12:01:15 | INFO: Extracting primitive: Mushroom radial gill.095
12:01:15 | INFO: Primitives created: 1
12:01:15 | INFO: Extracting primitive: Mushroom translucent stem groove.070
12:01:15 | INFO: Primitives created: 1
12:01:15 | INFO: Extracting primitive: Mushroom translucent stem groove.071
12:01:15 | INFO: Primitives created: 1
12:01:15 | INFO: Extracting primitive: Mushroom translucent stem groove.072
12:01:15 | INFO: Primitives created: 1
12:01:15 | INFO: Extracting primitive: Mushroom translucent stem groove.073
12:01:15 | INFO: Primitives created: 1
12:01:15 | INFO: Extracting primitive: Mushroom translucent stem groove.074
12:01:15 | INFO: Primitives created: 1
12:01:15 | INFO: Extracting primitive: Mushroom translucent stem groove.075
12:01:15 | INFO: Primitives created: 1
12:01:15 | INFO: Extracting primitive: Mushroom translucent stem groove.076
12:01:15 | INFO: Primitives created: 1
12:01:15 | INFO: Extracting primitive: Mushroom translucent stem groove.077
12:01:15 | INFO: Primitives created: 1
12:01:15 | INFO: Extracting primitive: Mushroom translucent stem groove.078
12:01:15 | INFO: Primitives created: 1
12:01:15 | INFO: Extracting primitive: Mushroom translucent stem groove.079
12:01:15 | INFO: Primitives created: 1
12:01:15 | INFO: Extracting primitive: Tiny floating glow spore.021
12:01:15 | INFO: Primitives created: 1
12:01:15 | INFO: Extracting primitive: Tiny floating glow spore.022
12:01:15 | INFO: Primitives created: 1
12:01:15 | INFO: Extracting primitive: Tiny floating glow spore.023
12:01:15 | INFO: Primitives created: 1
12:01:15 | INFO: Extracting primitive: Magic circle luminous node
12:01:15 | INFO: Primitives created: 1
12:01:15 | INFO: Extracting primitive: Magic circle luminous node.001
12:01:15 | INFO: Primitives created: 1
12:01:15 | INFO: Extracting primitive: Magic circle luminous node.002
12:01:15 | INFO: Primitives created: 1
12:01:15 | INFO: Extracting primitive: Magic circle luminous node.003
12:01:15 | INFO: Primitives created: 1
12:01:15 | INFO: Extracting primitive: Magic circle luminous node.004
12:01:15 | INFO: Primitives created: 1
12:01:15 | INFO: Extracting primitive: Magic circle luminous node.005
12:01:15 | INFO: Primitives created: 1
12:01:15 | INFO: Extracting primitive: Magic circle luminous node.006
12:01:15 | INFO: Primitives created: 1
12:01:15 | INFO: Extracting primitive: Magic circle luminous node.007
12:01:15 | INFO: Primitives created: 1
12:01:15 | INFO: Extracting primitive: Radial shrine marking
12:01:15 | INFO: Primitives created: 1
12:01:15 | INFO: Extracting primitive: Radial shrine marking.001
12:01:15 | INFO: Primitives created: 1
12:01:15 | INFO: Extracting primitive: Radial shrine marking.002
12:01:15 | INFO: Primitives created: 1
12:01:15 | INFO: Extracting primitive: Radial shrine marking.003
12:01:15 | INFO: Primitives created: 1
12:01:15 | INFO: Extracting primitive: Radial shrine marking.004
12:01:15 | INFO: Primitives created: 1
12:01:15 | INFO: Extracting primitive: Radial shrine marking.005
12:01:15 | INFO: Primitives created: 1
12:01:15 | INFO: Extracting primitive: Shrine inner glyph circle
12:01:15 | INFO: Primitives created: 1
12:01:15 | INFO: Extracting primitive: Shrine magic circle
12:01:15 | INFO: Primitives created: 1
12:01:15 | INFO: Extracting primitive: Glowing diamond rune.001
12:01:15 | INFO: Primitives created: 1
12:01:15 | INFO: Extracting primitive: Rune vertical stroke.001
12:01:15 | INFO: Primitives created: 1
12:01:15 | INFO: Extracting primitive: Weathered shrine monolith.001
12:01:15 | INFO: Primitives created: 2
12:01:15 | INFO: Extracting primitive: Radial shrine paving stone
12:01:15 | INFO: Primitives created: 1
12:01:15 | INFO: Extracting primitive: Radial shrine paving stone.001
12:01:15 | INFO: Primitives created: 1
12:01:15 | INFO: Extracting primitive: Radial shrine paving stone.002
12:01:15 | INFO: Primitives created: 1
12:01:15 | INFO: Extracting primitive: Radial shrine paving stone.003
12:01:15 | INFO: Primitives created: 1
12:01:15 | INFO: Extracting primitive: Radial shrine paving stone.004
12:01:15 | INFO: Primitives created: 1
12:01:15 | INFO: Extracting primitive: Radial shrine paving stone.005
12:01:15 | INFO: Primitives created: 1
12:01:15 | INFO: Extracting primitive: Radial shrine paving stone.006
12:01:15 | INFO: Primitives created: 1
12:01:15 | INFO: Extracting primitive: Radial shrine paving stone.007
12:01:15 | INFO: Primitives created: 1
12:01:15 | INFO: Extracting primitive: Shrine rim contact shadow
12:01:15 | INFO: Primitives created: 1
12:01:15 | INFO: Extracting primitive: Shrine stone pedestal
12:01:15 | INFO: Primitives created: 1
12:01:15 | INFO: Finished glTF 2.0 export in 0.9580352306365967 s
00:19.633  blend            | Read blend: "/home/bart/.treehouse/odot-game-assets-86a3a5/2/odot-game-assets/sources/environment/hex_woodland_bridge.blend"

Exported environment/hex_rune_shrine; source unchanged
12:01:15 | INFO: Starting glTF 2.0 export
12:01:15 | INFO: Extracting primitive: Arched wooden stringer
12:01:15 | INFO: Primitives created: 1
12:01:15 | INFO: Extracting primitive: Arched wooden stringer.001
12:01:15 | INFO: Primitives created: 1
12:01:15 | INFO: Extracting primitive: Angular mossy forest boulder.007
12:01:15 | INFO: Primitives created: 3
12:01:15 | INFO: Extracting primitive: Bridge deck plank
12:01:15 | INFO: Primitives created: 1
12:01:15 | INFO: Extracting primitive: Deck iron nail
12:01:15 | INFO: Primitives created: 1
12:01:15 | INFO: Extracting primitive: Deck iron nail.001
12:01:15 | INFO: Primitives created: 1
12:01:15 | INFO: Extracting primitive: Deck plank grain
12:01:15 | INFO: Primitives created: 1
12:01:15 | INFO: Extracting primitive: Deck plank grain.001
12:01:15 | INFO: Primitives created: 1
12:01:15 | INFO: Extracting primitive: Plank edge shadow
12:01:15 | INFO: Primitives created: 1
12:01:15 | INFO: Extracting primitive: Bridge post cap
12:01:15 | INFO: Primitives created: 1
12:01:15 | INFO: Extracting primitive: Bridge post fine grain
12:01:15 | INFO: Primitives created: 1
12:01:15 | INFO: Extracting primitive: Bridge post fine grain.001
12:01:15 | INFO: Primitives created: 1
12:01:15 | INFO: Extracting primitive: Bridge post iron peg
12:01:15 | INFO: Primitives created: 1
12:01:15 | INFO: Extracting primitive: Bridge post iron peg.001
12:01:15 | INFO: Primitives created: 1
12:01:15 | INFO: Extracting primitive: Bridge rail upright
12:01:15 | INFO: Primitives created: 1
12:01:15 | INFO: Extracting primitive: Post cap contact shadow
12:01:15 | INFO: Primitives created: 1
12:01:15 | INFO: Extracting primitive: Bridge timber rail
12:01:15 | INFO: Primitives created: 1
12:01:15 | INFO: Extracting primitive: Rail underside shadow
12:01:15 | INFO: Primitives created: 1
12:01:15 | INFO: Extracting primitive: Faceted magical crystal.011
12:01:16 | INFO: Primitives created: 3
12:01:16 | INFO: Extracting primitive: Curled fern fiddlehead.007
12:01:16 | INFO: Primitives created: 1
12:01:16 | INFO: Extracting primitive: Fern central stem.042
12:01:16 | INFO: Primitives created: 1
12:01:16 | INFO: Extracting primitive: Fern central stem.043
12:01:16 | INFO: Primitives created: 1
12:01:16 | INFO: Extracting primitive: Fern central stem.044
12:01:16 | INFO: Primitives created: 1
12:01:16 | INFO: Extracting primitive: Fern central stem.045
12:01:16 | INFO: Primitives created: 1
12:01:16 | INFO: Extracting primitive: Fern central stem.046
12:01:16 | INFO: Primitives created: 1
12:01:16 | INFO: Extracting primitive: Fern central stem.047
12:01:16 | INFO: Primitives created: 1
12:01:16 | INFO: Extracting primitive: Fern leaflet.336
12:01:16 | INFO: Primitives created: 1
12:01:16 | INFO: Extracting primitive: Fern leaflet.337
12:01:16 | INFO: Primitives created: 1
12:01:16 | INFO: Extracting primitive: Fern leaflet.338
12:01:16 | INFO: Primitives created: 1
12:01:16 | INFO: Extracting primitive: Fern leaflet.339
12:01:16 | INFO: Primitives created: 1
12:01:16 | INFO: Extracting primitive: Fern leaflet.340
12:01:16 | INFO: Primitives created: 1
12:01:16 | INFO: Extracting primitive: Fern leaflet.341
12:01:16 | INFO: Primitives created: 1
12:01:16 | INFO: Extracting primitive: Fern leaflet.342
12:01:16 | INFO: Primitives created: 1
12:01:16 | INFO: Extracting primitive: Fern leaflet.343
12:01:16 | INFO: Primitives created: 1
12:01:16 | INFO: Extracting primitive: Fern leaflet.344
12:01:16 | INFO: Primitives created: 1
12:01:16 | INFO: Extracting primitive: Fern leaflet.345
12:01:16 | INFO: Primitives created: 1
12:01:16 | INFO: Extracting primitive: Fern leaflet.346
12:01:16 | INFO: Primitives created: 1
12:01:16 | INFO: Extracting primitive: Fern leaflet.347
12:01:16 | INFO: Primitives created: 1
12:01:16 | INFO: Extracting primitive: Fern leaflet.348
12:01:16 | INFO: Primitives created: 1
12:01:16 | INFO: Extracting primitive: Fern leaflet.349
12:01:16 | INFO: Primitives created: 1
12:01:16 | INFO: Extracting primitive: Fern leaflet.350
12:01:16 | INFO: Primitives created: 1
12:01:16 | INFO: Extracting primitive: Fern leaflet.351
12:01:16 | INFO: Primitives created: 1
12:01:16 | INFO: Extracting primitive: Fern leaflet.352
12:01:16 | INFO: Primitives created: 1
12:01:16 | INFO: Extracting primitive: Fern leaflet.353
12:01:16 | INFO: Primitives created: 1
12:01:16 | INFO: Extracting primitive: Fern leaflet.354
12:01:16 | INFO: Primitives created: 1
12:01:16 | INFO: Extracting primitive: Fern leaflet.355
12:01:16 | INFO: Primitives created: 1
12:01:16 | INFO: Extracting primitive: Fern leaflet.356
12:01:16 | INFO: Primitives created: 1
12:01:16 | INFO: Extracting primitive: Fern leaflet.357
12:01:16 | INFO: Primitives created: 1
12:01:16 | INFO: Extracting primitive: Fern leaflet.358
12:01:16 | INFO: Primitives created: 1
12:01:16 | INFO: Extracting primitive: Fern leaflet.359
12:01:16 | INFO: Primitives created: 1
12:01:16 | INFO: Extracting primitive: Fern leaflet.360
12:01:16 | INFO: Primitives created: 1
12:01:16 | INFO: Extracting primitive: Fern leaflet.361
12:01:16 | INFO: Primitives created: 1
12:01:16 | INFO: Extracting primitive: Fern leaflet.362
12:01:16 | INFO: Primitives created: 1
12:01:16 | INFO: Extracting primitive: Fern leaflet.363
12:01:16 | INFO: Primitives created: 1
12:01:16 | INFO: Extracting primitive: Fern leaflet.364
12:01:16 | INFO: Primitives created: 1
12:01:16 | INFO: Extracting primitive: Fern leaflet.365
12:01:16 | INFO: Primitives created: 1
12:01:16 | INFO: Extracting primitive: Fern leaflet.366
12:01:16 | INFO: Primitives created: 1
12:01:16 | INFO: Extracting primitive: Fern leaflet.367
12:01:16 | INFO: Primitives created: 1
12:01:16 | INFO: Extracting primitive: Fern leaflet.368
12:01:16 | INFO: Primitives created: 1
12:01:16 | INFO: Extracting primitive: Fern leaflet.369
12:01:16 | INFO: Primitives created: 1
12:01:16 | INFO: Extracting primitive: Fern leaflet.370
12:01:16 | INFO: Primitives created: 1
12:01:16 | INFO: Extracting primitive: Fern leaflet.371
12:01:16 | INFO: Primitives created: 1
12:01:16 | INFO: Extracting primitive: Fern leaflet.372
12:01:16 | INFO: Primitives created: 1
12:01:16 | INFO: Extracting primitive: Fern leaflet.373
12:01:16 | INFO: Primitives created: 1
12:01:16 | INFO: Extracting primitive: Fern leaflet.374
12:01:16 | INFO: Primitives created: 1
12:01:16 | INFO: Extracting primitive: Fern leaflet.375
12:01:16 | INFO: Primitives created: 1
12:01:16 | INFO: Extracting primitive: Fern leaflet.376
12:01:16 | INFO: Primitives created: 1
12:01:16 | INFO: Extracting primitive: Fern leaflet.377
12:01:16 | INFO: Primitives created: 1
12:01:16 | INFO: Extracting primitive: Fern leaflet.378
12:01:16 | INFO: Primitives created: 1
12:01:16 | INFO: Extracting primitive: Fern leaflet.379
12:01:16 | INFO: Primitives created: 1
12:01:16 | INFO: Extracting primitive: Fern leaflet.380
12:01:16 | INFO: Primitives created: 1
12:01:16 | INFO: Extracting primitive: Fern leaflet.381
12:01:16 | INFO: Primitives created: 1
12:01:16 | INFO: Extracting primitive: Fern leaflet.382
12:01:16 | INFO: Primitives created: 1
12:01:16 | INFO: Extracting primitive: Fern leaflet.383
12:01:16 | INFO: Primitives created: 1
12:01:16 | INFO: Extracting primitive: Fern unfolding leaf tip.014
12:01:16 | INFO: Primitives created: 1
12:01:16 | INFO: Extracting primitive: Fern unfolding leaf tip.015
12:01:16 | INFO: Primitives created: 1
12:01:16 | INFO: Extracting primitive: Fine scattered woodland grasses.007
12:01:16 | INFO: Primitives created: 1
12:01:16 | INFO: Extracting primitive: Flower center.021
12:01:16 | INFO: Primitives created: 1
12:01:16 | INFO: Extracting primitive: Flower center.022
12:01:16 | INFO: Primitives created: 1
12:01:16 | INFO: Extracting primitive: Flower center.023
12:01:16 | INFO: Primitives created: 1
12:01:16 | INFO: Extracting primitive: Flower petal.105
12:01:16 | INFO: Primitives created: 1
12:01:16 | INFO: Extracting primitive: Flower petal.106
12:01:16 | INFO: Primitives created: 1
12:01:16 | INFO: Extracting primitive: Flower petal.107
12:01:16 | INFO: Primitives created: 1
12:01:16 | INFO: Extracting primitive: Flower petal.108
12:01:16 | INFO: Primitives created: 1
12:01:16 | INFO: Extracting primitive: Flower petal.109
12:01:16 | INFO: Primitives created: 1
12:01:16 | INFO: Extracting primitive: Flower petal.110
12:01:16 | INFO: Primitives created: 1
12:01:16 | INFO: Extracting primitive: Flower petal.111
12:01:16 | INFO: Primitives created: 1
12:01:16 | INFO: Extracting primitive: Flower petal.112
12:01:16 | INFO: Primitives created: 1
12:01:16 | INFO: Extracting primitive: Flower petal.113
12:01:16 | INFO: Primitives created: 1
12:01:16 | INFO: Extracting primitive: Flower petal.114
12:01:16 | INFO: Primitives created: 1
12:01:16 | INFO: Extracting primitive: Flower petal.115
12:01:16 | INFO: Primitives created: 1
12:01:16 | INFO: Extracting primitive: Flower petal.116
12:01:16 | INFO: Primitives created: 1
12:01:16 | INFO: Extracting primitive: Flower petal.117
12:01:16 | INFO: Primitives created: 1
12:01:16 | INFO: Extracting primitive: Flower petal.118
12:01:16 | INFO: Primitives created: 1
12:01:16 | INFO: Extracting primitive: Flower petal.119
12:01:16 | INFO: Primitives created: 1
12:01:16 | INFO: Extracting primitive: Flower stem.021
12:01:16 | INFO: Primitives created: 1
12:01:16 | INFO: Extracting primitive: Flower stem.022
12:01:16 | INFO: Primitives created: 1
12:01:16 | INFO: Extracting primitive: Flower stem.023
12:01:16 | INFO: Primitives created: 1
12:01:16 | INFO: Extracting primitive: Foam bead.005
12:01:16 | INFO: Primitives created: 1
12:01:16 | INFO: Extracting primitive: Foam bead.006
12:01:16 | INFO: Primitives created: 1
12:01:16 | INFO: Extracting primitive: Foam bead.007
12:01:16 | INFO: Primitives created: 1
12:01:16 | INFO: Extracting primitive: Foam bead.008
12:01:16 | INFO: Primitives created: 1
12:01:16 | INFO: Extracting primitive: Foam bead.009
12:01:16 | INFO: Primitives created: 1
12:01:16 | INFO: Extracting primitive: River foam ripple.003
12:01:16 | INFO: Primitives created: 1
12:01:16 | INFO: Extracting primitive: River foam ripple.004
12:01:16 | INFO: Primitives created: 1
12:01:16 | INFO: Extracting primitive: River foam ripple.005
12:01:16 | INFO: Primitives created: 1
12:01:16 | INFO: Extracting primitive: Continuous river water.001
12:01:16 | INFO: Primitives created: 1
12:01:16 | INFO: Extracting primitive: Cut river bank.002
12:01:16 | INFO: Primitives created: 1
12:01:16 | INFO: Extracting primitive: Cut river bank.003
12:01:16 | INFO: Primitives created: 1
12:01:16 | INFO: Extracting primitive: Meadow river bank.002
12:01:16 | INFO: Primitives created: 1
12:01:16 | INFO: Extracting primitive: Meadow river bank.003
12:01:16 | INFO: Primitives created: 1
12:01:16 | INFO: Extracting primitive: River hex bed.001
12:01:16 | INFO: Primitives created: 1
12:01:16 | INFO: Extracting primitive: River hex stone foundation.001
12:01:16 | INFO: Primitives created: 1
12:01:16 | INFO: Extracting primitive: River reflected current.005
12:01:16 | INFO: Primitives created: 1
12:01:16 | INFO: Extracting primitive: River reflected current.006
12:01:16 | INFO: Primitives created: 1
12:01:16 | INFO: Extracting primitive: River reflected current.007
12:01:16 | INFO: Primitives created: 1
12:01:16 | INFO: Extracting primitive: River reflected current.008
12:01:16 | INFO: Primitives created: 1
12:01:16 | INFO: Extracting primitive: River reflected current.009
12:01:16 | INFO: Primitives created: 1
12:01:16 | INFO: Extracting primitive: Lantern amber glass.002
12:01:16 | INFO: Primitives created: 1
12:01:16 | INFO: Extracting primitive: Lantern bottom.002
12:01:16 | INFO: Primitives created: 1
12:01:16 | INFO: Extracting primitive: Lantern chain.002
12:01:16 | INFO: Primitives created: 1
12:01:16 | INFO: Extracting primitive: Lantern corner.008
12:01:16 | INFO: Primitives created: 1
12:01:16 | INFO: Extracting primitive: Lantern corner.009
12:01:16 | INFO: Primitives created: 1
12:01:16 | INFO: Extracting primitive: Lantern corner.010
12:01:16 | INFO: Primitives created: 1
12:01:16 | INFO: Extracting primitive: Lantern corner.011
12:01:16 | INFO: Primitives created: 1
12:01:16 | INFO: Extracting primitive: Lantern hanger.002
12:01:16 | INFO: Primitives created: 1
12:01:16 | INFO: Extracting primitive: Lantern hot glass inset.002
12:01:16 | INFO: Primitives created: 1
12:01:16 | INFO: Extracting primitive: Lantern post grain.004
12:01:16 | INFO: Primitives created: 1
12:01:16 | INFO: Extracting primitive: Lantern post grain.005
12:01:16 | INFO: Primitives created: 1
12:01:16 | INFO: Extracting primitive: Lantern roof.002
12:01:16 | INFO: Primitives created: 1
12:01:16 | INFO: Extracting primitive: Woodland lantern bracket.002
12:01:16 | INFO: Primitives created: 1
12:01:16 | INFO: Extracting primitive: Woodland lantern upright.002
12:01:16 | INFO: Primitives created: 1
12:01:16 | INFO: Extracting primitive: Broad woodland leaf.042
12:01:16 | INFO: Primitives created: 1
12:01:16 | INFO: Extracting primitive: Broad woodland leaf.043
12:01:16 | INFO: Primitives created: 1
12:01:16 | INFO: Extracting primitive: Broad woodland leaf.044
12:01:16 | INFO: Primitives created: 1
12:01:16 | INFO: Extracting primitive: Broad woodland leaf.045
12:01:16 | INFO: Primitives created: 1
12:01:16 | INFO: Extracting primitive: Broad woodland leaf.046
12:01:16 | INFO: Primitives created: 1
12:01:16 | INFO: Extracting primitive: Broad woodland leaf.047
12:01:16 | INFO: Primitives created: 1
12:01:16 | INFO: Extracting primitive: Moss tiny sprouting mound.021
12:01:16 | INFO: Primitives created: 1
12:01:16 | INFO: Extracting primitive: Moss tiny sprouting mound.022
12:01:16 | INFO: Primitives created: 1
12:01:16 | INFO: Extracting primitive: Moss tiny sprouting mound.023
12:01:16 | INFO: Primitives created: 1
12:01:16 | INFO: Extracting primitive: Soft moss patch.021
12:01:16 | INFO: Primitives created: 1
12:01:16 | INFO: Extracting primitive: Soft moss patch.022
12:01:16 | INFO: Primitives created: 1
12:01:16 | INFO: Extracting primitive: Soft moss patch.023
12:01:16 | INFO: Primitives created: 1
12:01:16 | INFO: Extracting primitive: Bioluminescent cap spot.160
12:01:16 | INFO: Primitives created: 1
12:01:16 | INFO: Extracting primitive: Bioluminescent cap spot.161
12:01:16 | INFO: Primitives created: 1
12:01:16 | INFO: Extracting primitive: Bioluminescent cap spot.162
12:01:16 | INFO: Primitives created: 1
12:01:16 | INFO: Extracting primitive: Bioluminescent cap spot.163
12:01:16 | INFO: Primitives created: 1
12:01:16 | INFO: Extracting primitive: Bioluminescent cap spot.164
12:01:16 | INFO: Primitives created: 1
12:01:16 | INFO: Extracting primitive: Bioluminescent cap spot.165
12:01:16 | INFO: Primitives created: 1
12:01:16 | INFO: Extracting primitive: Bioluminescent cap spot.166
12:01:16 | INFO: Primitives created: 1
12:01:16 | INFO: Extracting primitive: Bioluminescent cap spot.167
12:01:16 | INFO: Primitives created: 1
12:01:16 | INFO: Extracting primitive: Broad faceted mushroom cap.020
12:01:16 | INFO: Primitives created: 1
12:01:16 | INFO: Extracting primitive: Curving luminous mushroom stem.020
12:01:16 | INFO: Primitives created: 1
12:01:16 | INFO: Extracting primitive: Luminous cap underside.020
12:01:16 | INFO: Primitives created: 1
12:01:16 | INFO: Extracting primitive: Mushroom radial gill.240
12:01:16 | INFO: Primitives created: 1
12:01:16 | INFO: Extracting primitive: Mushroom radial gill.241
12:01:16 | INFO: Primitives created: 1
12:01:16 | INFO: Extracting primitive: Mushroom radial gill.242
12:01:16 | INFO: Primitives created: 1
12:01:16 | INFO: Extracting primitive: Mushroom radial gill.243
12:01:16 | INFO: Primitives created: 1
12:01:16 | INFO: Extracting primitive: Mushroom radial gill.244
12:01:16 | INFO: Primitives created: 1
12:01:16 | INFO: Extracting primitive: Mushroom radial gill.245
12:01:16 | INFO: Primitives created: 1
12:01:16 | INFO: Extracting primitive: Mushroom radial gill.246
12:01:16 | INFO: Primitives created: 1
12:01:16 | INFO: Extracting primitive: Mushroom radial gill.247
12:01:16 | INFO: Primitives created: 1
12:01:16 | INFO: Extracting primitive: Mushroom radial gill.248
12:01:16 | INFO: Primitives created: 1
12:01:16 | INFO: Extracting primitive: Mushroom radial gill.249
12:01:16 | INFO: Primitives created: 1
12:01:16 | INFO: Extracting primitive: Mushroom radial gill.250
12:01:16 | INFO: Primitives created: 1
12:01:16 | INFO: Extracting primitive: Mushroom radial gill.251
12:01:16 | INFO: Primitives created: 1
12:01:16 | INFO: Extracting primitive: Tiny floating glow spore.060
12:01:16 | INFO: Primitives created: 1
12:01:16 | INFO: Extracting primitive: Tiny floating glow spore.061
12:01:16 | INFO: Primitives created: 1
12:01:16 | INFO: Extracting primitive: Tiny floating glow spore.062
12:01:16 | INFO: Primitives created: 1
12:01:16 | INFO: Extracting primitive: Bioluminescent cap spot.168
12:01:16 | INFO: Primitives created: 1
12:01:16 | INFO: Extracting primitive: Bioluminescent cap spot.169
12:01:16 | INFO: Primitives created: 1
12:01:16 | INFO: Extracting primitive: Bioluminescent cap spot.170
12:01:16 | INFO: Primitives created: 1
12:01:16 | INFO: Extracting primitive: Bioluminescent cap spot.171
12:01:16 | INFO: Primitives created: 1
12:01:16 | INFO: Extracting primitive: Bioluminescent cap spot.172
12:01:16 | INFO: Primitives created: 1
12:01:16 | INFO: Extracting primitive: Bioluminescent cap spot.173
12:01:16 | INFO: Primitives created: 1
12:01:16 | INFO: Extracting primitive: Bioluminescent cap spot.174
12:01:16 | INFO: Primitives created: 1
12:01:16 | INFO: Extracting primitive: Bioluminescent cap spot.175
12:01:16 | INFO: Primitives created: 1
12:01:16 | INFO: Extracting primitive: Broad faceted mushroom cap.021
12:01:16 | INFO: Primitives created: 1
12:01:16 | INFO: Extracting primitive: Curving luminous mushroom stem.021
12:01:16 | INFO: Primitives created: 1
12:01:16 | INFO: Extracting primitive: Luminous cap underside.021
12:01:16 | INFO: Primitives created: 1
12:01:16 | INFO: Extracting primitive: Mushroom radial gill.252
12:01:16 | INFO: Primitives created: 1
12:01:16 | INFO: Extracting primitive: Mushroom radial gill.253
12:01:16 | INFO: Primitives created: 1
12:01:16 | INFO: Extracting primitive: Mushroom radial gill.254
12:01:16 | INFO: Primitives created: 1
12:01:16 | INFO: Extracting primitive: Mushroom radial gill.255
12:01:16 | INFO: Primitives created: 1
12:01:16 | INFO: Extracting primitive: Mushroom radial gill.256
12:01:16 | INFO: Primitives created: 1
12:01:16 | INFO: Extracting primitive: Mushroom radial gill.257
12:01:16 | INFO: Primitives created: 1
12:01:16 | INFO: Extracting primitive: Mushroom radial gill.258
12:01:16 | INFO: Primitives created: 1
12:01:16 | INFO: Extracting primitive: Mushroom radial gill.259
12:01:16 | INFO: Primitives created: 1
12:01:16 | INFO: Extracting primitive: Mushroom radial gill.260
12:01:16 | INFO: Primitives created: 1
12:01:16 | INFO: Extracting primitive: Mushroom radial gill.261
12:01:16 | INFO: Primitives created: 1
12:01:16 | INFO: Extracting primitive: Mushroom radial gill.262
12:01:16 | INFO: Primitives created: 1
12:01:16 | INFO: Extracting primitive: Mushroom radial gill.263
12:01:16 | INFO: Primitives created: 1
12:01:16 | INFO: Extracting primitive: Tiny floating glow spore.063
12:01:16 | INFO: Primitives created: 1
12:01:16 | INFO: Extracting primitive: Tiny floating glow spore.064
12:01:16 | INFO: Primitives created: 1
12:01:16 | INFO: Extracting primitive: Tiny floating glow spore.065
12:01:16 | INFO: Primitives created: 1
12:01:16 | INFO: Extracting primitive: Bioluminescent cap spot.176
12:01:16 | INFO: Primitives created: 1
12:01:16 | INFO: Extracting primitive: Bioluminescent cap spot.177
12:01:16 | INFO: Primitives created: 1
12:01:16 | INFO: Extracting primitive: Bioluminescent cap spot.178
12:01:16 | INFO: Primitives created: 1
12:01:16 | INFO: Extracting primitive: Bioluminescent cap spot.179
12:01:16 | INFO: Primitives created: 1
12:01:16 | INFO: Extracting primitive: Bioluminescent cap spot.180
12:01:16 | INFO: Primitives created: 1
12:01:16 | INFO: Extracting primitive: Bioluminescent cap spot.181
12:01:16 | INFO: Primitives created: 1
12:01:16 | INFO: Extracting primitive: Bioluminescent cap spot.182
12:01:16 | INFO: Primitives created: 1
12:01:16 | INFO: Extracting primitive: Bioluminescent cap spot.183
12:01:16 | INFO: Primitives created: 1
12:01:16 | INFO: Extracting primitive: Broad faceted mushroom cap.022
12:01:16 | INFO: Primitives created: 1
12:01:16 | INFO: Extracting primitive: Curving luminous mushroom stem.022
12:01:16 | INFO: Primitives created: 1
12:01:16 | INFO: Extracting primitive: Luminous cap underside.022
12:01:16 | INFO: Primitives created: 1
12:01:16 | INFO: Extracting primitive: Mushroom radial gill.264
12:01:16 | INFO: Primitives created: 1
12:01:16 | INFO: Extracting primitive: Mushroom radial gill.265
12:01:16 | INFO: Primitives created: 1
12:01:16 | INFO: Extracting primitive: Mushroom radial gill.266
12:01:16 | INFO: Primitives created: 1
12:01:16 | INFO: Extracting primitive: Mushroom radial gill.267
12:01:16 | INFO: Primitives created: 1
12:01:16 | INFO: Extracting primitive: Mushroom radial gill.268
12:01:16 | INFO: Primitives created: 1
12:01:16 | INFO: Extracting primitive: Mushroom radial gill.269
12:01:16 | INFO: Primitives created: 1
12:01:16 | INFO: Extracting primitive: Mushroom radial gill.270
12:01:16 | INFO: Primitives created: 1
12:01:16 | INFO: Extracting primitive: Mushroom radial gill.271
12:01:16 | INFO: Primitives created: 1
12:01:16 | INFO: Extracting primitive: Mushroom radial gill.272
12:01:16 | INFO: Primitives created: 1
12:01:16 | INFO: Extracting primitive: Mushroom radial gill.273
12:01:16 | INFO: Primitives created: 1
12:01:16 | INFO: Extracting primitive: Mushroom radial gill.274
12:01:16 | INFO: Primitives created: 1
12:01:16 | INFO: Extracting primitive: Mushroom radial gill.275
12:01:16 | INFO: Primitives created: 1
12:01:16 | INFO: Extracting primitive: Mushroom translucent stem groove.220
12:01:16 | INFO: Primitives created: 1
12:01:16 | INFO: Extracting primitive: Mushroom translucent stem groove.221
12:01:16 | INFO: Primitives created: 1
12:01:16 | INFO: Extracting primitive: Mushroom translucent stem groove.222
12:01:16 | INFO: Primitives created: 1
12:01:16 | INFO: Extracting primitive: Mushroom translucent stem groove.223
12:01:16 | INFO: Primitives created: 1
12:01:16 | INFO: Extracting primitive: Mushroom translucent stem groove.224
12:01:16 | INFO: Primitives created: 1
12:01:16 | INFO: Extracting primitive: Mushroom translucent stem groove.225
12:01:16 | INFO: Primitives created: 1
12:01:16 | INFO: Extracting primitive: Mushroom translucent stem groove.226
12:01:16 | INFO: Primitives created: 1
12:01:16 | INFO: Extracting primitive: Mushroom translucent stem groove.227
12:01:16 | INFO: Primitives created: 1
12:01:16 | INFO: Extracting primitive: Mushroom translucent stem groove.228
12:01:16 | INFO: Primitives created: 1
12:01:16 | INFO: Extracting primitive: Mushroom translucent stem groove.229
12:01:16 | INFO: Primitives created: 1
12:01:16 | INFO: Extracting primitive: Tiny floating glow spore.066
12:01:16 | INFO: Primitives created: 1
12:01:16 | INFO: Extracting primitive: Tiny floating glow spore.067
12:01:16 | INFO: Primitives created: 1
12:01:16 | INFO: Extracting primitive: Tiny floating glow spore.068
12:01:16 | INFO: Primitives created: 1
12:01:16 | INFO: Extracting primitive: Opaque stylized waterfall.001
12:01:16 | INFO: Primitives created: 1
12:01:16 | INFO: Extracting primitive: Waterfall fine streak.003
12:01:16 | INFO: Primitives created: 1
12:01:16 | INFO: Extracting primitive: Waterfall fine streak.004
12:01:16 | INFO: Primitives created: 1
12:01:16 | INFO: Extracting primitive: Waterfall fine streak.005
12:01:16 | INFO: Primitives created: 1
12:01:16 | INFO: Extracting primitive: Waterfall foam streak.004
12:01:16 | INFO: Primitives created: 1
12:01:16 | INFO: Extracting primitive: Waterfall foam streak.005
12:01:16 | INFO: Primitives created: 1
12:01:16 | INFO: Extracting primitive: Waterfall foam streak.006
12:01:16 | INFO: Primitives created: 1
12:01:16 | INFO: Extracting primitive: Waterfall foam streak.007
12:01:16 | INFO: Primitives created: 1
12:01:17 | INFO: Finished glTF 2.0 export in 1.2923178672790527 s

Exported environment/hex_woodland_bridge; source unchanged
Blender 5.2.2 LTS (hash d13f752e3b9c built 2026-09-15 01:34:58)

Blender quit
