12:07:19 | INFO: Data are loaded, start creating Blender stuff
12:07:19 | INFO: Blender create Mesh node Curled fern fiddlehead
12:07:19 | INFO: Blender create Mesh node Fern central stem
12:07:19 | INFO: Blender create Mesh node Fern central stem.001
12:07:19 | INFO: Blender create Mesh node Fern central stem.002
12:07:19 | INFO: Blender create Mesh node Fern central stem.003
12:07:19 | INFO: Blender create Mesh node Fern central stem.004
12:07:19 | INFO: Blender create Mesh node Fern central stem.005
12:07:19 | INFO: Blender create Mesh node Fern leaflet
12:07:19 | INFO: Blender create Mesh node Fern leaflet.001
12:07:19 | INFO: Blender create Mesh node Fern leaflet.002
12:07:19 | INFO: Blender create Mesh node Fern leaflet.003
12:07:19 | INFO: Blender create Mesh node Fern leaflet.004
12:07:19 | INFO: Blender create Mesh node Fern leaflet.005
12:07:19 | INFO: Blender create Mesh node Fern leaflet.006
12:07:19 | INFO: Blender create Mesh node Fern leaflet.007
12:07:19 | INFO: Blender create Mesh node Fern leaflet.008
12:07:19 | INFO: Blender create Mesh node Fern leaflet.009
12:07:19 | INFO: Blender create Mesh node Fern leaflet.010
12:07:19 | INFO: Blender create Mesh node Fern leaflet.011
12:07:19 | INFO: Blender create Mesh node Fern leaflet.012
12:07:19 | INFO: Blender create Mesh node Fern leaflet.013
12:07:19 | INFO: Blender create Mesh node Fern leaflet.014
12:07:19 | INFO: Blender create Mesh node Fern leaflet.015
12:07:19 | INFO: Blender create Mesh node Fern leaflet.016
12:07:19 | INFO: Blender create Mesh node Fern leaflet.017
12:07:19 | INFO: Blender create Mesh node Fern leaflet.018
12:07:19 | INFO: Blender create Mesh node Fern leaflet.019
12:07:19 | INFO: Blender create Mesh node Fern leaflet.020
12:07:19 | INFO: Blender create Mesh node Fern leaflet.021
12:07:19 | INFO: Blender create Mesh node Fern leaflet.022
12:07:19 | INFO: Blender create Mesh node Fern leaflet.023
12:07:19 | INFO: Blender create Mesh node Fern leaflet.024
12:07:19 | INFO: Blender create Mesh node Fern leaflet.025
12:07:19 | INFO: Blender create Mesh node Fern leaflet.026
12:07:19 | INFO: Blender create Mesh node Fern leaflet.027
12:07:19 | INFO: Blender create Mesh node Fern leaflet.028
12:07:19 | INFO: Blender create Mesh node Fern leaflet.029
12:07:19 | INFO: Blender create Mesh node Fern leaflet.030
12:07:19 | INFO: Blender create Mesh node Fern leaflet.031
12:07:19 | INFO: Blender create Mesh node Fern leaflet.032
12:07:19 | INFO: Blender create Mesh node Fern leaflet.033
12:07:19 | INFO: Blender create Mesh node Fern leaflet.034
12:07:19 | INFO: Blender create Mesh node Fern leaflet.035
12:07:19 | INFO: Blender create Mesh node Fern leaflet.036
12:07:19 | INFO: Blender create Mesh node Fern leaflet.037
12:07:19 | INFO: Blender create Mesh node Fern leaflet.038
12:07:19 | INFO: Blender create Mesh node Fern leaflet.039
12:07:19 | INFO: Blender create Mesh node Fern leaflet.040
12:07:19 | INFO: Blender create Mesh node Fern leaflet.041
12:07:19 | INFO: Blender create Mesh node Fern leaflet.042
12:07:19 | INFO: Blender create Mesh node Fern leaflet.043
12:07:19 | INFO: Blender create Mesh node Fern leaflet.044
12:07:19 | INFO: Blender create Mesh node Fern leaflet.045
12:07:19 | INFO: Blender create Mesh node Fern leaflet.046
12:07:19 | INFO: Blender create Mesh node Fern leaflet.047
12:07:19 | INFO: Blender create Mesh node Fern unfolding leaf tip
12:07:19 | INFO: Blender create Mesh node Fern unfolding leaf tip.001
12:07:19 | INFO: glTF import finished in 0.04s
/home/bart/.treehouse/odot-game-assets-86a3a5/2/odot-game-assets/tools/asset_catalog/render_blender.py:41: DeprecationWarning: 'World.use_nodes' is expected to be removed in Blender 6.0
  scene.world.use_nodes = True
00:04.711  render           | Saved: '/home/bart/.treehouse/odot-game-assets-86a3a5/2/odot-game-assets/exports/thumbnails/environment/components/forest_fern.rendering.png'
Blender 5.2.2 LTS (hash d13f752e3b9c built 2026-09-15 01:34:58)

Blender quit
12:07:24 | INFO: Data are loaded, start creating Blender stuff
12:07:24 | INFO: Blender create Mesh node Bioluminescent cap spot
12:07:24 | INFO: Blender create Mesh node Bioluminescent cap spot.001
12:07:24 | INFO: Blender create Mesh node Bioluminescent cap spot.002
12:07:24 | INFO: Blender create Mesh node Bioluminescent cap spot.003
12:07:24 | INFO: Blender create Mesh node Bioluminescent cap spot.004
12:07:24 | INFO: Blender create Mesh node Bioluminescent cap spot.005
12:07:24 | INFO: Blender create Mesh node Bioluminescent cap spot.006
12:07:24 | INFO: Blender create Mesh node Bioluminescent cap spot.007
12:07:24 | INFO: Blender create Mesh node Bioluminescent cap spot.008
12:07:24 | INFO: Blender create Mesh node Bioluminescent cap spot.009
12:07:24 | INFO: Blender create Mesh node Bioluminescent cap spot.010
12:07:24 | INFO: Blender create Mesh node Bioluminescent cap spot.011
12:07:24 | INFO: Blender create Mesh node Bioluminescent cap spot.012
12:07:24 | INFO: Blender create Mesh node Bioluminescent cap spot.013
12:07:24 | INFO: Blender create Mesh node Bioluminescent cap spot.014
12:07:24 | INFO: Blender create Mesh node Bioluminescent cap spot.015
12:07:24 | INFO: Blender create Mesh node Bioluminescent cap spot.016
12:07:24 | INFO: Blender create Mesh node Bioluminescent cap spot.017
12:07:24 | INFO: Blender create Mesh node Bioluminescent cap spot.018
12:07:24 | INFO: Blender create Mesh node Bioluminescent cap spot.019
12:07:24 | INFO: Blender create Mesh node Bioluminescent cap spot.020
12:07:24 | INFO: Blender create Mesh node Bioluminescent cap spot.021
12:07:24 | INFO: Blender create Mesh node Bioluminescent cap spot.022
12:07:24 | INFO: Blender create Mesh node Bioluminescent cap spot.023
12:07:24 | INFO: Blender create Mesh node Broad faceted mushroom cap
12:07:24 | INFO: Blender create Mesh node Broad faceted mushroom cap.001
12:07:24 | INFO: Blender create Mesh node Broad faceted mushroom cap.002
12:07:24 | INFO: Blender create Mesh node Crooked reaching bough
12:07:24 | INFO: Blender create Mesh node Crooked reaching bough.001
12:07:24 | INFO: Blender create Mesh node Curving luminous mushroom stem
12:07:24 | INFO: Blender create Mesh node Curving luminous mushroom stem.001
12:07:24 | INFO: Blender create Mesh node Curving luminous mushroom stem.002
12:07:24 | INFO: Blender create Mesh node Forked reaching twig
12:07:24 | INFO: Blender create Mesh node Forked reaching twig.001
12:07:24 | INFO: Blender create Mesh node Hollow watcher cheek timber
12:07:24 | INFO: Blender create Mesh node Hollow watcher cheek timber.001
12:07:24 | INFO: Blender create Mesh node Hollow watcher rear trunk
12:07:24 | INFO: Blender create Mesh node Luminous cap underside
12:07:24 | INFO: Blender create Mesh node Luminous cap underside.001
12:07:24 | INFO: Blender create Mesh node Luminous cap underside.002
12:07:24 | INFO: Blender create Mesh node Mushroom radial gill
12:07:24 | INFO: Blender create Mesh node Mushroom radial gill.001
12:07:24 | INFO: Blender create Mesh node Mushroom radial gill.002
12:07:24 | INFO: Blender create Mesh node Mushroom radial gill.003
12:07:24 | INFO: Blender create Mesh node Mushroom radial gill.004
12:07:24 | INFO: Blender create Mesh node Mushroom radial gill.005
12:07:24 | INFO: Blender create Mesh node Mushroom radial gill.006
12:07:24 | INFO: Blender create Mesh node Mushroom radial gill.007
12:07:24 | INFO: Blender create Mesh node Mushroom radial gill.008
12:07:24 | INFO: Blender create Mesh node Mushroom radial gill.009
12:07:24 | INFO: Blender create Mesh node Mushroom radial gill.010
12:07:24 | INFO: Blender create Mesh node Mushroom radial gill.011
12:07:24 | INFO: Blender create Mesh node Mushroom radial gill.012
12:07:24 | INFO: Blender create Mesh node Mushroom radial gill.013
12:07:24 | INFO: Blender create Mesh node Mushroom radial gill.014
12:07:24 | INFO: Blender create Mesh node Mushroom radial gill.015
12:07:24 | INFO: Blender create Mesh node Mushroom radial gill.016
12:07:24 | INFO: Blender create Mesh node Mushroom radial gill.017
12:07:24 | INFO: Blender create Mesh node Mushroom radial gill.018
12:07:24 | INFO: Blender create Mesh node Mushroom radial gill.019
12:07:24 | INFO: Blender create Mesh node Mushroom radial gill.020
12:07:24 | INFO: Blender create Mesh node Mushroom radial gill.021
12:07:24 | INFO: Blender create Mesh node Mushroom radial gill.022
12:07:24 | INFO: Blender create Mesh node Mushroom radial gill.023
12:07:24 | INFO: Blender create Mesh node Mushroom radial gill.024
12:07:24 | INFO: Blender create Mesh node Mushroom radial gill.025
12:07:24 | INFO: Blender create Mesh node Mushroom radial gill.026
12:07:24 | INFO: Blender create Mesh node Mushroom radial gill.027
12:07:24 | INFO: Blender create Mesh node Mushroom radial gill.028
12:07:24 | INFO: Blender create Mesh node Mushroom radial gill.029
12:07:24 | INFO: Blender create Mesh node Mushroom radial gill.030
12:07:24 | INFO: Blender create Mesh node Mushroom radial gill.031
12:07:24 | INFO: Blender create Mesh node Mushroom radial gill.032
12:07:24 | INFO: Blender create Mesh node Mushroom radial gill.033
12:07:24 | INFO: Blender create Mesh node Mushroom radial gill.034
12:07:24 | INFO: Blender create Mesh node Mushroom radial gill.035
12:07:24 | INFO: Blender create Mesh node Raised wooden brow
12:07:24 | INFO: Blender create Mesh node Raised wooden brow.001
12:07:24 | INFO: Blender create Mesh node Splayed dreaming tree root
12:07:24 | INFO: Blender create Mesh node Splayed dreaming tree root.001
12:07:24 | INFO: Blender create Mesh node Splayed dreaming tree root.002
12:07:24 | INFO: Blender create Mesh node Splayed dreaming tree root.003
12:07:24 | INFO: Blender create Mesh node Splayed dreaming tree root.004
12:07:24 | INFO: Blender create Mesh node Watcher spiral crown
12:07:24 | INFO: Blender create Mesh node Watchful recessed eye
12:07:24 | INFO: Blender create Mesh node Watchful recessed eye.001
12:07:24 | INFO: glTF import finished in 0.14s
/home/bart/.treehouse/odot-game-assets-86a3a5/2/odot-game-assets/tools/asset_catalog/render_blender.py:41: DeprecationWarning: 'World.use_nodes' is expected to be removed in Blender 6.0
  scene.world.use_nodes = True
00:04.651  render           | Saved: '/home/bart/.treehouse/odot-game-assets-86a3a5/2/odot-game-assets/exports/thumbnails/environment/components/forest_hollow_tree.rendering.png'
Blender 5.2.2 LTS (hash d13f752e3b9c built 2026-09-15 01:34:58)

Blender quit
12:07:28 | INFO: Data are loaded, start creating Blender stuff
12:07:28 | INFO: Blender create Mesh node Curled lantern flower stem
12:07:28 | INFO: Blender create Mesh node Hanging lilac lantern petal
12:07:28 | INFO: Blender create Mesh node Hanging lilac lantern petal.001
12:07:28 | INFO: Blender create Mesh node Hanging lilac lantern petal.002
12:07:28 | INFO: Blender create Mesh node Hanging lilac lantern petal.003
12:07:28 | INFO: Blender create Mesh node Hanging lilac lantern petal.004
12:07:28 | INFO: Blender create Mesh node Lantern flower broad leaf
12:07:28 | INFO: Blender create Mesh node Lantern flower broad leaf.001
12:07:28 | INFO: Blender create Mesh node Lantern flower warm heart
12:07:28 | INFO: glTF import finished in 0.01s
/home/bart/.treehouse/odot-game-assets-86a3a5/2/odot-game-assets/tools/asset_catalog/render_blender.py:41: DeprecationWarning: 'World.use_nodes' is expected to be removed in Blender 6.0
  scene.world.use_nodes = True
00:03.366  render           | Saved: '/home/bart/.treehouse/odot-game-assets-86a3a5/2/odot-game-assets/exports/thumbnails/environment/components/forest_lantern_flower.rendering.png'
Blender 5.2.2 LTS (hash d13f752e3b9c built 2026-09-15 01:34:58)

Blender quit
12:07:32 | INFO: Data are loaded, start creating Blender stuff
12:07:32 | INFO: Blender create Mesh node Coral lantern shell
12:07:32 | INFO: Blender create Mesh node Lantern seed calyx
12:07:32 | INFO: Blender create Mesh node Lantern seed calyx.001
12:07:32 | INFO: Blender create Mesh node Lantern seed calyx.002
12:07:32 | INFO: Blender create Mesh node Lantern seed calyx.003
12:07:32 | INFO: Blender create Mesh node Shell lantern seed
12:07:32 | INFO: Blender create Mesh node Snail dark eye
12:07:32 | INFO: Blender create Mesh node Snail dark eye.001
12:07:32 | INFO: Blender create Mesh node Snail eyestalk
12:07:32 | INFO: Blender create Mesh node Snail eyestalk.001
12:07:32 | INFO: Blender create Mesh node Snail rising neck
12:07:32 | INFO: Blender create Mesh node Snail round head
12:07:32 | INFO: Blender create Mesh node Snail shell broad spiral
12:07:32 | INFO: Blender create Mesh node Snail soft foot
12:07:32 | INFO: glTF import finished in 0.03s
/home/bart/.treehouse/odot-game-assets-86a3a5/2/odot-game-assets/tools/asset_catalog/render_blender.py:41: DeprecationWarning: 'World.use_nodes' is expected to be removed in Blender 6.0
  scene.world.use_nodes = True
00:03.998  render           | Saved: '/home/bart/.treehouse/odot-game-assets-86a3a5/2/odot-game-assets/exports/thumbnails/environment/components/forest_lantern_snail.rendering.png'
Blender 5.2.2 LTS (hash d13f752e3b9c built 2026-09-15 01:34:58)

Blender quit
12:07:36 | INFO: Data are loaded, start creating Blender stuff
12:07:36 | INFO: Blender create Mesh node Broad woodland leaf
12:07:36 | INFO: Blender create Mesh node Broad woodland leaf.001
12:07:36 | INFO: Blender create Mesh node Broad woodland leaf.002
12:07:36 | INFO: Blender create Mesh node Broad woodland leaf.003
12:07:36 | INFO: Blender create Mesh node Broad woodland leaf.004
12:07:36 | INFO: Blender create Mesh node Broad woodland leaf.005
12:07:36 | INFO: glTF import finished in 0.01s
/home/bart/.treehouse/odot-game-assets-86a3a5/2/odot-game-assets/tools/asset_catalog/render_blender.py:41: DeprecationWarning: 'World.use_nodes' is expected to be removed in Blender 6.0
  scene.world.use_nodes = True
00:03.707  render           | Saved: '/home/bart/.treehouse/odot-game-assets-86a3a5/2/odot-game-assets/exports/thumbnails/environment/components/forest_leaf_clump.rendering.png'
Blender 5.2.2 LTS (hash d13f752e3b9c built 2026-09-15 01:34:58)

Blender quit
12:07:40 | INFO: Data are loaded, start creating Blender stuff
12:07:40 | INFO: Blender create Mesh node Moss tiny sprouting mound
12:07:40 | INFO: Blender create Mesh node Moss tiny sprouting mound.001
12:07:40 | INFO: Blender create Mesh node Moss tiny sprouting mound.002
12:07:40 | INFO: Blender create Mesh node Soft moss patch
12:07:40 | INFO: Blender create Mesh node Soft moss patch.001
12:07:40 | INFO: Blender create Mesh node Soft moss patch.002
12:07:40 | INFO: glTF import finished in 0.01s
/home/bart/.treehouse/odot-game-assets-86a3a5/2/odot-game-assets/tools/asset_catalog/render_blender.py:41: DeprecationWarning: 'World.use_nodes' is expected to be removed in Blender 6.0
  scene.world.use_nodes = True
00:03.310  render           | Saved: '/home/bart/.treehouse/odot-game-assets-86a3a5/2/odot-game-assets/exports/thumbnails/environment/components/forest_moss.rendering.png'
Blender 5.2.2 LTS (hash d13f752e3b9c built 2026-09-15 01:34:58)

Blender quit
12:07:44 | INFO: Data are loaded, start creating Blender stuff
12:07:44 | INFO: Blender create Mesh node Bioluminescent cap spot
12:07:44 | INFO: Blender create Mesh node Bioluminescent cap spot.001
12:07:44 | INFO: Blender create Mesh node Bioluminescent cap spot.002
12:07:44 | INFO: Blender create Mesh node Bioluminescent cap spot.003
12:07:44 | INFO: Blender create Mesh node Bioluminescent cap spot.004
12:07:44 | INFO: Blender create Mesh node Bioluminescent cap spot.005
12:07:44 | INFO: Blender create Mesh node Bioluminescent cap spot.006
12:07:44 | INFO: Blender create Mesh node Bioluminescent cap spot.007
12:07:44 | INFO: Blender create Mesh node Broad faceted mushroom cap
12:07:44 | INFO: Blender create Mesh node Curving luminous mushroom stem
12:07:44 | INFO: Blender create Mesh node Luminous cap underside
12:07:44 | INFO: Blender create Mesh node Mushroom radial gill
12:07:44 | INFO: Blender create Mesh node Mushroom radial gill.001
12:07:44 | INFO: Blender create Mesh node Mushroom radial gill.002
12:07:44 | INFO: Blender create Mesh node Mushroom radial gill.003
12:07:44 | INFO: Blender create Mesh node Mushroom radial gill.004
12:07:44 | INFO: Blender create Mesh node Mushroom radial gill.005
12:07:44 | INFO: Blender create Mesh node Mushroom radial gill.006
12:07:44 | INFO: Blender create Mesh node Mushroom radial gill.007
12:07:44 | INFO: Blender create Mesh node Mushroom radial gill.008
12:07:44 | INFO: Blender create Mesh node Mushroom radial gill.009
12:07:44 | INFO: Blender create Mesh node Mushroom radial gill.010
12:07:44 | INFO: Blender create Mesh node Mushroom radial gill.011
12:07:44 | INFO: Blender create Mesh node Tiny floating glow spore
12:07:44 | INFO: Blender create Mesh node Tiny floating glow spore.001
12:07:44 | INFO: Blender create Mesh node Tiny floating glow spore.002
12:07:44 | INFO: glTF import finished in 0.03s
/home/bart/.treehouse/odot-game-assets-86a3a5/2/odot-game-assets/tools/asset_catalog/render_blender.py:41: DeprecationWarning: 'World.use_nodes' is expected to be removed in Blender 6.0
  scene.world.use_nodes = True
00:03.578  render           | Saved: '/home/bart/.treehouse/odot-game-assets-86a3a5/2/odot-game-assets/exports/thumbnails/environment/components/forest_mushroom_blue.rendering.png'
Blender 5.2.2 LTS (hash d13f752e3b9c built 2026-09-15 01:34:58)

Blender quit
12:07:47 | INFO: Data are loaded, start creating Blender stuff
12:07:47 | INFO: Blender create Mesh node Bioluminescent cap spot.008
12:07:47 | INFO: Blender create Mesh node Bioluminescent cap spot.009
12:07:47 | INFO: Blender create Mesh node Bioluminescent cap spot.010
12:07:47 | INFO: Blender create Mesh node Bioluminescent cap spot.011
12:07:47 | INFO: Blender create Mesh node Bioluminescent cap spot.012
12:07:47 | INFO: Blender create Mesh node Bioluminescent cap spot.013
12:07:47 | INFO: Blender create Mesh node Bioluminescent cap spot.014
12:07:47 | INFO: Blender create Mesh node Bioluminescent cap spot.015
12:07:47 | INFO: Blender create Mesh node Broad faceted mushroom cap.001
12:07:47 | INFO: Blender create Mesh node Curving luminous mushroom stem.001
12:07:47 | INFO: Blender create Mesh node Luminous cap underside.001
12:07:47 | INFO: Blender create Mesh node Mushroom radial gill.012
12:07:47 | INFO: Blender create Mesh node Mushroom radial gill.013
12:07:47 | INFO: Blender create Mesh node Mushroom radial gill.014
12:07:47 | INFO: Blender create Mesh node Mushroom radial gill.015
12:07:47 | INFO: Blender create Mesh node Mushroom radial gill.016
12:07:47 | INFO: Blender create Mesh node Mushroom radial gill.017
12:07:47 | INFO: Blender create Mesh node Mushroom radial gill.018
12:07:47 | INFO: Blender create Mesh node Mushroom radial gill.019
12:07:47 | INFO: Blender create Mesh node Mushroom radial gill.020
12:07:47 | INFO: Blender create Mesh node Mushroom radial gill.021
12:07:47 | INFO: Blender create Mesh node Mushroom radial gill.022
12:07:47 | INFO: Blender create Mesh node Mushroom radial gill.023
12:07:47 | INFO: Blender create Mesh node Tiny floating glow spore.003
12:07:47 | INFO: Blender create Mesh node Tiny floating glow spore.004
12:07:47 | INFO: Blender create Mesh node Tiny floating glow spore.005
12:07:47 | INFO: glTF import finished in 0.04s
/home/bart/.treehouse/odot-game-assets-86a3a5/2/odot-game-assets/tools/asset_catalog/render_blender.py:41: DeprecationWarning: 'World.use_nodes' is expected to be removed in Blender 6.0
  scene.world.use_nodes = True
00:03.865  render           | Saved: '/home/bart/.treehouse/odot-game-assets-86a3a5/2/odot-game-assets/exports/thumbnails/environment/components/forest_mushroom_purple.rendering.png'
Blender 5.2.2 LTS (hash d13f752e3b9c built 2026-09-15 01:34:58)

Blender quit
12:07:51 | INFO: Data are loaded, start creating Blender stuff
12:07:51 | INFO: Blender create Mesh node Bioluminescent cap spot.016
12:07:51 | INFO: Blender create Mesh node Bioluminescent cap spot.017
12:07:51 | INFO: Blender create Mesh node Bioluminescent cap spot.018
12:07:51 | INFO: Blender create Mesh node Bioluminescent cap spot.019
12:07:51 | INFO: Blender create Mesh node Bioluminescent cap spot.020
12:07:51 | INFO: Blender create Mesh node Bioluminescent cap spot.021
12:07:51 | INFO: Blender create Mesh node Bioluminescent cap spot.022
12:07:51 | INFO: Blender create Mesh node Bioluminescent cap spot.023
12:07:51 | INFO: Blender create Mesh node Broad faceted mushroom cap.002
12:07:51 | INFO: Blender create Mesh node Curving luminous mushroom stem.002
12:07:51 | INFO: Blender create Mesh node Luminous cap underside.002
12:07:51 | INFO: Blender create Mesh node Mushroom radial gill.024
12:07:51 | INFO: Blender create Mesh node Mushroom radial gill.025
12:07:51 | INFO: Blender create Mesh node Mushroom radial gill.026
12:07:51 | INFO: Blender create Mesh node Mushroom radial gill.027
12:07:51 | INFO: Blender create Mesh node Mushroom radial gill.028
12:07:51 | INFO: Blender create Mesh node Mushroom radial gill.029
12:07:51 | INFO: Blender create Mesh node Mushroom radial gill.030
12:07:51 | INFO: Blender create Mesh node Mushroom radial gill.031
12:07:51 | INFO: Blender create Mesh node Mushroom radial gill.032
12:07:51 | INFO: Blender create Mesh node Mushroom radial gill.033
12:07:51 | INFO: Blender create Mesh node Mushroom radial gill.034
12:07:51 | INFO: Blender create Mesh node Mushroom radial gill.035
12:07:51 | INFO: Blender create Mesh node Mushroom translucent stem groove.020
12:07:51 | INFO: Blender create Mesh node Mushroom translucent stem groove.021
12:07:51 | INFO: Blender create Mesh node Mushroom translucent stem groove.022
12:07:51 | INFO: Blender create Mesh node Mushroom translucent stem groove.023
12:07:51 | INFO: Blender create Mesh node Mushroom translucent stem groove.024
12:07:51 | INFO: Blender create Mesh node Mushroom translucent stem groove.025
12:07:51 | INFO: Blender create Mesh node Mushroom translucent stem groove.026
12:07:51 | INFO: Blender create Mesh node Mushroom translucent stem groove.027
12:07:51 | INFO: Blender create Mesh node Mushroom translucent stem groove.028
12:07:51 | INFO: Blender create Mesh node Mushroom translucent stem groove.029
12:07:51 | INFO: Blender create Mesh node Tiny floating glow spore.006
12:07:51 | INFO: Blender create Mesh node Tiny floating glow spore.007
12:07:51 | INFO: Blender create Mesh node Tiny floating glow spore.008
12:07:51 | INFO: glTF import finished in 0.05s
/home/bart/.treehouse/odot-game-assets-86a3a5/2/odot-game-assets/tools/asset_catalog/render_blender.py:41: DeprecationWarning: 'World.use_nodes' is expected to be removed in Blender 6.0
  scene.world.use_nodes = True
00:03.283  render           | Saved: '/home/bart/.treehouse/odot-game-assets-86a3a5/2/odot-game-assets/exports/thumbnails/environment/components/forest_mushroom_small.rendering.png'
Blender 5.2.2 LTS (hash d13f752e3b9c built 2026-09-15 01:34:58)

Blender quit
12:07:55 | INFO: Data are loaded, start creating Blender stuff
12:07:55 | INFO: Blender create Mesh node Dream fern curled frond
12:07:55 | INFO: Blender create Mesh node Dream fern curled frond.001
12:07:55 | INFO: Blender create Mesh node Dream fern curled frond.002
12:07:55 | INFO: Blender create Mesh node Dream fern teal leaflet
12:07:55 | INFO: Blender create Mesh node Dream fern teal leaflet.001
12:07:55 | INFO: Blender create Mesh node Dream fern teal leaflet.002
12:07:55 | INFO: Blender create Mesh node Dream fern teal leaflet.003
12:07:55 | INFO: Blender create Mesh node Dream fern teal leaflet.004
12:07:55 | INFO: Blender create Mesh node Dream fern teal leaflet.005
12:07:55 | INFO: Blender create Mesh node Dream fern teal leaflet.006
12:07:55 | INFO: Blender create Mesh node Dream fern teal leaflet.007
12:07:55 | INFO: Blender create Mesh node Dream fern teal leaflet.008
12:07:55 | INFO: Blender create Mesh node Dream fern teal leaflet.009
12:07:55 | INFO: Blender create Mesh node Dream fern teal leaflet.010
12:07:55 | INFO: Blender create Mesh node Dream fern teal leaflet.011
12:07:55 | INFO: Blender create Mesh node Dream fern teal leaflet.012
12:07:55 | INFO: Blender create Mesh node Dream fern teal leaflet.013
12:07:55 | INFO: Blender create Mesh node Dream fern teal leaflet.014
12:07:55 | INFO: Blender create Mesh node Dream fern teal leaflet.015
12:07:55 | INFO: Blender create Mesh node Dream fern teal leaflet.016
12:07:55 | INFO: Blender create Mesh node Dream fern teal leaflet.017
12:07:55 | INFO: glTF import finished in 0.03s
/home/bart/.treehouse/odot-game-assets-86a3a5/2/odot-game-assets/tools/asset_catalog/render_blender.py:41: DeprecationWarning: 'World.use_nodes' is expected to be removed in Blender 6.0
  scene.world.use_nodes = True
00:03.734  render           | Saved: '/home/bart/.treehouse/odot-game-assets-86a3a5/2/odot-game-assets/exports/thumbnails/environment/components/forest_spiral_fern.rendering.png'
Blender 5.2.2 LTS (hash d13f752e3b9c built 2026-09-15 01:34:58)

Blender quit
12:07:59 | INFO: Data are loaded, start creating Blender stuff
12:07:59 | INFO: Blender create Mesh node Dream willow arching branch
12:07:59 | INFO: Blender create Mesh node Dream willow arching branch.001
12:07:59 | INFO: Blender create Mesh node Dream willow coiling trunk
12:07:59 | INFO: Blender create Mesh node Drooping teal willow leaf
12:07:59 | INFO: Blender create Mesh node Drooping teal willow leaf.001
12:07:59 | INFO: Blender create Mesh node Drooping teal willow leaf.002
12:07:59 | INFO: Blender create Mesh node Drooping teal willow leaf.003
12:07:59 | INFO: Blender create Mesh node Drooping teal willow leaf.004
12:07:59 | INFO: Blender create Mesh node Drooping teal willow leaf.005
12:07:59 | INFO: Blender create Mesh node Drooping teal willow leaf.006
12:07:59 | INFO: Blender create Mesh node Drooping teal willow leaf.007
12:07:59 | INFO: Blender create Mesh node Drooping teal willow leaf.008
12:07:59 | INFO: Blender create Mesh node Drooping teal willow leaf.009
12:07:59 | INFO: Blender create Mesh node Drooping teal willow leaf.010
12:07:59 | INFO: Blender create Mesh node Drooping teal willow leaf.011
12:07:59 | INFO: Blender create Mesh node Drooping teal willow leaf.012
12:07:59 | INFO: Blender create Mesh node Drooping teal willow leaf.013
12:07:59 | INFO: Blender create Mesh node Drooping teal willow leaf.014
12:07:59 | INFO: Blender create Mesh node Drooping teal willow leaf.015
12:07:59 | INFO: Blender create Mesh node Drooping teal willow leaf.016
12:07:59 | INFO: Blender create Mesh node Drooping teal willow leaf.017
12:07:59 | INFO: Blender create Mesh node Drooping teal willow leaf.018
12:07:59 | INFO: Blender create Mesh node Drooping teal willow leaf.019
12:07:59 | INFO: Blender create Mesh node Drooping teal willow leaf.020
12:07:59 | INFO: Blender create Mesh node Drooping teal willow leaf.021
12:07:59 | INFO: Blender create Mesh node Drooping teal willow leaf.022
12:07:59 | INFO: Blender create Mesh node Drooping teal willow leaf.023
12:07:59 | INFO: Blender create Mesh node Spiral crown lilac leaf
12:07:59 | INFO: Blender create Mesh node Spiral crown lilac leaf.001
12:07:59 | INFO: Blender create Mesh node Spiral crown lilac leaf.002
12:07:59 | INFO: Blender create Mesh node Spiral crown lilac leaf.003
12:07:59 | INFO: Blender create Mesh node Spiral crown lilac leaf.004
12:07:59 | INFO: Blender create Mesh node Spiral crown lilac leaf.005
12:07:59 | INFO: Blender create Mesh node Spiral crown lilac leaf.006
12:07:59 | INFO: Blender create Mesh node Splayed dreaming tree root.005
12:07:59 | INFO: Blender create Mesh node Splayed dreaming tree root.006
12:07:59 | INFO: Blender create Mesh node Splayed dreaming tree root.007
12:07:59 | INFO: Blender create Mesh node Splayed dreaming tree root.008
12:07:59 | INFO: Blender create Mesh node Splayed dreaming tree root.009
12:07:59 | INFO: Blender create Mesh node Willow hanging tendril
12:07:59 | INFO: Blender create Mesh node Willow hanging tendril.001
12:07:59 | INFO: Blender create Mesh node Willow hanging tendril.002
12:07:59 | INFO: Blender create Mesh node Willow hanging tendril.003
12:07:59 | INFO: Blender create Mesh node Willow hanging tendril.004
12:07:59 | INFO: Blender create Mesh node Willow hanging tendril.005
12:07:59 | INFO: Blender create Mesh node Willow hanging tendril.006
12:07:59 | INFO: Blender create Mesh node Willow hanging tendril.007
12:07:59 | INFO: Blender create Mesh node Willow luminous seed
12:07:59 | INFO: Blender create Mesh node Willow luminous seed.001
12:07:59 | INFO: Blender create Mesh node Willow luminous seed.002
12:07:59 | INFO: Blender create Mesh node Willow luminous seed.003
12:07:59 | INFO: Blender create Mesh node Willow luminous seed.004
12:07:59 | INFO: Blender create Mesh node Willow luminous seed.005
12:07:59 | INFO: Blender create Mesh node Willow luminous seed.006
12:07:59 | INFO: Blender create Mesh node Willow luminous seed.007
12:07:59 | INFO: glTF import finished in 0.06s
/home/bart/.treehouse/odot-game-assets-86a3a5/2/odot-game-assets/tools/asset_catalog/render_blender.py:41: DeprecationWarning: 'World.use_nodes' is expected to be removed in Blender 6.0
  scene.world.use_nodes = True
00:03.595  render           | Saved: '/home/bart/.treehouse/odot-game-assets-86a3a5/2/odot-game-assets/exports/thumbnails/environment/components/forest_spiral_tree.rendering.png'
Blender 5.2.2 LTS (hash d13f752e3b9c built 2026-09-15 01:34:58)

Blender quit
12:08:03 | INFO: Data are loaded, start creating Blender stuff
12:08:03 | INFO: Blender create Mesh node Angular mossy forest boulder.004
12:08:03 | INFO: Blender create Mesh node Broad woodland leaf.024
12:08:03 | INFO: Blender create Mesh node Broad woodland leaf.025
12:08:03 | INFO: Blender create Mesh node Broad woodland leaf.026
12:08:03 | INFO: Blender create Mesh node Broad woodland leaf.027
12:08:03 | INFO: Blender create Mesh node Broad woodland leaf.028
12:08:03 | INFO: Blender create Mesh node Broad woodland leaf.029
12:08:03 | INFO: Blender create Mesh node Moss tiny sprouting mound.012
12:08:03 | INFO: Blender create Mesh node Moss tiny sprouting mound.013
12:08:03 | INFO: Blender create Mesh node Moss tiny sprouting mound.014
12:08:03 | INFO: Blender create Mesh node Soft moss patch.012
12:08:03 | INFO: Blender create Mesh node Soft moss patch.013
12:08:03 | INFO: Blender create Mesh node Soft moss patch.014
12:08:03 | INFO: Blender create Mesh node Faceted magical crystal.007
12:08:03 | INFO: Blender create Mesh node Curled fern fiddlehead.004
12:08:03 | INFO: Blender create Mesh node Fern central stem.024
12:08:03 | INFO: Blender create Mesh node Fern central stem.025
12:08:03 | INFO: Blender create Mesh node Fern central stem.026
12:08:03 | INFO: Blender create Mesh node Fern central stem.027
12:08:03 | INFO: Blender create Mesh node Fern central stem.028
12:08:03 | INFO: Blender create Mesh node Fern central stem.029
12:08:03 | INFO: Blender create Mesh node Fern leaflet.192
12:08:03 | INFO: Blender create Mesh node Fern leaflet.193
12:08:03 | INFO: Blender create Mesh node Fern leaflet.194
12:08:03 | INFO: Blender create Mesh node Fern leaflet.195
12:08:03 | INFO: Blender create Mesh node Fern leaflet.196
12:08:03 | INFO: Blender create Mesh node Fern leaflet.197
12:08:03 | INFO: Blender create Mesh node Fern leaflet.198
12:08:03 | INFO: Blender create Mesh node Fern leaflet.199
12:08:03 | INFO: Blender create Mesh node Fern leaflet.200
12:08:03 | INFO: Blender create Mesh node Fern leaflet.201
12:08:03 | INFO: Blender create Mesh node Fern leaflet.202
12:08:03 | INFO: Blender create Mesh node Fern leaflet.203
12:08:03 | INFO: Blender create Mesh node Fern leaflet.204
12:08:03 | INFO: Blender create Mesh node Fern leaflet.205
12:08:03 | INFO: Blender create Mesh node Fern leaflet.206
12:08:03 | INFO: Blender create Mesh node Fern leaflet.207
12:08:03 | INFO: Blender create Mesh node Fern leaflet.208
12:08:03 | INFO: Blender create Mesh node Fern leaflet.209
12:08:03 | INFO: Blender create Mesh node Fern leaflet.210
12:08:03 | INFO: Blender create Mesh node Fern leaflet.211
12:08:03 | INFO: Blender create Mesh node Fern leaflet.212
12:08:03 | INFO: Blender create Mesh node Fern leaflet.213
12:08:03 | INFO: Blender create Mesh node Fern leaflet.214
12:08:03 | INFO: Blender create Mesh node Fern leaflet.215
12:08:03 | INFO: Blender create Mesh node Fern leaflet.216
12:08:03 | INFO: Blender create Mesh node Fern leaflet.217
12:08:03 | INFO: Blender create Mesh node Fern leaflet.218
12:08:03 | INFO: Blender create Mesh node Fern leaflet.219
12:08:03 | INFO: Blender create Mesh node Fern leaflet.220
12:08:03 | INFO: Blender create Mesh node Fern leaflet.221
12:08:03 | INFO: Blender create Mesh node Fern leaflet.222
12:08:03 | INFO: Blender create Mesh node Fern leaflet.223
12:08:03 | INFO: Blender create Mesh node Fern leaflet.224
12:08:03 | INFO: Blender create Mesh node Fern leaflet.225
12:08:03 | INFO: Blender create Mesh node Fern leaflet.226
12:08:03 | INFO: Blender create Mesh node Fern leaflet.227
12:08:03 | INFO: Blender create Mesh node Fern leaflet.228
12:08:03 | INFO: Blender create Mesh node Fern leaflet.229
12:08:03 | INFO: Blender create Mesh node Fern leaflet.230
12:08:03 | INFO: Blender create Mesh node Fern leaflet.231
12:08:03 | INFO: Blender create Mesh node Fern leaflet.232
12:08:03 | INFO: Blender create Mesh node Fern leaflet.233
12:08:03 | INFO: Blender create Mesh node Fern leaflet.234
12:08:03 | INFO: Blender create Mesh node Fern leaflet.235
12:08:03 | INFO: Blender create Mesh node Fern leaflet.236
12:08:03 | INFO: Blender create Mesh node Fern leaflet.237
12:08:03 | INFO: Blender create Mesh node Fern leaflet.238
12:08:03 | INFO: Blender create Mesh node Fern leaflet.239
12:08:03 | INFO: Blender create Mesh node Fern unfolding leaf tip.008
12:08:03 | INFO: Blender create Mesh node Fern unfolding leaf tip.009
12:08:03 | INFO: Blender create Mesh node Fine scattered woodland grasses.004
12:08:03 | INFO: Blender create Mesh node Flower center.012
12:08:03 | INFO: Blender create Mesh node Flower center.013
12:08:03 | INFO: Blender create Mesh node Flower center.014
12:08:03 | INFO: Blender create Mesh node Flower petal.060
12:08:03 | INFO: Blender create Mesh node Flower petal.061
12:08:03 | INFO: Blender create Mesh node Flower petal.062
12:08:03 | INFO: Blender create Mesh node Flower petal.063
12:08:03 | INFO: Blender create Mesh node Flower petal.064
12:08:03 | INFO: Blender create Mesh node Flower petal.065
12:08:03 | INFO: Blender create Mesh node Flower petal.066
12:08:03 | INFO: Blender create Mesh node Flower petal.067
12:08:03 | INFO: Blender create Mesh node Flower petal.068
12:08:03 | INFO: Blender create Mesh node Flower petal.069
12:08:03 | INFO: Blender create Mesh node Flower petal.070
12:08:03 | INFO: Blender create Mesh node Flower petal.071
12:08:03 | INFO: Blender create Mesh node Flower petal.072
12:08:03 | INFO: Blender create Mesh node Flower petal.073
12:08:03 | INFO: Blender create Mesh node Flower petal.074
12:08:03 | INFO: Blender create Mesh node Flower stem.012
12:08:03 | INFO: Blender create Mesh node Flower stem.013
12:08:03 | INFO: Blender create Mesh node Flower stem.014
12:08:03 | INFO: Blender create Mesh node Standard hex earth layer.004
12:08:03 | INFO: Blender create Mesh node Standard hex meadow top.004
12:08:03 | INFO: Blender create Mesh node Standard hex stone foundation.004
12:08:03 | INFO: Blender create Mesh node Thin meadow rim shadow.024
12:08:03 | INFO: Blender create Mesh node Thin meadow rim shadow.025
12:08:03 | INFO: Blender create Mesh node Thin meadow rim shadow.026
12:08:03 | INFO: Blender create Mesh node Thin meadow rim shadow.027
12:08:03 | INFO: Blender create Mesh node Thin meadow rim shadow.028
12:08:03 | INFO: Blender create Mesh node Thin meadow rim shadow.029
12:08:03 | INFO: Blender create Mesh node Bioluminescent cap spot.096
12:08:03 | INFO: Blender create Mesh node Bioluminescent cap spot.097
12:08:03 | INFO: Blender create Mesh node Bioluminescent cap spot.098
12:08:03 | INFO: Blender create Mesh node Bioluminescent cap spot.099
12:08:03 | INFO: Blender create Mesh node Bioluminescent cap spot.100
12:08:03 | INFO: Blender create Mesh node Bioluminescent cap spot.101
12:08:03 | INFO: Blender create Mesh node Bioluminescent cap spot.102
12:08:03 | INFO: Blender create Mesh node Bioluminescent cap spot.103
12:08:03 | INFO: Blender create Mesh node Broad faceted mushroom cap.012
12:08:03 | INFO: Blender create Mesh node Curving luminous mushroom stem.012
12:08:03 | INFO: Blender create Mesh node Luminous cap underside.012
12:08:03 | INFO: Blender create Mesh node Mushroom radial gill.144
12:08:03 | INFO: Blender create Mesh node Mushroom radial gill.145
12:08:03 | INFO: Blender create Mesh node Mushroom radial gill.146
12:08:03 | INFO: Blender create Mesh node Mushroom radial gill.147
12:08:03 | INFO: Blender create Mesh node Mushroom radial gill.148
12:08:03 | INFO: Blender create Mesh node Mushroom radial gill.149
12:08:03 | INFO: Blender create Mesh node Mushroom radial gill.150
12:08:03 | INFO: Blender create Mesh node Mushroom radial gill.151
12:08:03 | INFO: Blender create Mesh node Mushroom radial gill.152
12:08:03 | INFO: Blender create Mesh node Mushroom radial gill.153
12:08:03 | INFO: Blender create Mesh node Mushroom radial gill.154
12:08:03 | INFO: Blender create Mesh node Mushroom radial gill.155
12:08:03 | INFO: Blender create Mesh node Tiny floating glow spore.036
12:08:03 | INFO: Blender create Mesh node Tiny floating glow spore.037
12:08:03 | INFO: Blender create Mesh node Tiny floating glow spore.038
12:08:03 | INFO: Blender create Mesh node Bioluminescent cap spot.088
12:08:03 | INFO: Blender create Mesh node Bioluminescent cap spot.089
12:08:03 | INFO: Blender create Mesh node Bioluminescent cap spot.090
12:08:03 | INFO: Blender create Mesh node Bioluminescent cap spot.091
12:08:03 | INFO: Blender create Mesh node Bioluminescent cap spot.092
12:08:03 | INFO: Blender create Mesh node Bioluminescent cap spot.093
12:08:03 | INFO: Blender create Mesh node Bioluminescent cap spot.094
12:08:03 | INFO: Blender create Mesh node Bioluminescent cap spot.095
12:08:03 | INFO: Blender create Mesh node Broad faceted mushroom cap.011
12:08:03 | INFO: Blender create Mesh node Curving luminous mushroom stem.011
12:08:03 | INFO: Blender create Mesh node Luminous cap underside.011
12:08:03 | INFO: Blender create Mesh node Mushroom radial gill.132
12:08:03 | INFO: Blender create Mesh node Mushroom radial gill.133
12:08:03 | INFO: Blender create Mesh node Mushroom radial gill.134
12:08:03 | INFO: Blender create Mesh node Mushroom radial gill.135
12:08:03 | INFO: Blender create Mesh node Mushroom radial gill.136
12:08:03 | INFO: Blender create Mesh node Mushroom radial gill.137
12:08:03 | INFO: Blender create Mesh node Mushroom radial gill.138
12:08:03 | INFO: Blender create Mesh node Mushroom radial gill.139
12:08:03 | INFO: Blender create Mesh node Mushroom radial gill.140
12:08:03 | INFO: Blender create Mesh node Mushroom radial gill.141
12:08:03 | INFO: Blender create Mesh node Mushroom radial gill.142
12:08:03 | INFO: Blender create Mesh node Mushroom radial gill.143
12:08:03 | INFO: Blender create Mesh node Tiny floating glow spore.033
12:08:03 | INFO: Blender create Mesh node Tiny floating glow spore.034
12:08:03 | INFO: Blender create Mesh node Tiny floating glow spore.035
12:08:03 | INFO: Blender create Mesh node Bioluminescent cap spot.104
12:08:03 | INFO: Blender create Mesh node Bioluminescent cap spot.105
12:08:03 | INFO: Blender create Mesh node Bioluminescent cap spot.106
12:08:03 | INFO: Blender create Mesh node Bioluminescent cap spot.107
12:08:03 | INFO: Blender create Mesh node Bioluminescent cap spot.108
12:08:03 | INFO: Blender create Mesh node Bioluminescent cap spot.109
12:08:03 | INFO: Blender create Mesh node Bioluminescent cap spot.110
12:08:03 | INFO: Blender create Mesh node Bioluminescent cap spot.111
12:08:03 | INFO: Blender create Mesh node Broad faceted mushroom cap.013
12:08:03 | INFO: Blender create Mesh node Curving luminous mushroom stem.013
12:08:03 | INFO: Blender create Mesh node Luminous cap underside.013
12:08:03 | INFO: Blender create Mesh node Mushroom radial gill.156
12:08:03 | INFO: Blender create Mesh node Mushroom radial gill.157
12:08:03 | INFO: Blender create Mesh node Mushroom radial gill.158
12:08:03 | INFO: Blender create Mesh node Mushroom radial gill.159
12:08:03 | INFO: Blender create Mesh node Mushroom radial gill.160
12:08:03 | INFO: Blender create Mesh node Mushroom radial gill.161
12:08:03 | INFO: Blender create Mesh node Mushroom radial gill.162
12:08:03 | INFO: Blender create Mesh node Mushroom radial gill.163
12:08:03 | INFO: Blender create Mesh node Mushroom radial gill.164
12:08:03 | INFO: Blender create Mesh node Mushroom radial gill.165
12:08:03 | INFO: Blender create Mesh node Mushroom radial gill.166
12:08:03 | INFO: Blender create Mesh node Mushroom radial gill.167
12:08:03 | INFO: Blender create Mesh node Mushroom translucent stem groove.130
12:08:03 | INFO: Blender create Mesh node Mushroom translucent stem groove.131
12:08:03 | INFO: Blender create Mesh node Mushroom translucent stem groove.132
12:08:03 | INFO: Blender create Mesh node Mushroom translucent stem groove.133
12:08:03 | INFO: Blender create Mesh node Mushroom translucent stem groove.134
12:08:03 | INFO: Blender create Mesh node Mushroom translucent stem groove.135
12:08:03 | INFO: Blender create Mesh node Mushroom translucent stem groove.136
12:08:03 | INFO: Blender create Mesh node Mushroom translucent stem groove.137
12:08:03 | INFO: Blender create Mesh node Mushroom translucent stem groove.138
12:08:03 | INFO: Blender create Mesh node Mushroom translucent stem groove.139
12:08:03 | INFO: Blender create Mesh node Tiny floating glow spore.039
12:08:03 | INFO: Blender create Mesh node Tiny floating glow spore.040
12:08:03 | INFO: Blender create Mesh node Tiny floating glow spore.041
12:08:03 | INFO: Blender create Mesh node Gnarled exposed root
12:08:03 | INFO: Blender create Mesh node Root bark carved grain
12:08:03 | INFO: Blender create Mesh node Root bark carved grain.001
12:08:03 | INFO: Blender create Mesh node Root fork
12:08:03 | INFO: Blender create Mesh node Ancient twisting trunk
12:08:03 | INFO: Blender create Mesh node Broken woodland branch
12:08:03 | INFO: Blender create Mesh node Broken woodland branch.001
12:08:03 | INFO: Blender create Mesh node Tree bark carved groove
12:08:03 | INFO: Blender create Mesh node Tree bark carved groove.001
12:08:03 | INFO: Blender create Mesh node Tree bark carved groove.002
12:08:03 | INFO: Blender create Mesh node Tree buttress root
12:08:03 | INFO: Blender create Mesh node Tree buttress root.001
12:08:03 | INFO: Blender create Mesh node Tree buttress root.002
12:08:03 | INFO: Blender create Mesh node Tree buttress root.003
12:08:03 | INFO: Blender create Mesh node Tree buttress root.004
12:08:03 | INFO: glTF import finished in 0.34s
/home/bart/.treehouse/odot-game-assets-86a3a5/2/odot-game-assets/tools/asset_catalog/render_blender.py:41: DeprecationWarning: 'World.use_nodes' is expected to be removed in Blender 6.0
  scene.world.use_nodes = True
00:05.151  render           | Saved: '/home/bart/.treehouse/odot-game-assets-86a3a5/2/odot-game-assets/exports/thumbnails/environment/hex_bioluminescent_grove.rendering.png'
Blender 5.2.2 LTS (hash d13f752e3b9c built 2026-09-15 01:34:58)

Blender quit
12:08:08 | INFO: Data are loaded, start creating Blender stuff
12:08:08 | INFO: Blender create Mesh node Angular mossy forest boulder
12:08:08 | INFO: Blender create Mesh node Curled butterfly antenna
12:08:08 | INFO: Blender create Mesh node Curled butterfly antenna.001
12:08:08 | INFO: Blender create Mesh node Insect head
12:08:08 | INFO: Blender create Mesh node Painted butterfly wing
12:08:08 | INFO: Blender create Mesh node Painted butterfly wing.001
12:08:08 | INFO: Blender create Mesh node Painted butterfly wing.002
12:08:08 | INFO: Blender create Mesh node Painted butterfly wing.003
12:08:08 | INFO: Blender create Mesh node Velvet insect abdomen
12:08:08 | INFO: Blender create Mesh node Velvet insect thorax
12:08:08 | INFO: Blender create Mesh node Curled butterfly antenna.002
12:08:08 | INFO: Blender create Mesh node Curled butterfly antenna.003
12:08:08 | INFO: Blender create Mesh node Insect head.001
12:08:08 | INFO: Blender create Mesh node Painted butterfly wing.004
12:08:08 | INFO: Blender create Mesh node Painted butterfly wing.005
12:08:08 | INFO: Blender create Mesh node Painted butterfly wing.006
12:08:08 | INFO: Blender create Mesh node Painted butterfly wing.007
12:08:08 | INFO: Blender create Mesh node Velvet insect abdomen.001
12:08:08 | INFO: Blender create Mesh node Velvet insect thorax.001
12:08:08 | INFO: Blender create Mesh node Curled fern fiddlehead
12:08:08 | INFO: Blender create Mesh node Fern central stem
12:08:08 | INFO: Blender create Mesh node Fern central stem.001
12:08:08 | INFO: Blender create Mesh node Fern central stem.002
12:08:08 | INFO: Blender create Mesh node Fern central stem.003
12:08:08 | INFO: Blender create Mesh node Fern central stem.004
12:08:08 | INFO: Blender create Mesh node Fern central stem.005
12:08:08 | INFO: Blender create Mesh node Fern leaflet
12:08:08 | INFO: Blender create Mesh node Fern leaflet.001
12:08:08 | INFO: Blender create Mesh node Fern leaflet.002
12:08:08 | INFO: Blender create Mesh node Fern leaflet.003
12:08:08 | INFO: Blender create Mesh node Fern leaflet.004
12:08:08 | INFO: Blender create Mesh node Fern leaflet.005
12:08:08 | INFO: Blender create Mesh node Fern leaflet.006
12:08:08 | INFO: Blender create Mesh node Fern leaflet.007
12:08:08 | INFO: Blender create Mesh node Fern leaflet.008
12:08:08 | INFO: Blender create Mesh node Fern leaflet.009
12:08:08 | INFO: Blender create Mesh node Fern leaflet.010
12:08:08 | INFO: Blender create Mesh node Fern leaflet.011
12:08:08 | INFO: Blender create Mesh node Fern leaflet.012
12:08:08 | INFO: Blender create Mesh node Fern leaflet.013
12:08:08 | INFO: Blender create Mesh node Fern leaflet.014
12:08:08 | INFO: Blender create Mesh node Fern leaflet.015
12:08:08 | INFO: Blender create Mesh node Fern leaflet.016
12:08:08 | INFO: Blender create Mesh node Fern leaflet.017
12:08:08 | INFO: Blender create Mesh node Fern leaflet.018
12:08:08 | INFO: Blender create Mesh node Fern leaflet.019
12:08:08 | INFO: Blender create Mesh node Fern leaflet.020
12:08:08 | INFO: Blender create Mesh node Fern leaflet.021
12:08:08 | INFO: Blender create Mesh node Fern leaflet.022
12:08:08 | INFO: Blender create Mesh node Fern leaflet.023
12:08:08 | INFO: Blender create Mesh node Fern leaflet.024
12:08:08 | INFO: Blender create Mesh node Fern leaflet.025
12:08:08 | INFO: Blender create Mesh node Fern leaflet.026
12:08:08 | INFO: Blender create Mesh node Fern leaflet.027
12:08:08 | INFO: Blender create Mesh node Fern leaflet.028
12:08:08 | INFO: Blender create Mesh node Fern leaflet.029
12:08:08 | INFO: Blender create Mesh node Fern leaflet.030
12:08:08 | INFO: Blender create Mesh node Fern leaflet.031
12:08:08 | INFO: Blender create Mesh node Fern leaflet.032
12:08:08 | INFO: Blender create Mesh node Fern leaflet.033
12:08:08 | INFO: Blender create Mesh node Fern leaflet.034
12:08:08 | INFO: Blender create Mesh node Fern leaflet.035
12:08:08 | INFO: Blender create Mesh node Fern leaflet.036
12:08:08 | INFO: Blender create Mesh node Fern leaflet.037
12:08:08 | INFO: Blender create Mesh node Fern leaflet.038
12:08:08 | INFO: Blender create Mesh node Fern leaflet.039
12:08:08 | INFO: Blender create Mesh node Fern leaflet.040
12:08:08 | INFO: Blender create Mesh node Fern leaflet.041
12:08:08 | INFO: Blender create Mesh node Fern leaflet.042
12:08:08 | INFO: Blender create Mesh node Fern leaflet.043
12:08:08 | INFO: Blender create Mesh node Fern leaflet.044
12:08:08 | INFO: Blender create Mesh node Fern leaflet.045
12:08:08 | INFO: Blender create Mesh node Fern leaflet.046
12:08:08 | INFO: Blender create Mesh node Fern leaflet.047
12:08:08 | INFO: Blender create Mesh node Fern unfolding leaf tip
12:08:08 | INFO: Blender create Mesh node Fern unfolding leaf tip.001
12:08:08 | INFO: Blender create Mesh node Fine grasses around dreaming forest contacts
12:08:08 | INFO: Blender create Mesh node Standard hex earth layer
12:08:08 | INFO: Blender create Mesh node Standard hex meadow top
12:08:08 | INFO: Blender create Mesh node Standard hex stone foundation
12:08:08 | INFO: Blender create Mesh node Thin meadow rim shadow
12:08:08 | INFO: Blender create Mesh node Thin meadow rim shadow.001
12:08:08 | INFO: Blender create Mesh node Thin meadow rim shadow.002
12:08:08 | INFO: Blender create Mesh node Thin meadow rim shadow.003
12:08:08 | INFO: Blender create Mesh node Thin meadow rim shadow.004
12:08:08 | INFO: Blender create Mesh node Thin meadow rim shadow.005
12:08:08 | INFO: Blender create Mesh node Curled lantern flower stem
12:08:08 | INFO: Blender create Mesh node Hanging lilac lantern petal
12:08:08 | INFO: Blender create Mesh node Hanging lilac lantern petal.001
12:08:08 | INFO: Blender create Mesh node Hanging lilac lantern petal.002
12:08:08 | INFO: Blender create Mesh node Hanging lilac lantern petal.003
12:08:08 | INFO: Blender create Mesh node Hanging lilac lantern petal.004
12:08:08 | INFO: Blender create Mesh node Lantern flower broad leaf
12:08:08 | INFO: Blender create Mesh node Lantern flower broad leaf.001
12:08:08 | INFO: Blender create Mesh node Lantern flower warm heart
12:08:08 | INFO: Blender create Mesh node Broad woodland leaf
12:08:08 | INFO: Blender create Mesh node Broad woodland leaf.001
12:08:08 | INFO: Blender create Mesh node Broad woodland leaf.002
12:08:08 | INFO: Blender create Mesh node Broad woodland leaf.003
12:08:08 | INFO: Blender create Mesh node Broad woodland leaf.004
12:08:08 | INFO: Blender create Mesh node Broad woodland leaf.005
12:08:08 | INFO: Blender create Mesh node Curled butterfly antenna.004
12:08:08 | INFO: Blender create Mesh node Curled butterfly antenna.005
12:08:08 | INFO: Blender create Mesh node Insect head.002
12:08:08 | INFO: Blender create Mesh node Painted butterfly wing.008
12:08:08 | INFO: Blender create Mesh node Painted butterfly wing.009
12:08:08 | INFO: Blender create Mesh node Painted butterfly wing.010
12:08:08 | INFO: Blender create Mesh node Painted butterfly wing.011
12:08:08 | INFO: Blender create Mesh node Velvet insect abdomen.002
12:08:08 | INFO: Blender create Mesh node Velvet insect thorax.002
12:08:08 | INFO: Blender create Mesh node Moss tiny sprouting mound
12:08:08 | INFO: Blender create Mesh node Moss tiny sprouting mound.001
12:08:08 | INFO: Blender create Mesh node Moss tiny sprouting mound.002
12:08:08 | INFO: Blender create Mesh node Soft moss patch
12:08:08 | INFO: Blender create Mesh node Soft moss patch.001
12:08:08 | INFO: Blender create Mesh node Soft moss patch.002
12:08:08 | INFO: Blender create Mesh node Bioluminescent cap spot.008
12:08:08 | INFO: Blender create Mesh node Bioluminescent cap spot.009
12:08:08 | INFO: Blender create Mesh node Bioluminescent cap spot.010
12:08:08 | INFO: Blender create Mesh node Bioluminescent cap spot.011
12:08:08 | INFO: Blender create Mesh node Bioluminescent cap spot.012
12:08:08 | INFO: Blender create Mesh node Bioluminescent cap spot.013
12:08:08 | INFO: Blender create Mesh node Bioluminescent cap spot.014
12:08:08 | INFO: Blender create Mesh node Bioluminescent cap spot.015
12:08:08 | INFO: Blender create Mesh node Broad faceted mushroom cap.001
12:08:08 | INFO: Blender create Mesh node Curving luminous mushroom stem.001
12:08:08 | INFO: Blender create Mesh node Luminous cap underside.001
12:08:08 | INFO: Blender create Mesh node Mushroom radial gill.012
12:08:08 | INFO: Blender create Mesh node Mushroom radial gill.013
12:08:08 | INFO: Blender create Mesh node Mushroom radial gill.014
12:08:08 | INFO: Blender create Mesh node Mushroom radial gill.015
12:08:08 | INFO: Blender create Mesh node Mushroom radial gill.016
12:08:08 | INFO: Blender create Mesh node Mushroom radial gill.017
12:08:08 | INFO: Blender create Mesh node Mushroom radial gill.018
12:08:08 | INFO: Blender create Mesh node Mushroom radial gill.019
12:08:08 | INFO: Blender create Mesh node Mushroom radial gill.020
12:08:08 | INFO: Blender create Mesh node Mushroom radial gill.021
12:08:08 | INFO: Blender create Mesh node Mushroom radial gill.022
12:08:08 | INFO: Blender create Mesh node Mushroom radial gill.023
12:08:08 | INFO: Blender create Mesh node Tiny floating glow spore.003
12:08:08 | INFO: Blender create Mesh node Tiny floating glow spore.004
12:08:08 | INFO: Blender create Mesh node Tiny floating glow spore.005
12:08:08 | INFO: Blender create Mesh node Bioluminescent cap spot.016
12:08:08 | INFO: Blender create Mesh node Bioluminescent cap spot.017
12:08:08 | INFO: Blender create Mesh node Bioluminescent cap spot.018
12:08:08 | INFO: Blender create Mesh node Bioluminescent cap spot.019
12:08:08 | INFO: Blender create Mesh node Bioluminescent cap spot.020
12:08:08 | INFO: Blender create Mesh node Bioluminescent cap spot.021
12:08:08 | INFO: Blender create Mesh node Bioluminescent cap spot.022
12:08:08 | INFO: Blender create Mesh node Bioluminescent cap spot.023
12:08:08 | INFO: Blender create Mesh node Broad faceted mushroom cap.002
12:08:08 | INFO: Blender create Mesh node Curving luminous mushroom stem.002
12:08:08 | INFO: Blender create Mesh node Luminous cap underside.002
12:08:08 | INFO: Blender create Mesh node Mushroom radial gill.024
12:08:08 | INFO: Blender create Mesh node Mushroom radial gill.025
12:08:08 | INFO: Blender create Mesh node Mushroom radial gill.026
12:08:08 | INFO: Blender create Mesh node Mushroom radial gill.027
12:08:08 | INFO: Blender create Mesh node Mushroom radial gill.028
12:08:08 | INFO: Blender create Mesh node Mushroom radial gill.029
12:08:08 | INFO: Blender create Mesh node Mushroom radial gill.030
12:08:08 | INFO: Blender create Mesh node Mushroom radial gill.031
12:08:08 | INFO: Blender create Mesh node Mushroom radial gill.032
12:08:08 | INFO: Blender create Mesh node Mushroom radial gill.033
12:08:08 | INFO: Blender create Mesh node Mushroom radial gill.034
12:08:08 | INFO: Blender create Mesh node Mushroom radial gill.035
12:08:08 | INFO: Blender create Mesh node Mushroom translucent stem groove.020
12:08:08 | INFO: Blender create Mesh node Mushroom translucent stem groove.021
12:08:08 | INFO: Blender create Mesh node Mushroom translucent stem groove.022
12:08:08 | INFO: Blender create Mesh node Mushroom translucent stem groove.023
12:08:08 | INFO: Blender create Mesh node Mushroom translucent stem groove.024
12:08:08 | INFO: Blender create Mesh node Mushroom translucent stem groove.025
12:08:08 | INFO: Blender create Mesh node Mushroom translucent stem groove.026
12:08:08 | INFO: Blender create Mesh node Mushroom translucent stem groove.027
12:08:08 | INFO: Blender create Mesh node Mushroom translucent stem groove.028
12:08:08 | INFO: Blender create Mesh node Mushroom translucent stem groove.029
12:08:08 | INFO: Blender create Mesh node Tiny floating glow spore.006
12:08:08 | INFO: Blender create Mesh node Tiny floating glow spore.007
12:08:08 | INFO: Blender create Mesh node Tiny floating glow spore.008
12:08:08 | INFO: Blender create Mesh node Dream fern curled frond
12:08:08 | INFO: Blender create Mesh node Dream fern curled frond.001
12:08:08 | INFO: Blender create Mesh node Dream fern curled frond.002
12:08:08 | INFO: Blender create Mesh node Dream fern teal leaflet
12:08:08 | INFO: Blender create Mesh node Dream fern teal leaflet.001
12:08:08 | INFO: Blender create Mesh node Dream fern teal leaflet.002
12:08:08 | INFO: Blender create Mesh node Dream fern teal leaflet.003
12:08:08 | INFO: Blender create Mesh node Dream fern teal leaflet.004
12:08:08 | INFO: Blender create Mesh node Dream fern teal leaflet.005
12:08:08 | INFO: Blender create Mesh node Dream fern teal leaflet.006
12:08:08 | INFO: Blender create Mesh node Dream fern teal leaflet.007
12:08:08 | INFO: Blender create Mesh node Dream fern teal leaflet.008
12:08:08 | INFO: Blender create Mesh node Dream fern teal leaflet.009
12:08:08 | INFO: Blender create Mesh node Dream fern teal leaflet.010
12:08:08 | INFO: Blender create Mesh node Dream fern teal leaflet.011
12:08:09 | INFO: Blender create Mesh node Dream fern teal leaflet.012
12:08:09 | INFO: Blender create Mesh node Dream fern teal leaflet.013
12:08:09 | INFO: Blender create Mesh node Dream fern teal leaflet.014
12:08:09 | INFO: Blender create Mesh node Dream fern teal leaflet.015
12:08:09 | INFO: Blender create Mesh node Dream fern teal leaflet.016
12:08:09 | INFO: Blender create Mesh node Dream fern teal leaflet.017
12:08:09 | INFO: Blender create Mesh node Dream willow arching branch
12:08:09 | INFO: Blender create Mesh node Dream willow arching branch.001
12:08:09 | INFO: Blender create Mesh node Dream willow coiling trunk
12:08:09 | INFO: Blender create Mesh node Drooping teal willow leaf
12:08:09 | INFO: Blender create Mesh node Drooping teal willow leaf.001
12:08:09 | INFO: Blender create Mesh node Drooping teal willow leaf.002
12:08:09 | INFO: Blender create Mesh node Drooping teal willow leaf.003
12:08:09 | INFO: Blender create Mesh node Drooping teal willow leaf.004
12:08:09 | INFO: Blender create Mesh node Drooping teal willow leaf.005
12:08:09 | INFO: Blender create Mesh node Drooping teal willow leaf.006
12:08:09 | INFO: Blender create Mesh node Drooping teal willow leaf.007
12:08:09 | INFO: Blender create Mesh node Drooping teal willow leaf.008
12:08:09 | INFO: Blender create Mesh node Drooping teal willow leaf.009
12:08:09 | INFO: Blender create Mesh node Drooping teal willow leaf.010
12:08:09 | INFO: Blender create Mesh node Drooping teal willow leaf.011
12:08:09 | INFO: Blender create Mesh node Drooping teal willow leaf.012
12:08:09 | INFO: Blender create Mesh node Drooping teal willow leaf.013
12:08:09 | INFO: Blender create Mesh node Drooping teal willow leaf.014
12:08:09 | INFO: Blender create Mesh node Drooping teal willow leaf.015
12:08:09 | INFO: Blender create Mesh node Drooping teal willow leaf.016
12:08:09 | INFO: Blender create Mesh node Drooping teal willow leaf.017
12:08:09 | INFO: Blender create Mesh node Drooping teal willow leaf.018
12:08:09 | INFO: Blender create Mesh node Drooping teal willow leaf.019
12:08:09 | INFO: Blender create Mesh node Drooping teal willow leaf.020
12:08:09 | INFO: Blender create Mesh node Drooping teal willow leaf.021
12:08:09 | INFO: Blender create Mesh node Drooping teal willow leaf.022
12:08:09 | INFO: Blender create Mesh node Drooping teal willow leaf.023
12:08:09 | INFO: Blender create Mesh node Spiral crown lilac leaf
12:08:09 | INFO: Blender create Mesh node Spiral crown lilac leaf.001
12:08:09 | INFO: Blender create Mesh node Spiral crown lilac leaf.002
12:08:09 | INFO: Blender create Mesh node Spiral crown lilac leaf.003
12:08:09 | INFO: Blender create Mesh node Spiral crown lilac leaf.004
12:08:09 | INFO: Blender create Mesh node Spiral crown lilac leaf.005
12:08:09 | INFO: Blender create Mesh node Spiral crown lilac leaf.006
12:08:09 | INFO: Blender create Mesh node Splayed dreaming tree root.005
12:08:09 | INFO: Blender create Mesh node Splayed dreaming tree root.006
12:08:09 | INFO: Blender create Mesh node Splayed dreaming tree root.007
12:08:09 | INFO: Blender create Mesh node Splayed dreaming tree root.008
12:08:09 | INFO: Blender create Mesh node Splayed dreaming tree root.009
12:08:09 | INFO: Blender create Mesh node Willow hanging tendril
12:08:09 | INFO: Blender create Mesh node Willow hanging tendril.001
12:08:09 | INFO: Blender create Mesh node Willow hanging tendril.002
12:08:09 | INFO: Blender create Mesh node Willow hanging tendril.003
12:08:09 | INFO: Blender create Mesh node Willow hanging tendril.004
12:08:09 | INFO: Blender create Mesh node Willow hanging tendril.005
12:08:09 | INFO: Blender create Mesh node Willow hanging tendril.006
12:08:09 | INFO: Blender create Mesh node Willow hanging tendril.007
12:08:09 | INFO: Blender create Mesh node Willow luminous seed
12:08:09 | INFO: Blender create Mesh node Willow luminous seed.001
12:08:09 | INFO: Blender create Mesh node Willow luminous seed.002
12:08:09 | INFO: Blender create Mesh node Willow luminous seed.003
12:08:09 | INFO: Blender create Mesh node Willow luminous seed.004
12:08:09 | INFO: Blender create Mesh node Willow luminous seed.005
12:08:09 | INFO: Blender create Mesh node Willow luminous seed.006
12:08:09 | INFO: Blender create Mesh node Willow luminous seed.007
12:08:09 | INFO: glTF import finished in 0.43s
/home/bart/.treehouse/odot-game-assets-86a3a5/2/odot-game-assets/tools/asset_catalog/render_blender.py:41: DeprecationWarning: 'World.use_nodes' is expected to be removed in Blender 6.0
  scene.world.use_nodes = True
00:04.942  render           | Saved: '/home/bart/.treehouse/odot-game-assets-86a3a5/2/odot-game-assets/exports/thumbnails/environment/hex_butterfly_glade.rendering.png'
Blender 5.2.2 LTS (hash d13f752e3b9c built 2026-09-15 01:34:58)

Blender quit
12:08:13 | INFO: Data are loaded, start creating Blender stuff
12:08:13 | INFO: Blender create Mesh node Angular mossy forest boulder
12:08:13 | INFO: Blender create Mesh node Broad woodland leaf
12:08:13 | INFO: Blender create Mesh node Broad woodland leaf.001
12:08:13 | INFO: Blender create Mesh node Broad woodland leaf.002
12:08:13 | INFO: Blender create Mesh node Broad woodland leaf.003
12:08:13 | INFO: Blender create Mesh node Broad woodland leaf.004
12:08:13 | INFO: Blender create Mesh node Broad woodland leaf.005
12:08:13 | INFO: Blender create Mesh node Moss tiny sprouting mound
12:08:13 | INFO: Blender create Mesh node Moss tiny sprouting mound.001
12:08:13 | INFO: Blender create Mesh node Moss tiny sprouting mound.002
12:08:13 | INFO: Blender create Mesh node Soft moss patch
12:08:13 | INFO: Blender create Mesh node Soft moss patch.001
12:08:13 | INFO: Blender create Mesh node Soft moss patch.002
12:08:13 | INFO: Blender create Mesh node Faceted magical crystal
12:08:13 | INFO: Blender create Mesh node Faceted magical crystal.001
12:08:13 | INFO: Blender create Mesh node Curled fern fiddlehead
12:08:13 | INFO: Blender create Mesh node Fern central stem
12:08:13 | INFO: Blender create Mesh node Fern central stem.001
12:08:13 | INFO: Blender create Mesh node Fern central stem.002
12:08:13 | INFO: Blender create Mesh node Fern central stem.003
12:08:13 | INFO: Blender create Mesh node Fern central stem.004
12:08:13 | INFO: Blender create Mesh node Fern central stem.005
12:08:13 | INFO: Blender create Mesh node Fern leaflet
12:08:13 | INFO: Blender create Mesh node Fern leaflet.001
12:08:13 | INFO: Blender create Mesh node Fern leaflet.002
12:08:13 | INFO: Blender create Mesh node Fern leaflet.003
12:08:13 | INFO: Blender create Mesh node Fern leaflet.004
12:08:13 | INFO: Blender create Mesh node Fern leaflet.005
12:08:13 | INFO: Blender create Mesh node Fern leaflet.006
12:08:13 | INFO: Blender create Mesh node Fern leaflet.007
12:08:13 | INFO: Blender create Mesh node Fern leaflet.008
12:08:13 | INFO: Blender create Mesh node Fern leaflet.009
12:08:13 | INFO: Blender create Mesh node Fern leaflet.010
12:08:13 | INFO: Blender create Mesh node Fern leaflet.011
12:08:13 | INFO: Blender create Mesh node Fern leaflet.012
12:08:13 | INFO: Blender create Mesh node Fern leaflet.013
12:08:13 | INFO: Blender create Mesh node Fern leaflet.014
12:08:13 | INFO: Blender create Mesh node Fern leaflet.015
12:08:13 | INFO: Blender create Mesh node Fern leaflet.016
12:08:13 | INFO: Blender create Mesh node Fern leaflet.017
12:08:13 | INFO: Blender create Mesh node Fern leaflet.018
12:08:13 | INFO: Blender create Mesh node Fern leaflet.019
12:08:13 | INFO: Blender create Mesh node Fern leaflet.020
12:08:13 | INFO: Blender create Mesh node Fern leaflet.021
12:08:13 | INFO: Blender create Mesh node Fern leaflet.022
12:08:13 | INFO: Blender create Mesh node Fern leaflet.023
12:08:13 | INFO: Blender create Mesh node Fern leaflet.024
12:08:13 | INFO: Blender create Mesh node Fern leaflet.025
12:08:13 | INFO: Blender create Mesh node Fern leaflet.026
12:08:13 | INFO: Blender create Mesh node Fern leaflet.027
12:08:13 | INFO: Blender create Mesh node Fern leaflet.028
12:08:13 | INFO: Blender create Mesh node Fern leaflet.029
12:08:13 | INFO: Blender create Mesh node Fern leaflet.030
12:08:13 | INFO: Blender create Mesh node Fern leaflet.031
12:08:13 | INFO: Blender create Mesh node Fern leaflet.032
12:08:13 | INFO: Blender create Mesh node Fern leaflet.033
12:08:13 | INFO: Blender create Mesh node Fern leaflet.034
12:08:13 | INFO: Blender create Mesh node Fern leaflet.035
12:08:13 | INFO: Blender create Mesh node Fern leaflet.036
12:08:13 | INFO: Blender create Mesh node Fern leaflet.037
12:08:13 | INFO: Blender create Mesh node Fern leaflet.038
12:08:13 | INFO: Blender create Mesh node Fern leaflet.039
12:08:13 | INFO: Blender create Mesh node Fern leaflet.040
12:08:13 | INFO: Blender create Mesh node Fern leaflet.041
12:08:13 | INFO: Blender create Mesh node Fern leaflet.042
12:08:13 | INFO: Blender create Mesh node Fern leaflet.043
12:08:13 | INFO: Blender create Mesh node Fern leaflet.044
12:08:13 | INFO: Blender create Mesh node Fern leaflet.045
12:08:13 | INFO: Blender create Mesh node Fern leaflet.046
12:08:13 | INFO: Blender create Mesh node Fern leaflet.047
12:08:13 | INFO: Blender create Mesh node Fern unfolding leaf tip
12:08:13 | INFO: Blender create Mesh node Fern unfolding leaf tip.001
12:08:13 | INFO: Blender create Mesh node Fine scattered woodland grasses
12:08:13 | INFO: Blender create Mesh node Flower center
12:08:13 | INFO: Blender create Mesh node Flower center.001
12:08:13 | INFO: Blender create Mesh node Flower center.002
12:08:13 | INFO: Blender create Mesh node Flower petal
12:08:13 | INFO: Blender create Mesh node Flower petal.001
12:08:13 | INFO: Blender create Mesh node Flower petal.002
12:08:13 | INFO: Blender create Mesh node Flower petal.003
12:08:13 | INFO: Blender create Mesh node Flower petal.004
12:08:13 | INFO: Blender create Mesh node Flower petal.005
12:08:13 | INFO: Blender create Mesh node Flower petal.006
12:08:13 | INFO: Blender create Mesh node Flower petal.007
12:08:13 | INFO: Blender create Mesh node Flower petal.008
12:08:13 | INFO: Blender create Mesh node Flower petal.009
12:08:13 | INFO: Blender create Mesh node Flower petal.010
12:08:13 | INFO: Blender create Mesh node Flower petal.011
12:08:13 | INFO: Blender create Mesh node Flower petal.012
12:08:13 | INFO: Blender create Mesh node Flower petal.013
12:08:13 | INFO: Blender create Mesh node Flower petal.014
12:08:13 | INFO: Blender create Mesh node Flower stem
12:08:13 | INFO: Blender create Mesh node Flower stem.001
12:08:13 | INFO: Blender create Mesh node Flower stem.002
12:08:13 | INFO: Blender create Mesh node Standard hex earth layer
12:08:13 | INFO: Blender create Mesh node Standard hex meadow top
12:08:13 | INFO: Blender create Mesh node Standard hex stone foundation
12:08:13 | INFO: Blender create Mesh node Thin meadow rim shadow
12:08:13 | INFO: Blender create Mesh node Thin meadow rim shadow.001
12:08:13 | INFO: Blender create Mesh node Thin meadow rim shadow.002
12:08:13 | INFO: Blender create Mesh node Thin meadow rim shadow.003
12:08:13 | INFO: Blender create Mesh node Thin meadow rim shadow.004
12:08:13 | INFO: Blender create Mesh node Thin meadow rim shadow.005
12:08:13 | INFO: Blender create Mesh node Bioluminescent cap spot
12:08:13 | INFO: Blender create Mesh node Bioluminescent cap spot.001
12:08:13 | INFO: Blender create Mesh node Bioluminescent cap spot.002
12:08:13 | INFO: Blender create Mesh node Bioluminescent cap spot.003
12:08:13 | INFO: Blender create Mesh node Bioluminescent cap spot.004
12:08:13 | INFO: Blender create Mesh node Bioluminescent cap spot.005
12:08:13 | INFO: Blender create Mesh node Bioluminescent cap spot.006
12:08:13 | INFO: Blender create Mesh node Bioluminescent cap spot.007
12:08:13 | INFO: Blender create Mesh node Broad faceted mushroom cap
12:08:13 | INFO: Blender create Mesh node Curving luminous mushroom stem
12:08:13 | INFO: Blender create Mesh node Luminous cap underside
12:08:13 | INFO: Blender create Mesh node Mushroom radial gill
12:08:13 | INFO: Blender create Mesh node Mushroom radial gill.001
12:08:13 | INFO: Blender create Mesh node Mushroom radial gill.002
12:08:13 | INFO: Blender create Mesh node Mushroom radial gill.003
12:08:13 | INFO: Blender create Mesh node Mushroom radial gill.004
12:08:13 | INFO: Blender create Mesh node Mushroom radial gill.005
12:08:13 | INFO: Blender create Mesh node Mushroom radial gill.006
12:08:13 | INFO: Blender create Mesh node Mushroom radial gill.007
12:08:13 | INFO: Blender create Mesh node Mushroom radial gill.008
12:08:13 | INFO: Blender create Mesh node Mushroom radial gill.009
12:08:13 | INFO: Blender create Mesh node Mushroom radial gill.010
12:08:13 | INFO: Blender create Mesh node Mushroom radial gill.011
12:08:13 | INFO: Blender create Mesh node Tiny floating glow spore
12:08:13 | INFO: Blender create Mesh node Tiny floating glow spore.001
12:08:13 | INFO: Blender create Mesh node Tiny floating glow spore.002
12:08:13 | INFO: Blender create Mesh node Bioluminescent cap spot.008
12:08:13 | INFO: Blender create Mesh node Bioluminescent cap spot.009
12:08:13 | INFO: Blender create Mesh node Bioluminescent cap spot.010
12:08:13 | INFO: Blender create Mesh node Bioluminescent cap spot.011
12:08:13 | INFO: Blender create Mesh node Bioluminescent cap spot.012
12:08:13 | INFO: Blender create Mesh node Bioluminescent cap spot.013
12:08:13 | INFO: Blender create Mesh node Bioluminescent cap spot.014
12:08:13 | INFO: Blender create Mesh node Bioluminescent cap spot.015
12:08:13 | INFO: Blender create Mesh node Broad faceted mushroom cap.001
12:08:13 | INFO: Blender create Mesh node Curving luminous mushroom stem.001
12:08:13 | INFO: Blender create Mesh node Luminous cap underside.001
12:08:13 | INFO: Blender create Mesh node Mushroom radial gill.012
12:08:13 | INFO: Blender create Mesh node Mushroom radial gill.013
12:08:13 | INFO: Blender create Mesh node Mushroom radial gill.014
12:08:13 | INFO: Blender create Mesh node Mushroom radial gill.015
12:08:13 | INFO: Blender create Mesh node Mushroom radial gill.016
12:08:13 | INFO: Blender create Mesh node Mushroom radial gill.017
12:08:13 | INFO: Blender create Mesh node Mushroom radial gill.018
12:08:13 | INFO: Blender create Mesh node Mushroom radial gill.019
12:08:13 | INFO: Blender create Mesh node Mushroom radial gill.020
12:08:13 | INFO: Blender create Mesh node Mushroom radial gill.021
12:08:13 | INFO: Blender create Mesh node Mushroom radial gill.022
12:08:13 | INFO: Blender create Mesh node Mushroom radial gill.023
12:08:13 | INFO: Blender create Mesh node Tiny floating glow spore.003
12:08:13 | INFO: Blender create Mesh node Tiny floating glow spore.004
12:08:13 | INFO: Blender create Mesh node Tiny floating glow spore.005
12:08:13 | INFO: Blender create Mesh node Bioluminescent cap spot.016
12:08:13 | INFO: Blender create Mesh node Bioluminescent cap spot.017
12:08:13 | INFO: Blender create Mesh node Bioluminescent cap spot.018
12:08:13 | INFO: Blender create Mesh node Bioluminescent cap spot.019
12:08:13 | INFO: Blender create Mesh node Bioluminescent cap spot.020
12:08:13 | INFO: Blender create Mesh node Bioluminescent cap spot.021
12:08:13 | INFO: Blender create Mesh node Bioluminescent cap spot.022
12:08:13 | INFO: Blender create Mesh node Bioluminescent cap spot.023
12:08:13 | INFO: Blender create Mesh node Broad faceted mushroom cap.002
12:08:13 | INFO: Blender create Mesh node Curving luminous mushroom stem.002
12:08:13 | INFO: Blender create Mesh node Luminous cap underside.002
12:08:13 | INFO: Blender create Mesh node Mushroom radial gill.024
12:08:13 | INFO: Blender create Mesh node Mushroom radial gill.025
12:08:13 | INFO: Blender create Mesh node Mushroom radial gill.026
12:08:13 | INFO: Blender create Mesh node Mushroom radial gill.027
12:08:13 | INFO: Blender create Mesh node Mushroom radial gill.028
12:08:13 | INFO: Blender create Mesh node Mushroom radial gill.029
12:08:13 | INFO: Blender create Mesh node Mushroom radial gill.030
12:08:13 | INFO: Blender create Mesh node Mushroom radial gill.031
12:08:13 | INFO: Blender create Mesh node Mushroom radial gill.032
12:08:13 | INFO: Blender create Mesh node Mushroom radial gill.033
12:08:13 | INFO: Blender create Mesh node Mushroom radial gill.034
12:08:13 | INFO: Blender create Mesh node Mushroom radial gill.035
12:08:13 | INFO: Blender create Mesh node Mushroom translucent stem groove.020
12:08:13 | INFO: Blender create Mesh node Mushroom translucent stem groove.021
12:08:13 | INFO: Blender create Mesh node Mushroom translucent stem groove.022
12:08:13 | INFO: Blender create Mesh node Mushroom translucent stem groove.023
12:08:13 | INFO: Blender create Mesh node Mushroom translucent stem groove.024
12:08:13 | INFO: Blender create Mesh node Mushroom translucent stem groove.025
12:08:13 | INFO: Blender create Mesh node Mushroom translucent stem groove.026
12:08:13 | INFO: Blender create Mesh node Mushroom translucent stem groove.027
12:08:13 | INFO: Blender create Mesh node Mushroom translucent stem groove.028
12:08:13 | INFO: Blender create Mesh node Mushroom translucent stem groove.029
12:08:13 | INFO: Blender create Mesh node Tiny floating glow spore.006
12:08:13 | INFO: Blender create Mesh node Tiny floating glow spore.007
12:08:13 | INFO: Blender create Mesh node Tiny floating glow spore.008
12:08:13 | INFO: Blender create Mesh node Glowing diamond rune
12:08:13 | INFO: Blender create Mesh node Rune vertical stroke
12:08:13 | INFO: Blender create Mesh node Weathered shrine monolith
12:08:14 | INFO: glTF import finished in 0.34s
/home/bart/.treehouse/odot-game-assets-86a3a5/2/odot-game-assets/tools/asset_catalog/render_blender.py:41: DeprecationWarning: 'World.use_nodes' is expected to be removed in Blender 6.0
  scene.world.use_nodes = True
00:04.917  render           | Saved: '/home/bart/.treehouse/odot-game-assets-86a3a5/2/odot-game-assets/exports/thumbnails/environment/hex_crystal_grove.rendering.png'
Blender 5.2.2 LTS (hash d13f752e3b9c built 2026-09-15 01:34:58)

Blender quit
12:08:18 | INFO: Data are loaded, start creating Blender stuff
12:08:18 | INFO: Blender create Mesh node Angular mossy forest boulder.005
12:08:18 | INFO: Blender create Mesh node Broad woodland leaf.030
12:08:18 | INFO: Blender create Mesh node Broad woodland leaf.031
12:08:18 | INFO: Blender create Mesh node Broad woodland leaf.032
12:08:18 | INFO: Blender create Mesh node Broad woodland leaf.033
12:08:18 | INFO: Blender create Mesh node Broad woodland leaf.034
12:08:18 | INFO: Blender create Mesh node Broad woodland leaf.035
12:08:18 | INFO: Blender create Mesh node Moss tiny sprouting mound.015
12:08:18 | INFO: Blender create Mesh node Moss tiny sprouting mound.016
12:08:18 | INFO: Blender create Mesh node Moss tiny sprouting mound.017
12:08:18 | INFO: Blender create Mesh node Soft moss patch.015
12:08:18 | INFO: Blender create Mesh node Soft moss patch.016
12:08:18 | INFO: Blender create Mesh node Soft moss patch.017
12:08:18 | INFO: Blender create Mesh node Faceted magical crystal.008
12:08:18 | INFO: Blender create Mesh node Faceted magical crystal.009
12:08:18 | INFO: Blender create Mesh node Curled fern fiddlehead.005
12:08:18 | INFO: Blender create Mesh node Fern central stem.030
12:08:18 | INFO: Blender create Mesh node Fern central stem.031
12:08:18 | INFO: Blender create Mesh node Fern central stem.032
12:08:18 | INFO: Blender create Mesh node Fern central stem.033
12:08:18 | INFO: Blender create Mesh node Fern central stem.034
12:08:18 | INFO: Blender create Mesh node Fern central stem.035
12:08:18 | INFO: Blender create Mesh node Fern leaflet.240
12:08:18 | INFO: Blender create Mesh node Fern leaflet.241
12:08:18 | INFO: Blender create Mesh node Fern leaflet.242
12:08:18 | INFO: Blender create Mesh node Fern leaflet.243
12:08:18 | INFO: Blender create Mesh node Fern leaflet.244
12:08:18 | INFO: Blender create Mesh node Fern leaflet.245
12:08:18 | INFO: Blender create Mesh node Fern leaflet.246
12:08:18 | INFO: Blender create Mesh node Fern leaflet.247
12:08:18 | INFO: Blender create Mesh node Fern leaflet.248
12:08:18 | INFO: Blender create Mesh node Fern leaflet.249
12:08:18 | INFO: Blender create Mesh node Fern leaflet.250
12:08:18 | INFO: Blender create Mesh node Fern leaflet.251
12:08:18 | INFO: Blender create Mesh node Fern leaflet.252
12:08:18 | INFO: Blender create Mesh node Fern leaflet.253
12:08:18 | INFO: Blender create Mesh node Fern leaflet.254
12:08:18 | INFO: Blender create Mesh node Fern leaflet.255
12:08:18 | INFO: Blender create Mesh node Fern leaflet.256
12:08:18 | INFO: Blender create Mesh node Fern leaflet.257
12:08:18 | INFO: Blender create Mesh node Fern leaflet.258
12:08:18 | INFO: Blender create Mesh node Fern leaflet.259
12:08:18 | INFO: Blender create Mesh node Fern leaflet.260
12:08:18 | INFO: Blender create Mesh node Fern leaflet.261
12:08:18 | INFO: Blender create Mesh node Fern leaflet.262
12:08:18 | INFO: Blender create Mesh node Fern leaflet.263
12:08:18 | INFO: Blender create Mesh node Fern leaflet.264
12:08:18 | INFO: Blender create Mesh node Fern leaflet.265
12:08:18 | INFO: Blender create Mesh node Fern leaflet.266
12:08:18 | INFO: Blender create Mesh node Fern leaflet.267
12:08:18 | INFO: Blender create Mesh node Fern leaflet.268
12:08:18 | INFO: Blender create Mesh node Fern leaflet.269
12:08:18 | INFO: Blender create Mesh node Fern leaflet.270
12:08:18 | INFO: Blender create Mesh node Fern leaflet.271
12:08:18 | INFO: Blender create Mesh node Fern leaflet.272
12:08:18 | INFO: Blender create Mesh node Fern leaflet.273
12:08:18 | INFO: Blender create Mesh node Fern leaflet.274
12:08:18 | INFO: Blender create Mesh node Fern leaflet.275
12:08:18 | INFO: Blender create Mesh node Fern leaflet.276
12:08:18 | INFO: Blender create Mesh node Fern leaflet.277
12:08:18 | INFO: Blender create Mesh node Fern leaflet.278
12:08:18 | INFO: Blender create Mesh node Fern leaflet.279
12:08:18 | INFO: Blender create Mesh node Fern leaflet.280
12:08:18 | INFO: Blender create Mesh node Fern leaflet.281
12:08:18 | INFO: Blender create Mesh node Fern leaflet.282
12:08:18 | INFO: Blender create Mesh node Fern leaflet.283
12:08:18 | INFO: Blender create Mesh node Fern leaflet.284
12:08:18 | INFO: Blender create Mesh node Fern leaflet.285
12:08:18 | INFO: Blender create Mesh node Fern leaflet.286
12:08:18 | INFO: Blender create Mesh node Fern leaflet.287
12:08:18 | INFO: Blender create Mesh node Fern unfolding leaf tip.010
12:08:18 | INFO: Blender create Mesh node Fern unfolding leaf tip.011
12:08:18 | INFO: Blender create Mesh node Fine scattered woodland grasses.005
12:08:18 | INFO: Blender create Mesh node Flower center.015
12:08:18 | INFO: Blender create Mesh node Flower center.016
12:08:18 | INFO: Blender create Mesh node Flower center.017
12:08:18 | INFO: Blender create Mesh node Flower petal.075
12:08:18 | INFO: Blender create Mesh node Flower petal.076
12:08:18 | INFO: Blender create Mesh node Flower petal.077
12:08:18 | INFO: Blender create Mesh node Flower petal.078
12:08:18 | INFO: Blender create Mesh node Flower petal.079
12:08:18 | INFO: Blender create Mesh node Flower petal.080
12:08:18 | INFO: Blender create Mesh node Flower petal.081
12:08:18 | INFO: Blender create Mesh node Flower petal.082
12:08:18 | INFO: Blender create Mesh node Flower petal.083
12:08:18 | INFO: Blender create Mesh node Flower petal.084
12:08:18 | INFO: Blender create Mesh node Flower petal.085
12:08:18 | INFO: Blender create Mesh node Flower petal.086
12:08:18 | INFO: Blender create Mesh node Flower petal.087
12:08:18 | INFO: Blender create Mesh node Flower petal.088
12:08:18 | INFO: Blender create Mesh node Flower petal.089
12:08:18 | INFO: Blender create Mesh node Flower stem.015
12:08:18 | INFO: Blender create Mesh node Flower stem.016
12:08:18 | INFO: Blender create Mesh node Flower stem.017
12:08:18 | INFO: Blender create Mesh node Standard hex earth layer.005
12:08:18 | INFO: Blender create Mesh node Standard hex meadow top.005
12:08:18 | INFO: Blender create Mesh node Standard hex stone foundation.005
12:08:18 | INFO: Blender create Mesh node Thin meadow rim shadow.030
12:08:18 | INFO: Blender create Mesh node Thin meadow rim shadow.031
12:08:18 | INFO: Blender create Mesh node Thin meadow rim shadow.032
12:08:18 | INFO: Blender create Mesh node Thin meadow rim shadow.033
12:08:18 | INFO: Blender create Mesh node Thin meadow rim shadow.034
12:08:18 | INFO: Blender create Mesh node Thin meadow rim shadow.035
12:08:18 | INFO: Blender create Mesh node Bioluminescent cap spot.112
12:08:18 | INFO: Blender create Mesh node Bioluminescent cap spot.113
12:08:18 | INFO: Blender create Mesh node Bioluminescent cap spot.114
12:08:18 | INFO: Blender create Mesh node Bioluminescent cap spot.115
12:08:18 | INFO: Blender create Mesh node Bioluminescent cap spot.116
12:08:19 | INFO: Blender create Mesh node Bioluminescent cap spot.117
12:08:19 | INFO: Blender create Mesh node Bioluminescent cap spot.118
12:08:19 | INFO: Blender create Mesh node Bioluminescent cap spot.119
12:08:19 | INFO: Blender create Mesh node Broad faceted mushroom cap.014
12:08:19 | INFO: Blender create Mesh node Curving luminous mushroom stem.014
12:08:19 | INFO: Blender create Mesh node Luminous cap underside.014
12:08:19 | INFO: Blender create Mesh node Mushroom radial gill.168
12:08:19 | INFO: Blender create Mesh node Mushroom radial gill.169
12:08:19 | INFO: Blender create Mesh node Mushroom radial gill.170
12:08:19 | INFO: Blender create Mesh node Mushroom radial gill.171
12:08:19 | INFO: Blender create Mesh node Mushroom radial gill.172
12:08:19 | INFO: Blender create Mesh node Mushroom radial gill.173
12:08:19 | INFO: Blender create Mesh node Mushroom radial gill.174
12:08:19 | INFO: Blender create Mesh node Mushroom radial gill.175
12:08:19 | INFO: Blender create Mesh node Mushroom radial gill.176
12:08:19 | INFO: Blender create Mesh node Mushroom radial gill.177
12:08:19 | INFO: Blender create Mesh node Mushroom radial gill.178
12:08:19 | INFO: Blender create Mesh node Mushroom radial gill.179
12:08:19 | INFO: Blender create Mesh node Tiny floating glow spore.042
12:08:19 | INFO: Blender create Mesh node Tiny floating glow spore.043
12:08:19 | INFO: Blender create Mesh node Tiny floating glow spore.044
12:08:19 | INFO: Blender create Mesh node Bioluminescent cap spot.120
12:08:19 | INFO: Blender create Mesh node Bioluminescent cap spot.121
12:08:19 | INFO: Blender create Mesh node Bioluminescent cap spot.122
12:08:19 | INFO: Blender create Mesh node Bioluminescent cap spot.123
12:08:19 | INFO: Blender create Mesh node Bioluminescent cap spot.124
12:08:19 | INFO: Blender create Mesh node Bioluminescent cap spot.125
12:08:19 | INFO: Blender create Mesh node Bioluminescent cap spot.126
12:08:19 | INFO: Blender create Mesh node Bioluminescent cap spot.127
12:08:19 | INFO: Blender create Mesh node Broad faceted mushroom cap.015
12:08:19 | INFO: Blender create Mesh node Curving luminous mushroom stem.015
12:08:19 | INFO: Blender create Mesh node Luminous cap underside.015
12:08:19 | INFO: Blender create Mesh node Mushroom radial gill.180
12:08:19 | INFO: Blender create Mesh node Mushroom radial gill.181
12:08:19 | INFO: Blender create Mesh node Mushroom radial gill.182
12:08:19 | INFO: Blender create Mesh node Mushroom radial gill.183
12:08:19 | INFO: Blender create Mesh node Mushroom radial gill.184
12:08:19 | INFO: Blender create Mesh node Mushroom radial gill.185
12:08:19 | INFO: Blender create Mesh node Mushroom radial gill.186
12:08:19 | INFO: Blender create Mesh node Mushroom radial gill.187
12:08:19 | INFO: Blender create Mesh node Mushroom radial gill.188
12:08:19 | INFO: Blender create Mesh node Mushroom radial gill.189
12:08:19 | INFO: Blender create Mesh node Mushroom radial gill.190
12:08:19 | INFO: Blender create Mesh node Mushroom radial gill.191
12:08:19 | INFO: Blender create Mesh node Tiny floating glow spore.045
12:08:19 | INFO: Blender create Mesh node Tiny floating glow spore.046
12:08:19 | INFO: Blender create Mesh node Tiny floating glow spore.047
12:08:19 | INFO: Blender create Mesh node Bioluminescent cap spot.128
12:08:19 | INFO: Blender create Mesh node Bioluminescent cap spot.129
12:08:19 | INFO: Blender create Mesh node Bioluminescent cap spot.130
12:08:19 | INFO: Blender create Mesh node Bioluminescent cap spot.131
12:08:19 | INFO: Blender create Mesh node Bioluminescent cap spot.132
12:08:19 | INFO: Blender create Mesh node Bioluminescent cap spot.133
12:08:19 | INFO: Blender create Mesh node Bioluminescent cap spot.134
12:08:19 | INFO: Blender create Mesh node Bioluminescent cap spot.135
12:08:19 | INFO: Blender create Mesh node Broad faceted mushroom cap.016
12:08:19 | INFO: Blender create Mesh node Curving luminous mushroom stem.016
12:08:19 | INFO: Blender create Mesh node Luminous cap underside.016
12:08:19 | INFO: Blender create Mesh node Mushroom radial gill.192
12:08:19 | INFO: Blender create Mesh node Mushroom radial gill.193
12:08:19 | INFO: Blender create Mesh node Mushroom radial gill.194
12:08:19 | INFO: Blender create Mesh node Mushroom radial gill.195
12:08:19 | INFO: Blender create Mesh node Mushroom radial gill.196
12:08:19 | INFO: Blender create Mesh node Mushroom radial gill.197
12:08:19 | INFO: Blender create Mesh node Mushroom radial gill.198
12:08:19 | INFO: Blender create Mesh node Mushroom radial gill.199
12:08:19 | INFO: Blender create Mesh node Mushroom radial gill.200
12:08:19 | INFO: Blender create Mesh node Mushroom radial gill.201
12:08:19 | INFO: Blender create Mesh node Mushroom radial gill.202
12:08:19 | INFO: Blender create Mesh node Mushroom radial gill.203
12:08:19 | INFO: Blender create Mesh node Mushroom translucent stem groove.160
12:08:19 | INFO: Blender create Mesh node Mushroom translucent stem groove.161
12:08:19 | INFO: Blender create Mesh node Mushroom translucent stem groove.162
12:08:19 | INFO: Blender create Mesh node Mushroom translucent stem groove.163
12:08:19 | INFO: Blender create Mesh node Mushroom translucent stem groove.164
12:08:19 | INFO: Blender create Mesh node Mushroom translucent stem groove.165
12:08:19 | INFO: Blender create Mesh node Mushroom translucent stem groove.166
12:08:19 | INFO: Blender create Mesh node Mushroom translucent stem groove.167
12:08:19 | INFO: Blender create Mesh node Mushroom translucent stem groove.168
12:08:19 | INFO: Blender create Mesh node Mushroom translucent stem groove.169
12:08:19 | INFO: Blender create Mesh node Tiny floating glow spore.048
12:08:19 | INFO: Blender create Mesh node Tiny floating glow spore.049
12:08:19 | INFO: Blender create Mesh node Tiny floating glow spore.050
12:08:19 | INFO: Blender create Mesh node Magic circle luminous node.008
12:08:19 | INFO: Blender create Mesh node Magic circle luminous node.009
12:08:19 | INFO: Blender create Mesh node Magic circle luminous node.010
12:08:19 | INFO: Blender create Mesh node Magic circle luminous node.011
12:08:19 | INFO: Blender create Mesh node Magic circle luminous node.012
12:08:19 | INFO: Blender create Mesh node Magic circle luminous node.013
12:08:19 | INFO: Blender create Mesh node Magic circle luminous node.014
12:08:19 | INFO: Blender create Mesh node Magic circle luminous node.015
12:08:19 | INFO: Blender create Mesh node Radial shrine marking.006
12:08:19 | INFO: Blender create Mesh node Radial shrine marking.007
12:08:19 | INFO: Blender create Mesh node Radial shrine marking.008
12:08:19 | INFO: Blender create Mesh node Radial shrine marking.009
12:08:19 | INFO: Blender create Mesh node Radial shrine marking.010
12:08:19 | INFO: Blender create Mesh node Radial shrine marking.011
12:08:19 | INFO: Blender create Mesh node Shrine inner glyph circle.001
12:08:19 | INFO: Blender create Mesh node Shrine magic circle.001
12:08:19 | INFO: Blender create Mesh node Glowing diamond rune.002
12:08:19 | INFO: Blender create Mesh node Rune center luminous seed
12:08:19 | INFO: Blender create Mesh node Rune vertical stroke.002
12:08:19 | INFO: Blender create Mesh node Radial shrine paving stone.008
12:08:19 | INFO: Blender create Mesh node Radial shrine paving stone.009
12:08:19 | INFO: Blender create Mesh node Radial shrine paving stone.010
12:08:19 | INFO: Blender create Mesh node Radial shrine paving stone.011
12:08:19 | INFO: Blender create Mesh node Radial shrine paving stone.012
12:08:19 | INFO: Blender create Mesh node Radial shrine paving stone.013
12:08:19 | INFO: Blender create Mesh node Radial shrine paving stone.014
12:08:19 | INFO: Blender create Mesh node Radial shrine paving stone.015
12:08:19 | INFO: Blender create Mesh node Shrine rim contact shadow.001
12:08:19 | INFO: Blender create Mesh node Shrine stone pedestal.001
12:08:19 | INFO: glTF import finished in 0.37s
/home/bart/.treehouse/odot-game-assets-86a3a5/2/odot-game-assets/tools/asset_catalog/render_blender.py:41: DeprecationWarning: 'World.use_nodes' is expected to be removed in Blender 6.0
  scene.world.use_nodes = True
00:04.996  render           | Saved: '/home/bart/.treehouse/odot-game-assets-86a3a5/2/odot-game-assets/exports/thumbnails/environment/hex_crystal_shrine.rendering.png'
Blender 5.2.2 LTS (hash d13f752e3b9c built 2026-09-15 01:34:58)

Blender quit
12:08:24 | INFO: Data are loaded, start creating Blender stuff
12:08:24 | INFO: Blender create Mesh node Angular mossy forest boulder.001
12:08:24 | INFO: Blender create Mesh node Curled butterfly antenna
12:08:24 | INFO: Blender create Mesh node Curled butterfly antenna.001
12:08:24 | INFO: Blender create Mesh node Insect head
12:08:24 | INFO: Blender create Mesh node Painted butterfly wing
12:08:24 | INFO: Blender create Mesh node Painted butterfly wing.001
12:08:24 | INFO: Blender create Mesh node Painted butterfly wing.002
12:08:24 | INFO: Blender create Mesh node Painted butterfly wing.003
12:08:24 | INFO: Blender create Mesh node Velvet insect abdomen
12:08:24 | INFO: Blender create Mesh node Velvet insect thorax
12:08:24 | INFO: Blender create Mesh node Curled butterfly antenna.002
12:08:24 | INFO: Blender create Mesh node Curled butterfly antenna.003
12:08:24 | INFO: Blender create Mesh node Insect head.001
12:08:24 | INFO: Blender create Mesh node Painted butterfly wing.004
12:08:24 | INFO: Blender create Mesh node Painted butterfly wing.005
12:08:24 | INFO: Blender create Mesh node Painted butterfly wing.006
12:08:24 | INFO: Blender create Mesh node Painted butterfly wing.007
12:08:24 | INFO: Blender create Mesh node Velvet insect abdomen.001
12:08:24 | INFO: Blender create Mesh node Velvet insect thorax.001
12:08:24 | INFO: Blender create Mesh node Faceted magical crystal.002
12:08:24 | INFO: Blender create Mesh node Curled fern fiddlehead.001
12:08:24 | INFO: Blender create Mesh node Fern central stem.006
12:08:24 | INFO: Blender create Mesh node Fern central stem.007
12:08:24 | INFO: Blender create Mesh node Fern central stem.008
12:08:24 | INFO: Blender create Mesh node Fern central stem.009
12:08:24 | INFO: Blender create Mesh node Fern central stem.010
12:08:24 | INFO: Blender create Mesh node Fern central stem.011
12:08:24 | INFO: Blender create Mesh node Fern leaflet.048
12:08:24 | INFO: Blender create Mesh node Fern leaflet.049
12:08:24 | INFO: Blender create Mesh node Fern leaflet.050
12:08:24 | INFO: Blender create Mesh node Fern leaflet.051
12:08:24 | INFO: Blender create Mesh node Fern leaflet.052
12:08:24 | INFO: Blender create Mesh node Fern leaflet.053
12:08:24 | INFO: Blender create Mesh node Fern leaflet.054
12:08:24 | INFO: Blender create Mesh node Fern leaflet.055
12:08:24 | INFO: Blender create Mesh node Fern leaflet.056
12:08:24 | INFO: Blender create Mesh node Fern leaflet.057
12:08:24 | INFO: Blender create Mesh node Fern leaflet.058
12:08:24 | INFO: Blender create Mesh node Fern leaflet.059
12:08:24 | INFO: Blender create Mesh node Fern leaflet.060
12:08:24 | INFO: Blender create Mesh node Fern leaflet.061
12:08:24 | INFO: Blender create Mesh node Fern leaflet.062
12:08:24 | INFO: Blender create Mesh node Fern leaflet.063
12:08:24 | INFO: Blender create Mesh node Fern leaflet.064
12:08:24 | INFO: Blender create Mesh node Fern leaflet.065
12:08:24 | INFO: Blender create Mesh node Fern leaflet.066
12:08:24 | INFO: Blender create Mesh node Fern leaflet.067
12:08:24 | INFO: Blender create Mesh node Fern leaflet.068
12:08:24 | INFO: Blender create Mesh node Fern leaflet.069
12:08:24 | INFO: Blender create Mesh node Fern leaflet.070
12:08:24 | INFO: Blender create Mesh node Fern leaflet.071
12:08:24 | INFO: Blender create Mesh node Fern leaflet.072
12:08:24 | INFO: Blender create Mesh node Fern leaflet.073
12:08:24 | INFO: Blender create Mesh node Fern leaflet.074
12:08:24 | INFO: Blender create Mesh node Fern leaflet.075
12:08:24 | INFO: Blender create Mesh node Fern leaflet.076
12:08:24 | INFO: Blender create Mesh node Fern leaflet.077
12:08:24 | INFO: Blender create Mesh node Fern leaflet.078
12:08:24 | INFO: Blender create Mesh node Fern leaflet.079
12:08:24 | INFO: Blender create Mesh node Fern leaflet.080
12:08:24 | INFO: Blender create Mesh node Fern leaflet.081
12:08:24 | INFO: Blender create Mesh node Fern leaflet.082
12:08:24 | INFO: Blender create Mesh node Fern leaflet.083
12:08:24 | INFO: Blender create Mesh node Fern leaflet.084
12:08:24 | INFO: Blender create Mesh node Fern leaflet.085
12:08:24 | INFO: Blender create Mesh node Fern leaflet.086
12:08:24 | INFO: Blender create Mesh node Fern leaflet.087
12:08:24 | INFO: Blender create Mesh node Fern leaflet.088
12:08:24 | INFO: Blender create Mesh node Fern leaflet.089
12:08:24 | INFO: Blender create Mesh node Fern leaflet.090
12:08:24 | INFO: Blender create Mesh node Fern leaflet.091
12:08:24 | INFO: Blender create Mesh node Fern leaflet.092
12:08:24 | INFO: Blender create Mesh node Fern leaflet.093
12:08:24 | INFO: Blender create Mesh node Fern leaflet.094
12:08:24 | INFO: Blender create Mesh node Fern leaflet.095
12:08:24 | INFO: Blender create Mesh node Fern unfolding leaf tip.002
12:08:24 | INFO: Blender create Mesh node Fern unfolding leaf tip.003
12:08:24 | INFO: Blender create Mesh node Fine grasses around dreaming forest contacts.001
12:08:24 | INFO: Blender create Mesh node Standard hex earth layer.001
12:08:24 | INFO: Blender create Mesh node Standard hex meadow top.001
12:08:24 | INFO: Blender create Mesh node Standard hex stone foundation.001
12:08:24 | INFO: Blender create Mesh node Thin meadow rim shadow.006
12:08:24 | INFO: Blender create Mesh node Thin meadow rim shadow.007
12:08:24 | INFO: Blender create Mesh node Thin meadow rim shadow.008
12:08:24 | INFO: Blender create Mesh node Thin meadow rim shadow.009
12:08:24 | INFO: Blender create Mesh node Thin meadow rim shadow.010
12:08:24 | INFO: Blender create Mesh node Thin meadow rim shadow.011
12:08:24 | INFO: Blender create Mesh node Antler fork
12:08:24 | INFO: Blender create Mesh node Antler fork.001
12:08:24 | INFO: Blender create Mesh node Bright rabbit eye
12:08:24 | INFO: Blender create Mesh node Bright rabbit eye.001
12:08:24 | INFO: Blender create Mesh node Jackalope cream chest
12:08:24 | INFO: Blender create Mesh node Jackalope head
12:08:24 | INFO: Blender create Mesh node Long jackalope ear
12:08:24 | INFO: Blender create Mesh node Long jackalope ear.001
12:08:24 | INFO: Blender create Mesh node Plump rabbit muzzle
12:08:24 | INFO: Blender create Mesh node Plump rabbit muzzle.001
12:08:24 | INFO: Blender create Mesh node Rabbit eye catchlight
12:08:24 | INFO: Blender create Mesh node Rabbit eye catchlight.001
12:08:24 | INFO: Blender create Mesh node Rabbit front paw
12:08:24 | INFO: Blender create Mesh node Rabbit front paw.001
12:08:24 | INFO: Blender create Mesh node Rabbit rear paw
12:08:24 | INFO: Blender create Mesh node Rabbit rear paw.001
12:08:24 | INFO: Blender create Mesh node Round cotton tail
12:08:24 | INFO: Blender create Mesh node Round jackalope haunch
12:08:24 | INFO: Blender create Mesh node Small rabbit nose
12:08:24 | INFO: Blender create Mesh node Soft inner rabbit ear
12:08:24 | INFO: Blender create Mesh node Soft inner rabbit ear.001
12:08:24 | INFO: Blender create Mesh node Tiny branching antler
12:08:24 | INFO: Blender create Mesh node Tiny branching antler.001
12:08:24 | INFO: Blender create Mesh node Curled lantern flower stem.001
12:08:24 | INFO: Blender create Mesh node Hanging lilac lantern petal.005
12:08:24 | INFO: Blender create Mesh node Hanging lilac lantern petal.006
12:08:24 | INFO: Blender create Mesh node Hanging lilac lantern petal.007
12:08:24 | INFO: Blender create Mesh node Hanging lilac lantern petal.008
12:08:24 | INFO: Blender create Mesh node Hanging lilac lantern petal.009
12:08:24 | INFO: Blender create Mesh node Lantern flower broad leaf.002
12:08:24 | INFO: Blender create Mesh node Lantern flower broad leaf.003
12:08:24 | INFO: Blender create Mesh node Lantern flower warm heart.001
12:08:24 | INFO: Blender create Mesh node Coral lantern shell.001
12:08:24 | INFO: Blender create Mesh node Lantern seed calyx.004
12:08:24 | INFO: Blender create Mesh node Lantern seed calyx.005
12:08:24 | INFO: Blender create Mesh node Lantern seed calyx.006
12:08:24 | INFO: Blender create Mesh node Lantern seed calyx.007
12:08:24 | INFO: Blender create Mesh node Shell lantern seed.001
12:08:24 | INFO: Blender create Mesh node Snail dark eye.002
12:08:24 | INFO: Blender create Mesh node Snail dark eye.003
12:08:24 | INFO: Blender create Mesh node Snail eyestalk.002
12:08:24 | INFO: Blender create Mesh node Snail eyestalk.003
12:08:24 | INFO: Blender create Mesh node Snail rising neck.001
12:08:24 | INFO: Blender create Mesh node Snail round head.001
12:08:24 | INFO: Blender create Mesh node Snail shell broad spiral.001
12:08:24 | INFO: Blender create Mesh node Snail soft foot.001
12:08:24 | INFO: Blender create Mesh node Broad woodland leaf.006
12:08:24 | INFO: Blender create Mesh node Broad woodland leaf.007
12:08:24 | INFO: Blender create Mesh node Broad woodland leaf.008
12:08:24 | INFO: Blender create Mesh node Broad woodland leaf.009
12:08:24 | INFO: Blender create Mesh node Broad woodland leaf.010
12:08:24 | INFO: Blender create Mesh node Broad woodland leaf.011
12:08:24 | INFO: Blender create Mesh node Moss tiny sprouting mound.003
12:08:24 | INFO: Blender create Mesh node Moss tiny sprouting mound.004
12:08:24 | INFO: Blender create Mesh node Moss tiny sprouting mound.005
12:08:24 | INFO: Blender create Mesh node Soft moss patch.003
12:08:24 | INFO: Blender create Mesh node Soft moss patch.004
12:08:24 | INFO: Blender create Mesh node Soft moss patch.005
12:08:24 | INFO: Blender create Mesh node Bioluminescent cap spot.056
12:08:24 | INFO: Blender create Mesh node Bioluminescent cap spot.057
12:08:24 | INFO: Blender create Mesh node Bioluminescent cap spot.058
12:08:24 | INFO: Blender create Mesh node Bioluminescent cap spot.059
12:08:24 | INFO: Blender create Mesh node Bioluminescent cap spot.060
12:08:24 | INFO: Blender create Mesh node Bioluminescent cap spot.061
12:08:24 | INFO: Blender create Mesh node Bioluminescent cap spot.062
12:08:24 | INFO: Blender create Mesh node Bioluminescent cap spot.063
12:08:24 | INFO: Blender create Mesh node Broad faceted mushroom cap.007
12:08:24 | INFO: Blender create Mesh node Curving luminous mushroom stem.007
12:08:24 | INFO: Blender create Mesh node Luminous cap underside.007
12:08:24 | INFO: Blender create Mesh node Mushroom radial gill.084
12:08:24 | INFO: Blender create Mesh node Mushroom radial gill.085
12:08:24 | INFO: Blender create Mesh node Mushroom radial gill.086
12:08:24 | INFO: Blender create Mesh node Mushroom radial gill.087
12:08:24 | INFO: Blender create Mesh node Mushroom radial gill.088
12:08:24 | INFO: Blender create Mesh node Mushroom radial gill.089
12:08:24 | INFO: Blender create Mesh node Mushroom radial gill.090
12:08:24 | INFO: Blender create Mesh node Mushroom radial gill.091
12:08:24 | INFO: Blender create Mesh node Mushroom radial gill.092
12:08:24 | INFO: Blender create Mesh node Mushroom radial gill.093
12:08:24 | INFO: Blender create Mesh node Mushroom radial gill.094
12:08:24 | INFO: Blender create Mesh node Mushroom radial gill.095
12:08:24 | INFO: Blender create Mesh node Tiny floating glow spore.012
12:08:24 | INFO: Blender create Mesh node Tiny floating glow spore.013
12:08:24 | INFO: Blender create Mesh node Tiny floating glow spore.014
12:08:24 | INFO: Blender create Mesh node Bioluminescent cap spot.048
12:08:24 | INFO: Blender create Mesh node Bioluminescent cap spot.049
12:08:24 | INFO: Blender create Mesh node Bioluminescent cap spot.050
12:08:24 | INFO: Blender create Mesh node Bioluminescent cap spot.051
12:08:24 | INFO: Blender create Mesh node Bioluminescent cap spot.052
12:08:24 | INFO: Blender create Mesh node Bioluminescent cap spot.053
12:08:24 | INFO: Blender create Mesh node Bioluminescent cap spot.054
12:08:24 | INFO: Blender create Mesh node Bioluminescent cap spot.055
12:08:24 | INFO: Blender create Mesh node Broad faceted mushroom cap.006
12:08:24 | INFO: Blender create Mesh node Curving luminous mushroom stem.006
12:08:24 | INFO: Blender create Mesh node Luminous cap underside.006
12:08:24 | INFO: Blender create Mesh node Mushroom radial gill.072
12:08:24 | INFO: Blender create Mesh node Mushroom radial gill.073
12:08:24 | INFO: Blender create Mesh node Mushroom radial gill.074
12:08:24 | INFO: Blender create Mesh node Mushroom radial gill.075
12:08:24 | INFO: Blender create Mesh node Mushroom radial gill.076
12:08:24 | INFO: Blender create Mesh node Mushroom radial gill.077
12:08:24 | INFO: Blender create Mesh node Mushroom radial gill.078
12:08:24 | INFO: Blender create Mesh node Mushroom radial gill.079
12:08:24 | INFO: Blender create Mesh node Mushroom radial gill.080
12:08:24 | INFO: Blender create Mesh node Mushroom radial gill.081
12:08:24 | INFO: Blender create Mesh node Mushroom radial gill.082
12:08:24 | INFO: Blender create Mesh node Mushroom radial gill.083
12:08:24 | INFO: Blender create Mesh node Tiny floating glow spore.009
12:08:24 | INFO: Blender create Mesh node Tiny floating glow spore.010
12:08:24 | INFO: Blender create Mesh node Tiny floating glow spore.011
12:08:24 | INFO: Blender create Mesh node Bioluminescent cap spot.064
12:08:24 | INFO: Blender create Mesh node Bioluminescent cap spot.065
12:08:24 | INFO: Blender create Mesh node Bioluminescent cap spot.066
12:08:24 | INFO: Blender create Mesh node Bioluminescent cap spot.067
12:08:24 | INFO: Blender create Mesh node Bioluminescent cap spot.068
12:08:24 | INFO: Blender create Mesh node Bioluminescent cap spot.069
12:08:24 | INFO: Blender create Mesh node Bioluminescent cap spot.070
12:08:24 | INFO: Blender create Mesh node Bioluminescent cap spot.071
12:08:24 | INFO: Blender create Mesh node Broad faceted mushroom cap.008
12:08:24 | INFO: Blender create Mesh node Curving luminous mushroom stem.008
12:08:24 | INFO: Blender create Mesh node Luminous cap underside.008
12:08:24 | INFO: Blender create Mesh node Mushroom radial gill.096
12:08:24 | INFO: Blender create Mesh node Mushroom radial gill.097
12:08:24 | INFO: Blender create Mesh node Mushroom radial gill.098
12:08:24 | INFO: Blender create Mesh node Mushroom radial gill.099
12:08:24 | INFO: Blender create Mesh node Mushroom radial gill.100
12:08:24 | INFO: Blender create Mesh node Mushroom radial gill.101
12:08:24 | INFO: Blender create Mesh node Mushroom radial gill.102
12:08:24 | INFO: Blender create Mesh node Mushroom radial gill.103
12:08:24 | INFO: Blender create Mesh node Mushroom radial gill.104
12:08:24 | INFO: Blender create Mesh node Mushroom radial gill.105
12:08:24 | INFO: Blender create Mesh node Mushroom radial gill.106
12:08:24 | INFO: Blender create Mesh node Mushroom radial gill.107
12:08:24 | INFO: Blender create Mesh node Mushroom translucent stem groove.050
12:08:24 | INFO: Blender create Mesh node Mushroom translucent stem groove.051
12:08:24 | INFO: Blender create Mesh node Mushroom translucent stem groove.052
12:08:24 | INFO: Blender create Mesh node Mushroom translucent stem groove.053
12:08:24 | INFO: Blender create Mesh node Mushroom translucent stem groove.054
12:08:24 | INFO: Blender create Mesh node Mushroom translucent stem groove.055
12:08:24 | INFO: Blender create Mesh node Mushroom translucent stem groove.056
12:08:24 | INFO: Blender create Mesh node Mushroom translucent stem groove.057
12:08:24 | INFO: Blender create Mesh node Mushroom translucent stem groove.058
12:08:24 | INFO: Blender create Mesh node Mushroom translucent stem groove.059
12:08:24 | INFO: Blender create Mesh node Tiny floating glow spore.015
12:08:24 | INFO: Blender create Mesh node Tiny floating glow spore.016
12:08:24 | INFO: Blender create Mesh node Tiny floating glow spore.017
12:08:24 | INFO: Blender create Mesh node Dream fern curled frond.003
12:08:24 | INFO: Blender create Mesh node Dream fern curled frond.004
12:08:24 | INFO: Blender create Mesh node Dream fern curled frond.005
12:08:24 | INFO: Blender create Mesh node Dream fern teal leaflet.018
12:08:24 | INFO: Blender create Mesh node Dream fern teal leaflet.019
12:08:24 | INFO: Blender create Mesh node Dream fern teal leaflet.020
12:08:24 | INFO: Blender create Mesh node Dream fern teal leaflet.021
12:08:24 | INFO: Blender create Mesh node Dream fern teal leaflet.022
12:08:24 | INFO: Blender create Mesh node Dream fern teal leaflet.023
12:08:24 | INFO: Blender create Mesh node Dream fern teal leaflet.024
12:08:24 | INFO: Blender create Mesh node Dream fern teal leaflet.025
12:08:24 | INFO: Blender create Mesh node Dream fern teal leaflet.026
12:08:24 | INFO: Blender create Mesh node Dream fern teal leaflet.027
12:08:24 | INFO: Blender create Mesh node Dream fern teal leaflet.028
12:08:24 | INFO: Blender create Mesh node Dream fern teal leaflet.029
12:08:24 | INFO: Blender create Mesh node Dream fern teal leaflet.030
12:08:24 | INFO: Blender create Mesh node Dream fern teal leaflet.031
12:08:24 | INFO: Blender create Mesh node Dream fern teal leaflet.032
12:08:24 | INFO: Blender create Mesh node Dream fern teal leaflet.033
12:08:24 | INFO: Blender create Mesh node Dream fern teal leaflet.034
12:08:24 | INFO: Blender create Mesh node Dream fern teal leaflet.035
12:08:24 | INFO: glTF import finished in 0.47s
/home/bart/.treehouse/odot-game-assets-86a3a5/2/odot-game-assets/tools/asset_catalog/render_blender.py:41: DeprecationWarning: 'World.use_nodes' is expected to be removed in Blender 6.0
  scene.world.use_nodes = True
00:06.063  render           | Saved: '/home/bart/.treehouse/odot-game-assets-86a3a5/2/odot-game-assets/exports/thumbnails/environment/hex_dream_menagerie.rendering.png'
Blender 5.2.2 LTS (hash d13f752e3b9c built 2026-09-15 01:34:58)

Blender quit
12:08:30 | INFO: Data are loaded, start creating Blender stuff
12:08:30 | INFO: Blender create Mesh node Angular mossy forest boulder.003
12:08:30 | INFO: Blender create Mesh node Broad woodland leaf.018
12:08:30 | INFO: Blender create Mesh node Broad woodland leaf.019
12:08:30 | INFO: Blender create Mesh node Broad woodland leaf.020
12:08:30 | INFO: Blender create Mesh node Broad woodland leaf.021
12:08:30 | INFO: Blender create Mesh node Broad woodland leaf.022
12:08:30 | INFO: Blender create Mesh node Broad woodland leaf.023
12:08:30 | INFO: Blender create Mesh node Moss tiny sprouting mound.009
12:08:30 | INFO: Blender create Mesh node Moss tiny sprouting mound.010
12:08:30 | INFO: Blender create Mesh node Moss tiny sprouting mound.011
12:08:30 | INFO: Blender create Mesh node Soft moss patch.009
12:08:30 | INFO: Blender create Mesh node Soft moss patch.010
12:08:30 | INFO: Blender create Mesh node Soft moss patch.011
12:08:30 | INFO: Blender create Mesh node Faceted magical crystal.005
12:08:30 | INFO: Blender create Mesh node Faceted magical crystal.006
12:08:30 | INFO: Blender create Mesh node Curled fern fiddlehead.003
12:08:30 | INFO: Blender create Mesh node Fern central stem.018
12:08:30 | INFO: Blender create Mesh node Fern central stem.019
12:08:30 | INFO: Blender create Mesh node Fern central stem.020
12:08:30 | INFO: Blender create Mesh node Fern central stem.021
12:08:30 | INFO: Blender create Mesh node Fern central stem.022
12:08:30 | INFO: Blender create Mesh node Fern central stem.023
12:08:30 | INFO: Blender create Mesh node Fern leaflet.144
12:08:30 | INFO: Blender create Mesh node Fern leaflet.145
12:08:30 | INFO: Blender create Mesh node Fern leaflet.146
12:08:30 | INFO: Blender create Mesh node Fern leaflet.147
12:08:30 | INFO: Blender create Mesh node Fern leaflet.148
12:08:30 | INFO: Blender create Mesh node Fern leaflet.149
12:08:30 | INFO: Blender create Mesh node Fern leaflet.150
12:08:30 | INFO: Blender create Mesh node Fern leaflet.151
12:08:30 | INFO: Blender create Mesh node Fern leaflet.152
12:08:30 | INFO: Blender create Mesh node Fern leaflet.153
12:08:30 | INFO: Blender create Mesh node Fern leaflet.154
12:08:30 | INFO: Blender create Mesh node Fern leaflet.155
12:08:30 | INFO: Blender create Mesh node Fern leaflet.156
12:08:30 | INFO: Blender create Mesh node Fern leaflet.157
12:08:30 | INFO: Blender create Mesh node Fern leaflet.158
12:08:30 | INFO: Blender create Mesh node Fern leaflet.159
12:08:30 | INFO: Blender create Mesh node Fern leaflet.160
12:08:30 | INFO: Blender create Mesh node Fern leaflet.161
12:08:30 | INFO: Blender create Mesh node Fern leaflet.162
12:08:30 | INFO: Blender create Mesh node Fern leaflet.163
12:08:30 | INFO: Blender create Mesh node Fern leaflet.164
12:08:30 | INFO: Blender create Mesh node Fern leaflet.165
12:08:30 | INFO: Blender create Mesh node Fern leaflet.166
12:08:30 | INFO: Blender create Mesh node Fern leaflet.167
12:08:30 | INFO: Blender create Mesh node Fern leaflet.168
12:08:30 | INFO: Blender create Mesh node Fern leaflet.169
12:08:30 | INFO: Blender create Mesh node Fern leaflet.170
12:08:30 | INFO: Blender create Mesh node Fern leaflet.171
12:08:30 | INFO: Blender create Mesh node Fern leaflet.172
12:08:30 | INFO: Blender create Mesh node Fern leaflet.173
12:08:30 | INFO: Blender create Mesh node Fern leaflet.174
12:08:30 | INFO: Blender create Mesh node Fern leaflet.175
12:08:30 | INFO: Blender create Mesh node Fern leaflet.176
12:08:30 | INFO: Blender create Mesh node Fern leaflet.177
12:08:30 | INFO: Blender create Mesh node Fern leaflet.178
12:08:30 | INFO: Blender create Mesh node Fern leaflet.179
12:08:30 | INFO: Blender create Mesh node Fern leaflet.180
12:08:30 | INFO: Blender create Mesh node Fern leaflet.181
12:08:30 | INFO: Blender create Mesh node Fern leaflet.182
12:08:30 | INFO: Blender create Mesh node Fern leaflet.183
12:08:30 | INFO: Blender create Mesh node Fern leaflet.184
12:08:30 | INFO: Blender create Mesh node Fern leaflet.185
12:08:30 | INFO: Blender create Mesh node Fern leaflet.186
12:08:30 | INFO: Blender create Mesh node Fern leaflet.187
12:08:30 | INFO: Blender create Mesh node Fern leaflet.188
12:08:30 | INFO: Blender create Mesh node Fern leaflet.189
12:08:30 | INFO: Blender create Mesh node Fern leaflet.190
12:08:30 | INFO: Blender create Mesh node Fern leaflet.191
12:08:30 | INFO: Blender create Mesh node Fern unfolding leaf tip.006
12:08:30 | INFO: Blender create Mesh node Fern unfolding leaf tip.007
12:08:30 | INFO: Blender create Mesh node Fine scattered woodland grasses.003
12:08:30 | INFO: Blender create Mesh node Flower center.009
12:08:30 | INFO: Blender create Mesh node Flower center.010
12:08:30 | INFO: Blender create Mesh node Flower center.011
12:08:30 | INFO: Blender create Mesh node Flower petal.045
12:08:30 | INFO: Blender create Mesh node Flower petal.046
12:08:30 | INFO: Blender create Mesh node Flower petal.047
12:08:30 | INFO: Blender create Mesh node Flower petal.048
12:08:30 | INFO: Blender create Mesh node Flower petal.049
12:08:30 | INFO: Blender create Mesh node Flower petal.050
12:08:30 | INFO: Blender create Mesh node Flower petal.051
12:08:30 | INFO: Blender create Mesh node Flower petal.052
12:08:30 | INFO: Blender create Mesh node Flower petal.053
12:08:30 | INFO: Blender create Mesh node Flower petal.054
12:08:30 | INFO: Blender create Mesh node Flower petal.055
12:08:30 | INFO: Blender create Mesh node Flower petal.056
12:08:30 | INFO: Blender create Mesh node Flower petal.057
12:08:30 | INFO: Blender create Mesh node Flower petal.058
12:08:30 | INFO: Blender create Mesh node Flower petal.059
12:08:30 | INFO: Blender create Mesh node Flower stem.009
12:08:30 | INFO: Blender create Mesh node Flower stem.010
12:08:30 | INFO: Blender create Mesh node Flower stem.011
12:08:30 | INFO: Blender create Mesh node Standard hex earth layer.003
12:08:30 | INFO: Blender create Mesh node Standard hex meadow top.003
12:08:30 | INFO: Blender create Mesh node Standard hex stone foundation.003
12:08:30 | INFO: Blender create Mesh node Thin meadow rim shadow.018
12:08:30 | INFO: Blender create Mesh node Thin meadow rim shadow.019
12:08:30 | INFO: Blender create Mesh node Thin meadow rim shadow.020
12:08:30 | INFO: Blender create Mesh node Thin meadow rim shadow.021
12:08:30 | INFO: Blender create Mesh node Thin meadow rim shadow.022
12:08:30 | INFO: Blender create Mesh node Thin meadow rim shadow.023
12:08:30 | INFO: Blender create Mesh node Bioluminescent cap spot.064
12:08:30 | INFO: Blender create Mesh node Bioluminescent cap spot.065
12:08:30 | INFO: Blender create Mesh node Bioluminescent cap spot.066
12:08:30 | INFO: Blender create Mesh node Bioluminescent cap spot.067
12:08:30 | INFO: Blender create Mesh node Bioluminescent cap spot.068
12:08:30 | INFO: Blender create Mesh node Bioluminescent cap spot.069
12:08:30 | INFO: Blender create Mesh node Bioluminescent cap spot.070
12:08:30 | INFO: Blender create Mesh node Bioluminescent cap spot.071
12:08:30 | INFO: Blender create Mesh node Broad faceted mushroom cap.008
12:08:30 | INFO: Blender create Mesh node Curving luminous mushroom stem.008
12:08:30 | INFO: Blender create Mesh node Luminous cap underside.008
12:08:30 | INFO: Blender create Mesh node Mushroom radial gill.096
12:08:30 | INFO: Blender create Mesh node Mushroom radial gill.097
12:08:30 | INFO: Blender create Mesh node Mushroom radial gill.098
12:08:30 | INFO: Blender create Mesh node Mushroom radial gill.099
12:08:30 | INFO: Blender create Mesh node Mushroom radial gill.100
12:08:30 | INFO: Blender create Mesh node Mushroom radial gill.101
12:08:30 | INFO: Blender create Mesh node Mushroom radial gill.102
12:08:30 | INFO: Blender create Mesh node Mushroom radial gill.103
12:08:30 | INFO: Blender create Mesh node Mushroom radial gill.104
12:08:30 | INFO: Blender create Mesh node Mushroom radial gill.105
12:08:30 | INFO: Blender create Mesh node Mushroom radial gill.106
12:08:30 | INFO: Blender create Mesh node Mushroom radial gill.107
12:08:30 | INFO: Blender create Mesh node Tiny floating glow spore.024
12:08:30 | INFO: Blender create Mesh node Tiny floating glow spore.025
12:08:30 | INFO: Blender create Mesh node Tiny floating glow spore.026
12:08:30 | INFO: Blender create Mesh node Bioluminescent cap spot.072
12:08:30 | INFO: Blender create Mesh node Bioluminescent cap spot.073
12:08:30 | INFO: Blender create Mesh node Bioluminescent cap spot.074
12:08:30 | INFO: Blender create Mesh node Bioluminescent cap spot.075
12:08:30 | INFO: Blender create Mesh node Bioluminescent cap spot.076
12:08:30 | INFO: Blender create Mesh node Bioluminescent cap spot.077
12:08:30 | INFO: Blender create Mesh node Bioluminescent cap spot.078
12:08:30 | INFO: Blender create Mesh node Bioluminescent cap spot.079
12:08:30 | INFO: Blender create Mesh node Broad faceted mushroom cap.009
12:08:30 | INFO: Blender create Mesh node Curving luminous mushroom stem.009
12:08:30 | INFO: Blender create Mesh node Luminous cap underside.009
12:08:30 | INFO: Blender create Mesh node Mushroom radial gill.108
12:08:30 | INFO: Blender create Mesh node Mushroom radial gill.109
12:08:30 | INFO: Blender create Mesh node Mushroom radial gill.110
12:08:30 | INFO: Blender create Mesh node Mushroom radial gill.111
12:08:30 | INFO: Blender create Mesh node Mushroom radial gill.112
12:08:30 | INFO: Blender create Mesh node Mushroom radial gill.113
12:08:30 | INFO: Blender create Mesh node Mushroom radial gill.114
12:08:30 | INFO: Blender create Mesh node Mushroom radial gill.115
12:08:30 | INFO: Blender create Mesh node Mushroom radial gill.116
12:08:30 | INFO: Blender create Mesh node Mushroom radial gill.117
12:08:30 | INFO: Blender create Mesh node Mushroom radial gill.118
12:08:30 | INFO: Blender create Mesh node Mushroom radial gill.119
12:08:30 | INFO: Blender create Mesh node Tiny floating glow spore.027
12:08:30 | INFO: Blender create Mesh node Tiny floating glow spore.028
12:08:30 | INFO: Blender create Mesh node Tiny floating glow spore.029
12:08:30 | INFO: Blender create Mesh node Bioluminescent cap spot.080
12:08:30 | INFO: Blender create Mesh node Bioluminescent cap spot.081
12:08:30 | INFO: Blender create Mesh node Bioluminescent cap spot.082
12:08:30 | INFO: Blender create Mesh node Bioluminescent cap spot.083
12:08:30 | INFO: Blender create Mesh node Bioluminescent cap spot.084
12:08:30 | INFO: Blender create Mesh node Bioluminescent cap spot.085
12:08:30 | INFO: Blender create Mesh node Bioluminescent cap spot.086
12:08:30 | INFO: Blender create Mesh node Bioluminescent cap spot.087
12:08:30 | INFO: Blender create Mesh node Broad faceted mushroom cap.010
12:08:30 | INFO: Blender create Mesh node Curving luminous mushroom stem.010
12:08:30 | INFO: Blender create Mesh node Luminous cap underside.010
12:08:30 | INFO: Blender create Mesh node Mushroom radial gill.120
12:08:30 | INFO: Blender create Mesh node Mushroom radial gill.121
12:08:30 | INFO: Blender create Mesh node Mushroom radial gill.122
12:08:30 | INFO: Blender create Mesh node Mushroom radial gill.123
12:08:30 | INFO: Blender create Mesh node Mushroom radial gill.124
12:08:30 | INFO: Blender create Mesh node Mushroom radial gill.125
12:08:30 | INFO: Blender create Mesh node Mushroom radial gill.126
12:08:30 | INFO: Blender create Mesh node Mushroom radial gill.127
12:08:30 | INFO: Blender create Mesh node Mushroom radial gill.128
12:08:30 | INFO: Blender create Mesh node Mushroom radial gill.129
12:08:30 | INFO: Blender create Mesh node Mushroom radial gill.130
12:08:30 | INFO: Blender create Mesh node Mushroom radial gill.131
12:08:30 | INFO: Blender create Mesh node Mushroom translucent stem groove.100
12:08:30 | INFO: Blender create Mesh node Mushroom translucent stem groove.101
12:08:30 | INFO: Blender create Mesh node Mushroom translucent stem groove.102
12:08:30 | INFO: Blender create Mesh node Mushroom translucent stem groove.103
12:08:30 | INFO: Blender create Mesh node Mushroom translucent stem groove.104
12:08:30 | INFO: Blender create Mesh node Mushroom translucent stem groove.105
12:08:30 | INFO: Blender create Mesh node Mushroom translucent stem groove.106
12:08:30 | INFO: Blender create Mesh node Mushroom translucent stem groove.107
12:08:30 | INFO: Blender create Mesh node Mushroom translucent stem groove.108
12:08:30 | INFO: Blender create Mesh node Mushroom translucent stem groove.109
12:08:30 | INFO: Blender create Mesh node Tiny floating glow spore.030
12:08:30 | INFO: Blender create Mesh node Tiny floating glow spore.031
12:08:30 | INFO: Blender create Mesh node Tiny floating glow spore.032
12:08:31 | INFO: glTF import finished in 0.41s
/home/bart/.treehouse/odot-game-assets-86a3a5/2/odot-game-assets/tools/asset_catalog/render_blender.py:41: DeprecationWarning: 'World.use_nodes' is expected to be removed in Blender 6.0
  scene.world.use_nodes = True
00:05.731  render           | Saved: '/home/bart/.treehouse/odot-game-assets-86a3a5/2/odot-game-assets/exports/thumbnails/environment/hex_glowing_mushrooms.rendering.png'
Blender 5.2.2 LTS (hash d13f752e3b9c built 2026-09-15 01:34:58)

Blender quit
12:08:36 | INFO: Data are loaded, start creating Blender stuff
12:08:36 | INFO: Blender create Mesh node Angular mossy forest boulder
12:08:36 | INFO: Blender create Mesh node Faceted magical crystal.001
12:08:36 | INFO: Blender create Mesh node Curled fern fiddlehead
12:08:36 | INFO: Blender create Mesh node Fern central stem
12:08:36 | INFO: Blender create Mesh node Fern central stem.001
12:08:36 | INFO: Blender create Mesh node Fern central stem.002
12:08:36 | INFO: Blender create Mesh node Fern central stem.003
12:08:36 | INFO: Blender create Mesh node Fern central stem.004
12:08:36 | INFO: Blender create Mesh node Fern central stem.005
12:08:36 | INFO: Blender create Mesh node Fern leaflet
12:08:36 | INFO: Blender create Mesh node Fern leaflet.001
12:08:36 | INFO: Blender create Mesh node Fern leaflet.002
12:08:36 | INFO: Blender create Mesh node Fern leaflet.003
12:08:36 | INFO: Blender create Mesh node Fern leaflet.004
12:08:36 | INFO: Blender create Mesh node Fern leaflet.005
12:08:36 | INFO: Blender create Mesh node Fern leaflet.006
12:08:36 | INFO: Blender create Mesh node Fern leaflet.007
12:08:36 | INFO: Blender create Mesh node Fern leaflet.008
12:08:36 | INFO: Blender create Mesh node Fern leaflet.009
12:08:36 | INFO: Blender create Mesh node Fern leaflet.010
12:08:36 | INFO: Blender create Mesh node Fern leaflet.011
12:08:36 | INFO: Blender create Mesh node Fern leaflet.012
12:08:36 | INFO: Blender create Mesh node Fern leaflet.013
12:08:36 | INFO: Blender create Mesh node Fern leaflet.014
12:08:36 | INFO: Blender create Mesh node Fern leaflet.015
12:08:36 | INFO: Blender create Mesh node Fern leaflet.016
12:08:36 | INFO: Blender create Mesh node Fern leaflet.017
12:08:36 | INFO: Blender create Mesh node Fern leaflet.018
12:08:36 | INFO: Blender create Mesh node Fern leaflet.019
12:08:36 | INFO: Blender create Mesh node Fern leaflet.020
12:08:36 | INFO: Blender create Mesh node Fern leaflet.021
12:08:36 | INFO: Blender create Mesh node Fern leaflet.022
12:08:36 | INFO: Blender create Mesh node Fern leaflet.023
12:08:36 | INFO: Blender create Mesh node Fern leaflet.024
12:08:36 | INFO: Blender create Mesh node Fern leaflet.025
12:08:36 | INFO: Blender create Mesh node Fern leaflet.026
12:08:36 | INFO: Blender create Mesh node Fern leaflet.027
12:08:36 | INFO: Blender create Mesh node Fern leaflet.028
12:08:36 | INFO: Blender create Mesh node Fern leaflet.029
12:08:36 | INFO: Blender create Mesh node Fern leaflet.030
12:08:36 | INFO: Blender create Mesh node Fern leaflet.031
12:08:36 | INFO: Blender create Mesh node Fern leaflet.032
12:08:36 | INFO: Blender create Mesh node Fern leaflet.033
12:08:36 | INFO: Blender create Mesh node Fern leaflet.034
12:08:36 | INFO: Blender create Mesh node Fern leaflet.035
12:08:36 | INFO: Blender create Mesh node Fern leaflet.036
12:08:36 | INFO: Blender create Mesh node Fern leaflet.037
12:08:36 | INFO: Blender create Mesh node Fern leaflet.038
12:08:36 | INFO: Blender create Mesh node Fern leaflet.039
12:08:36 | INFO: Blender create Mesh node Fern leaflet.040
12:08:36 | INFO: Blender create Mesh node Fern leaflet.041
12:08:36 | INFO: Blender create Mesh node Fern leaflet.042
12:08:36 | INFO: Blender create Mesh node Fern leaflet.043
12:08:36 | INFO: Blender create Mesh node Fern leaflet.044
12:08:36 | INFO: Blender create Mesh node Fern leaflet.045
12:08:36 | INFO: Blender create Mesh node Fern leaflet.046
12:08:36 | INFO: Blender create Mesh node Fern leaflet.047
12:08:36 | INFO: Blender create Mesh node Fern unfolding leaf tip
12:08:36 | INFO: Blender create Mesh node Fern unfolding leaf tip.001
12:08:36 | INFO: Blender create Mesh node Fine grasses around dreaming forest contacts
12:08:36 | INFO: Blender create Mesh node Standard hex earth layer
12:08:36 | INFO: Blender create Mesh node Standard hex meadow top
12:08:36 | INFO: Blender create Mesh node Standard hex stone foundation
12:08:36 | INFO: Blender create Mesh node Thin meadow rim shadow
12:08:36 | INFO: Blender create Mesh node Thin meadow rim shadow.001
12:08:36 | INFO: Blender create Mesh node Thin meadow rim shadow.002
12:08:36 | INFO: Blender create Mesh node Thin meadow rim shadow.003
12:08:36 | INFO: Blender create Mesh node Thin meadow rim shadow.004
12:08:36 | INFO: Blender create Mesh node Thin meadow rim shadow.005
12:08:36 | INFO: Blender create Mesh node Bioluminescent cap spot
12:08:36 | INFO: Blender create Mesh node Bioluminescent cap spot.001
12:08:36 | INFO: Blender create Mesh node Bioluminescent cap spot.002
12:08:36 | INFO: Blender create Mesh node Bioluminescent cap spot.003
12:08:36 | INFO: Blender create Mesh node Bioluminescent cap spot.004
12:08:36 | INFO: Blender create Mesh node Bioluminescent cap spot.005
12:08:36 | INFO: Blender create Mesh node Bioluminescent cap spot.006
12:08:36 | INFO: Blender create Mesh node Bioluminescent cap spot.007
12:08:36 | INFO: Blender create Mesh node Bioluminescent cap spot.008
12:08:36 | INFO: Blender create Mesh node Bioluminescent cap spot.009
12:08:36 | INFO: Blender create Mesh node Bioluminescent cap spot.010
12:08:36 | INFO: Blender create Mesh node Bioluminescent cap spot.011
12:08:36 | INFO: Blender create Mesh node Bioluminescent cap spot.012
12:08:36 | INFO: Blender create Mesh node Bioluminescent cap spot.013
12:08:36 | INFO: Blender create Mesh node Bioluminescent cap spot.014
12:08:36 | INFO: Blender create Mesh node Bioluminescent cap spot.015
12:08:36 | INFO: Blender create Mesh node Bioluminescent cap spot.016
12:08:36 | INFO: Blender create Mesh node Bioluminescent cap spot.017
12:08:36 | INFO: Blender create Mesh node Bioluminescent cap spot.018
12:08:36 | INFO: Blender create Mesh node Bioluminescent cap spot.019
12:08:36 | INFO: Blender create Mesh node Bioluminescent cap spot.020
12:08:36 | INFO: Blender create Mesh node Bioluminescent cap spot.021
12:08:36 | INFO: Blender create Mesh node Bioluminescent cap spot.022
12:08:36 | INFO: Blender create Mesh node Bioluminescent cap spot.023
12:08:36 | INFO: Blender create Mesh node Broad faceted mushroom cap
12:08:36 | INFO: Blender create Mesh node Broad faceted mushroom cap.001
12:08:36 | INFO: Blender create Mesh node Broad faceted mushroom cap.002
12:08:36 | INFO: Blender create Mesh node Crooked reaching bough
12:08:36 | INFO: Blender create Mesh node Crooked reaching bough.001
12:08:36 | INFO: Blender create Mesh node Curving luminous mushroom stem
12:08:36 | INFO: Blender create Mesh node Curving luminous mushroom stem.001
12:08:36 | INFO: Blender create Mesh node Curving luminous mushroom stem.002
12:08:36 | INFO: Blender create Mesh node Forked reaching twig
12:08:36 | INFO: Blender create Mesh node Forked reaching twig.001
12:08:36 | INFO: Blender create Mesh node Hollow watcher cheek timber
12:08:36 | INFO: Blender create Mesh node Hollow watcher cheek timber.001
12:08:36 | INFO: Blender create Mesh node Hollow watcher rear trunk
12:08:36 | INFO: Blender create Mesh node Luminous cap underside
12:08:36 | INFO: Blender create Mesh node Luminous cap underside.001
12:08:36 | INFO: Blender create Mesh node Luminous cap underside.002
12:08:36 | INFO: Blender create Mesh node Mushroom radial gill
12:08:36 | INFO: Blender create Mesh node Mushroom radial gill.001
12:08:36 | INFO: Blender create Mesh node Mushroom radial gill.002
12:08:36 | INFO: Blender create Mesh node Mushroom radial gill.003
12:08:36 | INFO: Blender create Mesh node Mushroom radial gill.004
12:08:36 | INFO: Blender create Mesh node Mushroom radial gill.005
12:08:36 | INFO: Blender create Mesh node Mushroom radial gill.006
12:08:36 | INFO: Blender create Mesh node Mushroom radial gill.007
12:08:36 | INFO: Blender create Mesh node Mushroom radial gill.008
12:08:36 | INFO: Blender create Mesh node Mushroom radial gill.009
12:08:36 | INFO: Blender create Mesh node Mushroom radial gill.010
12:08:36 | INFO: Blender create Mesh node Mushroom radial gill.011
12:08:36 | INFO: Blender create Mesh node Mushroom radial gill.012
12:08:36 | INFO: Blender create Mesh node Mushroom radial gill.013
12:08:36 | INFO: Blender create Mesh node Mushroom radial gill.014
12:08:36 | INFO: Blender create Mesh node Mushroom radial gill.015
12:08:36 | INFO: Blender create Mesh node Mushroom radial gill.016
12:08:36 | INFO: Blender create Mesh node Mushroom radial gill.017
12:08:36 | INFO: Blender create Mesh node Mushroom radial gill.018
12:08:36 | INFO: Blender create Mesh node Mushroom radial gill.019
12:08:36 | INFO: Blender create Mesh node Mushroom radial gill.020
12:08:36 | INFO: Blender create Mesh node Mushroom radial gill.021
12:08:36 | INFO: Blender create Mesh node Mushroom radial gill.022
12:08:36 | INFO: Blender create Mesh node Mushroom radial gill.023
12:08:36 | INFO: Blender create Mesh node Mushroom radial gill.024
12:08:36 | INFO: Blender create Mesh node Mushroom radial gill.025
12:08:36 | INFO: Blender create Mesh node Mushroom radial gill.026
12:08:36 | INFO: Blender create Mesh node Mushroom radial gill.027
12:08:36 | INFO: Blender create Mesh node Mushroom radial gill.028
12:08:36 | INFO: Blender create Mesh node Mushroom radial gill.029
12:08:36 | INFO: Blender create Mesh node Mushroom radial gill.030
12:08:36 | INFO: Blender create Mesh node Mushroom radial gill.031
12:08:36 | INFO: Blender create Mesh node Mushroom radial gill.032
12:08:36 | INFO: Blender create Mesh node Mushroom radial gill.033
12:08:36 | INFO: Blender create Mesh node Mushroom radial gill.034
12:08:36 | INFO: Blender create Mesh node Mushroom radial gill.035
12:08:36 | INFO: Blender create Mesh node Raised wooden brow
12:08:36 | INFO: Blender create Mesh node Raised wooden brow.001
12:08:36 | INFO: Blender create Mesh node Splayed dreaming tree root
12:08:36 | INFO: Blender create Mesh node Splayed dreaming tree root.001
12:08:36 | INFO: Blender create Mesh node Splayed dreaming tree root.002
12:08:36 | INFO: Blender create Mesh node Splayed dreaming tree root.003
12:08:36 | INFO: Blender create Mesh node Splayed dreaming tree root.004
12:08:36 | INFO: Blender create Mesh node Watcher spiral crown
12:08:36 | INFO: Blender create Mesh node Watchful recessed eye
12:08:36 | INFO: Blender create Mesh node Watchful recessed eye.001
12:08:36 | INFO: Blender create Mesh node Curled lantern flower stem
12:08:36 | INFO: Blender create Mesh node Hanging lilac lantern petal
12:08:36 | INFO: Blender create Mesh node Hanging lilac lantern petal.001
12:08:36 | INFO: Blender create Mesh node Hanging lilac lantern petal.002
12:08:36 | INFO: Blender create Mesh node Hanging lilac lantern petal.003
12:08:36 | INFO: Blender create Mesh node Hanging lilac lantern petal.004
12:08:36 | INFO: Blender create Mesh node Lantern flower broad leaf
12:08:36 | INFO: Blender create Mesh node Lantern flower broad leaf.001
12:08:36 | INFO: Blender create Mesh node Lantern flower warm heart
12:08:36 | INFO: Blender create Mesh node Coral lantern shell
12:08:36 | INFO: Blender create Mesh node Lantern seed calyx
12:08:36 | INFO: Blender create Mesh node Lantern seed calyx.001
12:08:36 | INFO: Blender create Mesh node Lantern seed calyx.002
12:08:36 | INFO: Blender create Mesh node Lantern seed calyx.003
12:08:36 | INFO: Blender create Mesh node Shell lantern seed
12:08:36 | INFO: Blender create Mesh node Snail dark eye
12:08:36 | INFO: Blender create Mesh node Snail dark eye.001
12:08:36 | INFO: Blender create Mesh node Snail eyestalk
12:08:36 | INFO: Blender create Mesh node Snail eyestalk.001
12:08:36 | INFO: Blender create Mesh node Snail rising neck
12:08:36 | INFO: Blender create Mesh node Snail round head
12:08:36 | INFO: Blender create Mesh node Snail shell broad spiral
12:08:36 | INFO: Blender create Mesh node Snail soft foot
12:08:36 | INFO: Blender create Mesh node Broad woodland leaf
12:08:36 | INFO: Blender create Mesh node Broad woodland leaf.001
12:08:36 | INFO: Blender create Mesh node Broad woodland leaf.002
12:08:36 | INFO: Blender create Mesh node Broad woodland leaf.003
12:08:36 | INFO: Blender create Mesh node Broad woodland leaf.004
12:08:36 | INFO: Blender create Mesh node Broad woodland leaf.005
12:08:36 | INFO: Blender create Mesh node Curled butterfly antenna.004
12:08:36 | INFO: Blender create Mesh node Curled butterfly antenna.005
12:08:36 | INFO: Blender create Mesh node Insect head.002
12:08:36 | INFO: Blender create Mesh node Painted butterfly wing.008
12:08:36 | INFO: Blender create Mesh node Painted butterfly wing.009
12:08:36 | INFO: Blender create Mesh node Painted butterfly wing.010
12:08:36 | INFO: Blender create Mesh node Painted butterfly wing.011
12:08:36 | INFO: Blender create Mesh node Velvet insect abdomen.002
12:08:36 | INFO: Blender create Mesh node Velvet insect thorax.002
12:08:36 | INFO: Blender create Mesh node Moss tiny sprouting mound
12:08:36 | INFO: Blender create Mesh node Moss tiny sprouting mound.001
12:08:36 | INFO: Blender create Mesh node Moss tiny sprouting mound.002
12:08:36 | INFO: Blender create Mesh node Soft moss patch
12:08:36 | INFO: Blender create Mesh node Soft moss patch.001
12:08:36 | INFO: Blender create Mesh node Soft moss patch.002
12:08:36 | INFO: Blender create Mesh node Bioluminescent cap spot.032
12:08:36 | INFO: Blender create Mesh node Bioluminescent cap spot.033
12:08:36 | INFO: Blender create Mesh node Bioluminescent cap spot.034
12:08:36 | INFO: Blender create Mesh node Bioluminescent cap spot.035
12:08:36 | INFO: Blender create Mesh node Bioluminescent cap spot.036
12:08:36 | INFO: Blender create Mesh node Bioluminescent cap spot.037
12:08:36 | INFO: Blender create Mesh node Bioluminescent cap spot.038
12:08:36 | INFO: Blender create Mesh node Bioluminescent cap spot.039
12:08:36 | INFO: Blender create Mesh node Broad faceted mushroom cap.004
12:08:36 | INFO: Blender create Mesh node Curving luminous mushroom stem.004
12:08:36 | INFO: Blender create Mesh node Luminous cap underside.004
12:08:36 | INFO: Blender create Mesh node Mushroom radial gill.048
12:08:36 | INFO: Blender create Mesh node Mushroom radial gill.049
12:08:36 | INFO: Blender create Mesh node Mushroom radial gill.050
12:08:36 | INFO: Blender create Mesh node Mushroom radial gill.051
12:08:36 | INFO: Blender create Mesh node Mushroom radial gill.052
12:08:36 | INFO: Blender create Mesh node Mushroom radial gill.053
12:08:36 | INFO: Blender create Mesh node Mushroom radial gill.054
12:08:36 | INFO: Blender create Mesh node Mushroom radial gill.055
12:08:36 | INFO: Blender create Mesh node Mushroom radial gill.056
12:08:36 | INFO: Blender create Mesh node Mushroom radial gill.057
12:08:36 | INFO: Blender create Mesh node Mushroom radial gill.058
12:08:36 | INFO: Blender create Mesh node Mushroom radial gill.059
12:08:36 | INFO: Blender create Mesh node Tiny floating glow spore
12:08:36 | INFO: Blender create Mesh node Tiny floating glow spore.001
12:08:36 | INFO: Blender create Mesh node Tiny floating glow spore.002
12:08:36 | INFO: Blender create Mesh node Bioluminescent cap spot.024
12:08:36 | INFO: Blender create Mesh node Bioluminescent cap spot.025
12:08:36 | INFO: Blender create Mesh node Bioluminescent cap spot.026
12:08:36 | INFO: Blender create Mesh node Bioluminescent cap spot.027
12:08:36 | INFO: Blender create Mesh node Bioluminescent cap spot.028
12:08:36 | INFO: Blender create Mesh node Bioluminescent cap spot.029
12:08:36 | INFO: Blender create Mesh node Bioluminescent cap spot.030
12:08:36 | INFO: Blender create Mesh node Bioluminescent cap spot.031
12:08:36 | INFO: Blender create Mesh node Broad faceted mushroom cap.003
12:08:36 | INFO: Blender create Mesh node Curving luminous mushroom stem.003
12:08:36 | INFO: Blender create Mesh node Luminous cap underside.003
12:08:36 | INFO: Blender create Mesh node Mushroom radial gill.036
12:08:36 | INFO: Blender create Mesh node Mushroom radial gill.037
12:08:36 | INFO: Blender create Mesh node Mushroom radial gill.038
12:08:36 | INFO: Blender create Mesh node Mushroom radial gill.039
12:08:36 | INFO: Blender create Mesh node Mushroom radial gill.040
12:08:36 | INFO: Blender create Mesh node Mushroom radial gill.041
12:08:36 | INFO: Blender create Mesh node Mushroom radial gill.042
12:08:36 | INFO: Blender create Mesh node Mushroom radial gill.043
12:08:36 | INFO: Blender create Mesh node Mushroom radial gill.044
12:08:36 | INFO: Blender create Mesh node Mushroom radial gill.045
12:08:36 | INFO: Blender create Mesh node Mushroom radial gill.046
12:08:36 | INFO: Blender create Mesh node Mushroom radial gill.047
12:08:36 | INFO: Blender create Mesh node Tiny floating glow spore.003
12:08:36 | INFO: Blender create Mesh node Tiny floating glow spore.004
12:08:36 | INFO: Blender create Mesh node Tiny floating glow spore.005
12:08:36 | INFO: Blender create Mesh node Bioluminescent cap spot.040
12:08:36 | INFO: Blender create Mesh node Bioluminescent cap spot.041
12:08:36 | INFO: Blender create Mesh node Bioluminescent cap spot.042
12:08:36 | INFO: Blender create Mesh node Bioluminescent cap spot.043
12:08:36 | INFO: Blender create Mesh node Bioluminescent cap spot.044
12:08:36 | INFO: Blender create Mesh node Bioluminescent cap spot.045
12:08:36 | INFO: Blender create Mesh node Bioluminescent cap spot.046
12:08:36 | INFO: Blender create Mesh node Bioluminescent cap spot.047
12:08:36 | INFO: Blender create Mesh node Broad faceted mushroom cap.005
12:08:36 | INFO: Blender create Mesh node Curving luminous mushroom stem.005
12:08:36 | INFO: Blender create Mesh node Luminous cap underside.005
12:08:36 | INFO: Blender create Mesh node Mushroom radial gill.060
12:08:36 | INFO: Blender create Mesh node Mushroom radial gill.061
12:08:36 | INFO: Blender create Mesh node Mushroom radial gill.062
12:08:36 | INFO: Blender create Mesh node Mushroom radial gill.063
12:08:36 | INFO: Blender create Mesh node Mushroom radial gill.064
12:08:36 | INFO: Blender create Mesh node Mushroom radial gill.065
12:08:36 | INFO: Blender create Mesh node Mushroom radial gill.066
12:08:36 | INFO: Blender create Mesh node Mushroom radial gill.067
12:08:36 | INFO: Blender create Mesh node Mushroom radial gill.068
12:08:36 | INFO: Blender create Mesh node Mushroom radial gill.069
12:08:36 | INFO: Blender create Mesh node Mushroom radial gill.070
12:08:36 | INFO: Blender create Mesh node Mushroom radial gill.071
12:08:36 | INFO: Blender create Mesh node Mushroom translucent stem groove.020
12:08:36 | INFO: Blender create Mesh node Mushroom translucent stem groove.021
12:08:36 | INFO: Blender create Mesh node Mushroom translucent stem groove.022
12:08:36 | INFO: Blender create Mesh node Mushroom translucent stem groove.023
12:08:36 | INFO: Blender create Mesh node Mushroom translucent stem groove.024
12:08:36 | INFO: Blender create Mesh node Mushroom translucent stem groove.025
12:08:36 | INFO: Blender create Mesh node Mushroom translucent stem groove.026
12:08:36 | INFO: Blender create Mesh node Mushroom translucent stem groove.027
12:08:36 | INFO: Blender create Mesh node Mushroom translucent stem groove.028
12:08:36 | INFO: Blender create Mesh node Mushroom translucent stem groove.029
12:08:36 | INFO: Blender create Mesh node Tiny floating glow spore.006
12:08:36 | INFO: Blender create Mesh node Tiny floating glow spore.007
12:08:36 | INFO: Blender create Mesh node Tiny floating glow spore.008
12:08:36 | INFO: Blender create Mesh node Dream fern curled frond
12:08:36 | INFO: Blender create Mesh node Dream fern curled frond.001
12:08:36 | INFO: Blender create Mesh node Dream fern curled frond.002
12:08:36 | INFO: Blender create Mesh node Dream fern teal leaflet
12:08:36 | INFO: Blender create Mesh node Dream fern teal leaflet.001
12:08:36 | INFO: Blender create Mesh node Dream fern teal leaflet.002
12:08:36 | INFO: Blender create Mesh node Dream fern teal leaflet.003
12:08:36 | INFO: Blender create Mesh node Dream fern teal leaflet.004
12:08:36 | INFO: Blender create Mesh node Dream fern teal leaflet.005
12:08:36 | INFO: Blender create Mesh node Dream fern teal leaflet.006
12:08:36 | INFO: Blender create Mesh node Dream fern teal leaflet.007
12:08:36 | INFO: Blender create Mesh node Dream fern teal leaflet.008
12:08:36 | INFO: Blender create Mesh node Dream fern teal leaflet.009
12:08:36 | INFO: Blender create Mesh node Dream fern teal leaflet.010
12:08:36 | INFO: Blender create Mesh node Dream fern teal leaflet.011
12:08:36 | INFO: Blender create Mesh node Dream fern teal leaflet.012
12:08:36 | INFO: Blender create Mesh node Dream fern teal leaflet.013
12:08:36 | INFO: Blender create Mesh node Dream fern teal leaflet.014
12:08:36 | INFO: Blender create Mesh node Dream fern teal leaflet.015
12:08:36 | INFO: Blender create Mesh node Dream fern teal leaflet.016
12:08:36 | INFO: Blender create Mesh node Dream fern teal leaflet.017
12:08:37 | INFO: glTF import finished in 0.47s
/home/bart/.treehouse/odot-game-assets-86a3a5/2/odot-game-assets/tools/asset_catalog/render_blender.py:41: DeprecationWarning: 'World.use_nodes' is expected to be removed in Blender 6.0
  scene.world.use_nodes = True
00:04.837  render           | Saved: '/home/bart/.treehouse/odot-game-assets-86a3a5/2/odot-game-assets/exports/thumbnails/environment/hex_hollow_watchers.rendering.png'
Blender 5.2.2 LTS (hash d13f752e3b9c built 2026-09-15 01:34:58)

Blender quit
12:08:41 | INFO: Data are loaded, start creating Blender stuff
12:08:41 | INFO: Blender create Mesh node Angular mossy forest boulder.006
12:08:41 | INFO: Blender create Mesh node Faceted magical crystal.010
12:08:41 | INFO: Blender create Mesh node Curled fern fiddlehead.006
12:08:41 | INFO: Blender create Mesh node Fern central stem.036
12:08:41 | INFO: Blender create Mesh node Fern central stem.037
12:08:41 | INFO: Blender create Mesh node Fern central stem.038
12:08:41 | INFO: Blender create Mesh node Fern central stem.039
12:08:41 | INFO: Blender create Mesh node Fern central stem.040
12:08:41 | INFO: Blender create Mesh node Fern central stem.041
12:08:41 | INFO: Blender create Mesh node Fern leaflet.288
12:08:41 | INFO: Blender create Mesh node Fern leaflet.289
12:08:41 | INFO: Blender create Mesh node Fern leaflet.290
12:08:41 | INFO: Blender create Mesh node Fern leaflet.291
12:08:41 | INFO: Blender create Mesh node Fern leaflet.292
12:08:41 | INFO: Blender create Mesh node Fern leaflet.293
12:08:41 | INFO: Blender create Mesh node Fern leaflet.294
12:08:41 | INFO: Blender create Mesh node Fern leaflet.295
12:08:41 | INFO: Blender create Mesh node Fern leaflet.296
12:08:41 | INFO: Blender create Mesh node Fern leaflet.297
12:08:41 | INFO: Blender create Mesh node Fern leaflet.298
12:08:41 | INFO: Blender create Mesh node Fern leaflet.299
12:08:41 | INFO: Blender create Mesh node Fern leaflet.300
12:08:41 | INFO: Blender create Mesh node Fern leaflet.301
12:08:41 | INFO: Blender create Mesh node Fern leaflet.302
12:08:41 | INFO: Blender create Mesh node Fern leaflet.303
12:08:41 | INFO: Blender create Mesh node Fern leaflet.304
12:08:41 | INFO: Blender create Mesh node Fern leaflet.305
12:08:41 | INFO: Blender create Mesh node Fern leaflet.306
12:08:41 | INFO: Blender create Mesh node Fern leaflet.307
12:08:41 | INFO: Blender create Mesh node Fern leaflet.308
12:08:41 | INFO: Blender create Mesh node Fern leaflet.309
12:08:41 | INFO: Blender create Mesh node Fern leaflet.310
12:08:41 | INFO: Blender create Mesh node Fern leaflet.311
12:08:41 | INFO: Blender create Mesh node Fern leaflet.312
12:08:41 | INFO: Blender create Mesh node Fern leaflet.313
12:08:41 | INFO: Blender create Mesh node Fern leaflet.314
12:08:41 | INFO: Blender create Mesh node Fern leaflet.315
12:08:41 | INFO: Blender create Mesh node Fern leaflet.316
12:08:41 | INFO: Blender create Mesh node Fern leaflet.317
12:08:41 | INFO: Blender create Mesh node Fern leaflet.318
12:08:41 | INFO: Blender create Mesh node Fern leaflet.319
12:08:41 | INFO: Blender create Mesh node Fern leaflet.320
12:08:41 | INFO: Blender create Mesh node Fern leaflet.321
12:08:41 | INFO: Blender create Mesh node Fern leaflet.322
12:08:41 | INFO: Blender create Mesh node Fern leaflet.323
12:08:41 | INFO: Blender create Mesh node Fern leaflet.324
12:08:41 | INFO: Blender create Mesh node Fern leaflet.325
12:08:41 | INFO: Blender create Mesh node Fern leaflet.326
12:08:41 | INFO: Blender create Mesh node Fern leaflet.327
12:08:41 | INFO: Blender create Mesh node Fern leaflet.328
12:08:41 | INFO: Blender create Mesh node Fern leaflet.329
12:08:41 | INFO: Blender create Mesh node Fern leaflet.330
12:08:41 | INFO: Blender create Mesh node Fern leaflet.331
12:08:41 | INFO: Blender create Mesh node Fern leaflet.332
12:08:41 | INFO: Blender create Mesh node Fern leaflet.333
12:08:41 | INFO: Blender create Mesh node Fern leaflet.334
12:08:41 | INFO: Blender create Mesh node Fern leaflet.335
12:08:41 | INFO: Blender create Mesh node Fern unfolding leaf tip.012
12:08:41 | INFO: Blender create Mesh node Fern unfolding leaf tip.013
12:08:41 | INFO: Blender create Mesh node Fine scattered woodland grasses.006
12:08:41 | INFO: Blender create Mesh node Flower center.018
12:08:41 | INFO: Blender create Mesh node Flower center.019
12:08:41 | INFO: Blender create Mesh node Flower center.020
12:08:41 | INFO: Blender create Mesh node Flower petal.090
12:08:41 | INFO: Blender create Mesh node Flower petal.091
12:08:41 | INFO: Blender create Mesh node Flower petal.092
12:08:41 | INFO: Blender create Mesh node Flower petal.093
12:08:41 | INFO: Blender create Mesh node Flower petal.094
12:08:41 | INFO: Blender create Mesh node Flower petal.095
12:08:41 | INFO: Blender create Mesh node Flower petal.096
12:08:41 | INFO: Blender create Mesh node Flower petal.097
12:08:41 | INFO: Blender create Mesh node Flower petal.098
12:08:41 | INFO: Blender create Mesh node Flower petal.099
12:08:41 | INFO: Blender create Mesh node Flower petal.100
12:08:41 | INFO: Blender create Mesh node Flower petal.101
12:08:41 | INFO: Blender create Mesh node Flower petal.102
12:08:41 | INFO: Blender create Mesh node Flower petal.103
12:08:41 | INFO: Blender create Mesh node Flower petal.104
12:08:41 | INFO: Blender create Mesh node Flower stem.018
12:08:41 | INFO: Blender create Mesh node Flower stem.019
12:08:41 | INFO: Blender create Mesh node Flower stem.020
12:08:41 | INFO: Blender create Mesh node Foam bead
12:08:41 | INFO: Blender create Mesh node Foam bead.001
12:08:41 | INFO: Blender create Mesh node Foam bead.002
12:08:41 | INFO: Blender create Mesh node Foam bead.003
12:08:41 | INFO: Blender create Mesh node Foam bead.004
12:08:41 | INFO: Blender create Mesh node River foam ripple
12:08:41 | INFO: Blender create Mesh node River foam ripple.001
12:08:41 | INFO: Blender create Mesh node River foam ripple.002
12:08:41 | INFO: Blender create Mesh node Continuous river water
12:08:41 | INFO: Blender create Mesh node Cut river bank
12:08:41 | INFO: Blender create Mesh node Cut river bank.001
12:08:41 | INFO: Blender create Mesh node Meadow river bank
12:08:41 | INFO: Blender create Mesh node Meadow river bank.001
12:08:41 | INFO: Blender create Mesh node River hex bed
12:08:41 | INFO: Blender create Mesh node River hex stone foundation
12:08:41 | INFO: Blender create Mesh node River reflected current
12:08:41 | INFO: Blender create Mesh node River reflected current.001
12:08:41 | INFO: Blender create Mesh node River reflected current.002
12:08:41 | INFO: Blender create Mesh node River reflected current.003
12:08:41 | INFO: Blender create Mesh node River reflected current.004
12:08:41 | INFO: Blender create Mesh node Lantern amber glass.001
12:08:41 | INFO: Blender create Mesh node Lantern bottom.001
12:08:41 | INFO: Blender create Mesh node Lantern chain.001
12:08:41 | INFO: Blender create Mesh node Lantern corner.004
12:08:41 | INFO: Blender create Mesh node Lantern corner.005
12:08:41 | INFO: Blender create Mesh node Lantern corner.006
12:08:41 | INFO: Blender create Mesh node Lantern corner.007
12:08:41 | INFO: Blender create Mesh node Lantern hanger.001
12:08:41 | INFO: Blender create Mesh node Lantern hot glass inset.001
12:08:41 | INFO: Blender create Mesh node Lantern post grain.002
12:08:41 | INFO: Blender create Mesh node Lantern post grain.003
12:08:41 | INFO: Blender create Mesh node Lantern roof.001
12:08:41 | INFO: Blender create Mesh node Woodland lantern bracket.001
12:08:41 | INFO: Blender create Mesh node Woodland lantern upright.001
12:08:41 | INFO: Blender create Mesh node Broad woodland leaf.036
12:08:41 | INFO: Blender create Mesh node Broad woodland leaf.037
12:08:41 | INFO: Blender create Mesh node Broad woodland leaf.038
12:08:41 | INFO: Blender create Mesh node Broad woodland leaf.039
12:08:41 | INFO: Blender create Mesh node Broad woodland leaf.040
12:08:41 | INFO: Blender create Mesh node Broad woodland leaf.041
12:08:41 | INFO: Blender create Mesh node Moss tiny sprouting mound.018
12:08:41 | INFO: Blender create Mesh node Moss tiny sprouting mound.019
12:08:41 | INFO: Blender create Mesh node Moss tiny sprouting mound.020
12:08:41 | INFO: Blender create Mesh node Soft moss patch.018
12:08:41 | INFO: Blender create Mesh node Soft moss patch.019
12:08:41 | INFO: Blender create Mesh node Soft moss patch.020
12:08:41 | INFO: Blender create Mesh node Bioluminescent cap spot.136
12:08:41 | INFO: Blender create Mesh node Bioluminescent cap spot.137
12:08:41 | INFO: Blender create Mesh node Bioluminescent cap spot.138
12:08:41 | INFO: Blender create Mesh node Bioluminescent cap spot.139
12:08:41 | INFO: Blender create Mesh node Bioluminescent cap spot.140
12:08:41 | INFO: Blender create Mesh node Bioluminescent cap spot.141
12:08:41 | INFO: Blender create Mesh node Bioluminescent cap spot.142
12:08:41 | INFO: Blender create Mesh node Bioluminescent cap spot.143
12:08:41 | INFO: Blender create Mesh node Broad faceted mushroom cap.017
12:08:41 | INFO: Blender create Mesh node Curving luminous mushroom stem.017
12:08:41 | INFO: Blender create Mesh node Luminous cap underside.017
12:08:41 | INFO: Blender create Mesh node Mushroom radial gill.204
12:08:41 | INFO: Blender create Mesh node Mushroom radial gill.205
12:08:41 | INFO: Blender create Mesh node Mushroom radial gill.206
12:08:41 | INFO: Blender create Mesh node Mushroom radial gill.207
12:08:41 | INFO: Blender create Mesh node Mushroom radial gill.208
12:08:41 | INFO: Blender create Mesh node Mushroom radial gill.209
12:08:41 | INFO: Blender create Mesh node Mushroom radial gill.210
12:08:41 | INFO: Blender create Mesh node Mushroom radial gill.211
12:08:41 | INFO: Blender create Mesh node Mushroom radial gill.212
12:08:41 | INFO: Blender create Mesh node Mushroom radial gill.213
12:08:41 | INFO: Blender create Mesh node Mushroom radial gill.214
12:08:41 | INFO: Blender create Mesh node Mushroom radial gill.215
12:08:41 | INFO: Blender create Mesh node Tiny floating glow spore.051
12:08:41 | INFO: Blender create Mesh node Tiny floating glow spore.052
12:08:41 | INFO: Blender create Mesh node Tiny floating glow spore.053
12:08:41 | INFO: Blender create Mesh node Bioluminescent cap spot.144
12:08:41 | INFO: Blender create Mesh node Bioluminescent cap spot.145
12:08:41 | INFO: Blender create Mesh node Bioluminescent cap spot.146
12:08:41 | INFO: Blender create Mesh node Bioluminescent cap spot.147
12:08:41 | INFO: Blender create Mesh node Bioluminescent cap spot.148
12:08:41 | INFO: Blender create Mesh node Bioluminescent cap spot.149
12:08:41 | INFO: Blender create Mesh node Bioluminescent cap spot.150
12:08:41 | INFO: Blender create Mesh node Bioluminescent cap spot.151
12:08:41 | INFO: Blender create Mesh node Broad faceted mushroom cap.018
12:08:41 | INFO: Blender create Mesh node Curving luminous mushroom stem.018
12:08:41 | INFO: Blender create Mesh node Luminous cap underside.018
12:08:41 | INFO: Blender create Mesh node Mushroom radial gill.216
12:08:41 | INFO: Blender create Mesh node Mushroom radial gill.217
12:08:41 | INFO: Blender create Mesh node Mushroom radial gill.218
12:08:41 | INFO: Blender create Mesh node Mushroom radial gill.219
12:08:41 | INFO: Blender create Mesh node Mushroom radial gill.220
12:08:41 | INFO: Blender create Mesh node Mushroom radial gill.221
12:08:41 | INFO: Blender create Mesh node Mushroom radial gill.222
12:08:41 | INFO: Blender create Mesh node Mushroom radial gill.223
12:08:41 | INFO: Blender create Mesh node Mushroom radial gill.224
12:08:41 | INFO: Blender create Mesh node Mushroom radial gill.225
12:08:41 | INFO: Blender create Mesh node Mushroom radial gill.226
12:08:41 | INFO: Blender create Mesh node Mushroom radial gill.227
12:08:41 | INFO: Blender create Mesh node Tiny floating glow spore.054
12:08:41 | INFO: Blender create Mesh node Tiny floating glow spore.055
12:08:41 | INFO: Blender create Mesh node Tiny floating glow spore.056
12:08:41 | INFO: Blender create Mesh node Bioluminescent cap spot.152
12:08:41 | INFO: Blender create Mesh node Bioluminescent cap spot.153
12:08:41 | INFO: Blender create Mesh node Bioluminescent cap spot.154
12:08:41 | INFO: Blender create Mesh node Bioluminescent cap spot.155
12:08:41 | INFO: Blender create Mesh node Bioluminescent cap spot.156
12:08:41 | INFO: Blender create Mesh node Bioluminescent cap spot.157
12:08:41 | INFO: Blender create Mesh node Bioluminescent cap spot.158
12:08:41 | INFO: Blender create Mesh node Bioluminescent cap spot.159
12:08:41 | INFO: Blender create Mesh node Broad faceted mushroom cap.019
12:08:41 | INFO: Blender create Mesh node Curving luminous mushroom stem.019
12:08:41 | INFO: Blender create Mesh node Luminous cap underside.019
12:08:41 | INFO: Blender create Mesh node Mushroom radial gill.228
12:08:41 | INFO: Blender create Mesh node Mushroom radial gill.229
12:08:41 | INFO: Blender create Mesh node Mushroom radial gill.230
12:08:41 | INFO: Blender create Mesh node Mushroom radial gill.231
12:08:41 | INFO: Blender create Mesh node Mushroom radial gill.232
12:08:41 | INFO: Blender create Mesh node Mushroom radial gill.233
12:08:41 | INFO: Blender create Mesh node Mushroom radial gill.234
12:08:41 | INFO: Blender create Mesh node Mushroom radial gill.235
12:08:41 | INFO: Blender create Mesh node Mushroom radial gill.236
12:08:41 | INFO: Blender create Mesh node Mushroom radial gill.237
12:08:41 | INFO: Blender create Mesh node Mushroom radial gill.238
12:08:41 | INFO: Blender create Mesh node Mushroom radial gill.239
12:08:41 | INFO: Blender create Mesh node Mushroom translucent stem groove.190
12:08:41 | INFO: Blender create Mesh node Mushroom translucent stem groove.191
12:08:41 | INFO: Blender create Mesh node Mushroom translucent stem groove.192
12:08:41 | INFO: Blender create Mesh node Mushroom translucent stem groove.193
12:08:41 | INFO: Blender create Mesh node Mushroom translucent stem groove.194
12:08:41 | INFO: Blender create Mesh node Mushroom translucent stem groove.195
12:08:41 | INFO: Blender create Mesh node Mushroom translucent stem groove.196
12:08:41 | INFO: Blender create Mesh node Mushroom translucent stem groove.197
12:08:41 | INFO: Blender create Mesh node Mushroom translucent stem groove.198
12:08:41 | INFO: Blender create Mesh node Mushroom translucent stem groove.199
12:08:41 | INFO: Blender create Mesh node Tiny floating glow spore.057
12:08:41 | INFO: Blender create Mesh node Tiny floating glow spore.058
12:08:41 | INFO: Blender create Mesh node Tiny floating glow spore.059
12:08:41 | INFO: Blender create Mesh node Stone bridge arch voussoir
12:08:41 | INFO: Blender create Mesh node Forest bridge dressed stone
12:08:41 | INFO: Blender create Mesh node Opaque stylized waterfall
12:08:41 | INFO: Blender create Mesh node Waterfall fine streak
12:08:41 | INFO: Blender create Mesh node Waterfall fine streak.001
12:08:41 | INFO: Blender create Mesh node Waterfall fine streak.002
12:08:41 | INFO: Blender create Mesh node Waterfall foam streak
12:08:41 | INFO: Blender create Mesh node Waterfall foam streak.001
12:08:41 | INFO: Blender create Mesh node Waterfall foam streak.002
12:08:41 | INFO: Blender create Mesh node Waterfall foam streak.003
12:08:41 | INFO: glTF import finished in 0.43s
/home/bart/.treehouse/odot-game-assets-86a3a5/2/odot-game-assets/tools/asset_catalog/render_blender.py:41: DeprecationWarning: 'World.use_nodes' is expected to be removed in Blender 6.0
  scene.world.use_nodes = True
00:04.976  render           | Saved: '/home/bart/.treehouse/odot-game-assets-86a3a5/2/odot-game-assets/exports/thumbnails/environment/hex_lantern_bridge.rendering.png'
Blender 5.2.2 LTS (hash d13f752e3b9c built 2026-09-15 01:34:58)

Blender quit
12:08:46 | INFO: Data are loaded, start creating Blender stuff
12:08:46 | INFO: Blender create Mesh node Angular mossy forest boulder.001
12:08:46 | INFO: Blender create Mesh node Broad woodland leaf.006
12:08:46 | INFO: Blender create Mesh node Broad woodland leaf.007
12:08:46 | INFO: Blender create Mesh node Broad woodland leaf.008
12:08:46 | INFO: Blender create Mesh node Broad woodland leaf.009
12:08:46 | INFO: Blender create Mesh node Broad woodland leaf.010
12:08:46 | INFO: Blender create Mesh node Broad woodland leaf.011
12:08:46 | INFO: Blender create Mesh node Moss tiny sprouting mound.003
12:08:46 | INFO: Blender create Mesh node Moss tiny sprouting mound.004
12:08:46 | INFO: Blender create Mesh node Moss tiny sprouting mound.005
12:08:46 | INFO: Blender create Mesh node Soft moss patch.003
12:08:46 | INFO: Blender create Mesh node Soft moss patch.004
12:08:46 | INFO: Blender create Mesh node Soft moss patch.005
12:08:46 | INFO: Blender create Mesh node Faceted magical crystal.002
12:08:46 | INFO: Blender create Mesh node Faceted magical crystal.003
12:08:46 | INFO: Blender create Mesh node Curled fern fiddlehead.001
12:08:46 | INFO: Blender create Mesh node Fern central stem.006
12:08:46 | INFO: Blender create Mesh node Fern central stem.007
12:08:46 | INFO: Blender create Mesh node Fern central stem.008
12:08:46 | INFO: Blender create Mesh node Fern central stem.009
12:08:46 | INFO: Blender create Mesh node Fern central stem.010
12:08:46 | INFO: Blender create Mesh node Fern central stem.011
12:08:46 | INFO: Blender create Mesh node Fern leaflet.048
12:08:46 | INFO: Blender create Mesh node Fern leaflet.049
12:08:46 | INFO: Blender create Mesh node Fern leaflet.050
12:08:46 | INFO: Blender create Mesh node Fern leaflet.051
12:08:46 | INFO: Blender create Mesh node Fern leaflet.052
12:08:46 | INFO: Blender create Mesh node Fern leaflet.053
12:08:46 | INFO: Blender create Mesh node Fern leaflet.054
12:08:46 | INFO: Blender create Mesh node Fern leaflet.055
12:08:46 | INFO: Blender create Mesh node Fern leaflet.056
12:08:46 | INFO: Blender create Mesh node Fern leaflet.057
12:08:46 | INFO: Blender create Mesh node Fern leaflet.058
12:08:46 | INFO: Blender create Mesh node Fern leaflet.059
12:08:46 | INFO: Blender create Mesh node Fern leaflet.060
12:08:46 | INFO: Blender create Mesh node Fern leaflet.061
12:08:46 | INFO: Blender create Mesh node Fern leaflet.062
12:08:46 | INFO: Blender create Mesh node Fern leaflet.063
12:08:46 | INFO: Blender create Mesh node Fern leaflet.064
12:08:46 | INFO: Blender create Mesh node Fern leaflet.065
12:08:46 | INFO: Blender create Mesh node Fern leaflet.066
12:08:46 | INFO: Blender create Mesh node Fern leaflet.067
12:08:46 | INFO: Blender create Mesh node Fern leaflet.068
12:08:46 | INFO: Blender create Mesh node Fern leaflet.069
12:08:46 | INFO: Blender create Mesh node Fern leaflet.070
12:08:46 | INFO: Blender create Mesh node Fern leaflet.071
12:08:46 | INFO: Blender create Mesh node Fern leaflet.072
12:08:46 | INFO: Blender create Mesh node Fern leaflet.073
12:08:46 | INFO: Blender create Mesh node Fern leaflet.074
12:08:46 | INFO: Blender create Mesh node Fern leaflet.075
12:08:46 | INFO: Blender create Mesh node Fern leaflet.076
12:08:46 | INFO: Blender create Mesh node Fern leaflet.077
12:08:46 | INFO: Blender create Mesh node Fern leaflet.078
12:08:46 | INFO: Blender create Mesh node Fern leaflet.079
12:08:46 | INFO: Blender create Mesh node Fern leaflet.080
12:08:46 | INFO: Blender create Mesh node Fern leaflet.081
12:08:46 | INFO: Blender create Mesh node Fern leaflet.082
12:08:46 | INFO: Blender create Mesh node Fern leaflet.083
12:08:46 | INFO: Blender create Mesh node Fern leaflet.084
12:08:46 | INFO: Blender create Mesh node Fern leaflet.085
12:08:46 | INFO: Blender create Mesh node Fern leaflet.086
12:08:46 | INFO: Blender create Mesh node Fern leaflet.087
12:08:46 | INFO: Blender create Mesh node Fern leaflet.088
12:08:46 | INFO: Blender create Mesh node Fern leaflet.089
12:08:46 | INFO: Blender create Mesh node Fern leaflet.090
12:08:46 | INFO: Blender create Mesh node Fern leaflet.091
12:08:46 | INFO: Blender create Mesh node Fern leaflet.092
12:08:46 | INFO: Blender create Mesh node Fern leaflet.093
12:08:46 | INFO: Blender create Mesh node Fern leaflet.094
12:08:46 | INFO: Blender create Mesh node Fern leaflet.095
12:08:46 | INFO: Blender create Mesh node Fern unfolding leaf tip.002
12:08:46 | INFO: Blender create Mesh node Fern unfolding leaf tip.003
12:08:46 | INFO: Blender create Mesh node Fine scattered woodland grasses.001
12:08:46 | INFO: Blender create Mesh node Flower center.003
12:08:46 | INFO: Blender create Mesh node Flower center.004
12:08:46 | INFO: Blender create Mesh node Flower center.005
12:08:46 | INFO: Blender create Mesh node Flower petal.015
12:08:46 | INFO: Blender create Mesh node Flower petal.016
12:08:46 | INFO: Blender create Mesh node Flower petal.017
12:08:46 | INFO: Blender create Mesh node Flower petal.018
12:08:46 | INFO: Blender create Mesh node Flower petal.019
12:08:46 | INFO: Blender create Mesh node Flower petal.020
12:08:46 | INFO: Blender create Mesh node Flower petal.021
12:08:46 | INFO: Blender create Mesh node Flower petal.022
12:08:46 | INFO: Blender create Mesh node Flower petal.023
12:08:46 | INFO: Blender create Mesh node Flower petal.024
12:08:46 | INFO: Blender create Mesh node Flower petal.025
12:08:46 | INFO: Blender create Mesh node Flower petal.026
12:08:46 | INFO: Blender create Mesh node Flower petal.027
12:08:46 | INFO: Blender create Mesh node Flower petal.028
12:08:46 | INFO: Blender create Mesh node Flower petal.029
12:08:46 | INFO: Blender create Mesh node Flower stem.003
12:08:46 | INFO: Blender create Mesh node Flower stem.004
12:08:46 | INFO: Blender create Mesh node Flower stem.005
12:08:46 | INFO: Blender create Mesh node Standard hex earth layer.001
12:08:46 | INFO: Blender create Mesh node Standard hex meadow top.001
12:08:46 | INFO: Blender create Mesh node Standard hex stone foundation.001
12:08:46 | INFO: Blender create Mesh node Thin meadow rim shadow.006
12:08:46 | INFO: Blender create Mesh node Thin meadow rim shadow.007
12:08:46 | INFO: Blender create Mesh node Thin meadow rim shadow.008
12:08:46 | INFO: Blender create Mesh node Thin meadow rim shadow.009
12:08:46 | INFO: Blender create Mesh node Thin meadow rim shadow.010
12:08:46 | INFO: Blender create Mesh node Thin meadow rim shadow.011
12:08:46 | INFO: Blender create Mesh node Bioluminescent cap spot.024
12:08:46 | INFO: Blender create Mesh node Bioluminescent cap spot.025
12:08:46 | INFO: Blender create Mesh node Bioluminescent cap spot.026
12:08:46 | INFO: Blender create Mesh node Bioluminescent cap spot.027
12:08:46 | INFO: Blender create Mesh node Bioluminescent cap spot.028
12:08:46 | INFO: Blender create Mesh node Bioluminescent cap spot.029
12:08:46 | INFO: Blender create Mesh node Bioluminescent cap spot.030
12:08:46 | INFO: Blender create Mesh node Bioluminescent cap spot.031
12:08:46 | INFO: Blender create Mesh node Broad faceted mushroom cap.003
12:08:46 | INFO: Blender create Mesh node Curving luminous mushroom stem.003
12:08:46 | INFO: Blender create Mesh node Luminous cap underside.003
12:08:46 | INFO: Blender create Mesh node Mushroom radial gill.036
12:08:46 | INFO: Blender create Mesh node Mushroom radial gill.037
12:08:46 | INFO: Blender create Mesh node Mushroom radial gill.038
12:08:46 | INFO: Blender create Mesh node Mushroom radial gill.039
12:08:46 | INFO: Blender create Mesh node Mushroom radial gill.040
12:08:46 | INFO: Blender create Mesh node Mushroom radial gill.041
12:08:46 | INFO: Blender create Mesh node Mushroom radial gill.042
12:08:46 | INFO: Blender create Mesh node Mushroom radial gill.043
12:08:46 | INFO: Blender create Mesh node Mushroom radial gill.044
12:08:46 | INFO: Blender create Mesh node Mushroom radial gill.045
12:08:46 | INFO: Blender create Mesh node Mushroom radial gill.046
12:08:46 | INFO: Blender create Mesh node Mushroom radial gill.047
12:08:46 | INFO: Blender create Mesh node Tiny floating glow spore.009
12:08:46 | INFO: Blender create Mesh node Tiny floating glow spore.010
12:08:46 | INFO: Blender create Mesh node Tiny floating glow spore.011
12:08:46 | INFO: Blender create Mesh node Bioluminescent cap spot.032
12:08:46 | INFO: Blender create Mesh node Bioluminescent cap spot.033
12:08:46 | INFO: Blender create Mesh node Bioluminescent cap spot.034
12:08:46 | INFO: Blender create Mesh node Bioluminescent cap spot.035
12:08:46 | INFO: Blender create Mesh node Bioluminescent cap spot.036
12:08:46 | INFO: Blender create Mesh node Bioluminescent cap spot.037
12:08:46 | INFO: Blender create Mesh node Bioluminescent cap spot.038
12:08:46 | INFO: Blender create Mesh node Bioluminescent cap spot.039
12:08:46 | INFO: Blender create Mesh node Broad faceted mushroom cap.004
12:08:46 | INFO: Blender create Mesh node Curving luminous mushroom stem.004
12:08:46 | INFO: Blender create Mesh node Luminous cap underside.004
12:08:46 | INFO: Blender create Mesh node Mushroom radial gill.048
12:08:46 | INFO: Blender create Mesh node Mushroom radial gill.049
12:08:46 | INFO: Blender create Mesh node Mushroom radial gill.050
12:08:46 | INFO: Blender create Mesh node Mushroom radial gill.051
12:08:46 | INFO: Blender create Mesh node Mushroom radial gill.052
12:08:46 | INFO: Blender create Mesh node Mushroom radial gill.053
12:08:46 | INFO: Blender create Mesh node Mushroom radial gill.054
12:08:46 | INFO: Blender create Mesh node Mushroom radial gill.055
12:08:46 | INFO: Blender create Mesh node Mushroom radial gill.056
12:08:46 | INFO: Blender create Mesh node Mushroom radial gill.057
12:08:46 | INFO: Blender create Mesh node Mushroom radial gill.058
12:08:46 | INFO: Blender create Mesh node Mushroom radial gill.059
12:08:46 | INFO: Blender create Mesh node Tiny floating glow spore.012
12:08:46 | INFO: Blender create Mesh node Tiny floating glow spore.013
12:08:46 | INFO: Blender create Mesh node Tiny floating glow spore.014
12:08:46 | INFO: Blender create Mesh node Bioluminescent cap spot.040
12:08:46 | INFO: Blender create Mesh node Bioluminescent cap spot.041
12:08:46 | INFO: Blender create Mesh node Bioluminescent cap spot.042
12:08:46 | INFO: Blender create Mesh node Bioluminescent cap spot.043
12:08:46 | INFO: Blender create Mesh node Bioluminescent cap spot.044
12:08:46 | INFO: Blender create Mesh node Bioluminescent cap spot.045
12:08:46 | INFO: Blender create Mesh node Bioluminescent cap spot.046
12:08:46 | INFO: Blender create Mesh node Bioluminescent cap spot.047
12:08:46 | INFO: Blender create Mesh node Broad faceted mushroom cap.005
12:08:46 | INFO: Blender create Mesh node Curving luminous mushroom stem.005
12:08:46 | INFO: Blender create Mesh node Luminous cap underside.005
12:08:46 | INFO: Blender create Mesh node Mushroom radial gill.060
12:08:46 | INFO: Blender create Mesh node Mushroom radial gill.061
12:08:46 | INFO: Blender create Mesh node Mushroom radial gill.062
12:08:46 | INFO: Blender create Mesh node Mushroom radial gill.063
12:08:46 | INFO: Blender create Mesh node Mushroom radial gill.064
12:08:46 | INFO: Blender create Mesh node Mushroom radial gill.065
12:08:46 | INFO: Blender create Mesh node Mushroom radial gill.066
12:08:46 | INFO: Blender create Mesh node Mushroom radial gill.067
12:08:46 | INFO: Blender create Mesh node Mushroom radial gill.068
12:08:47 | INFO: Blender create Mesh node Mushroom radial gill.069
12:08:47 | INFO: Blender create Mesh node Mushroom radial gill.070
12:08:47 | INFO: Blender create Mesh node Mushroom radial gill.071
12:08:47 | INFO: Blender create Mesh node Mushroom translucent stem groove.050
12:08:47 | INFO: Blender create Mesh node Mushroom translucent stem groove.051
12:08:47 | INFO: Blender create Mesh node Mushroom translucent stem groove.052
12:08:47 | INFO: Blender create Mesh node Mushroom translucent stem groove.053
12:08:47 | INFO: Blender create Mesh node Mushroom translucent stem groove.054
12:08:47 | INFO: Blender create Mesh node Mushroom translucent stem groove.055
12:08:47 | INFO: Blender create Mesh node Mushroom translucent stem groove.056
12:08:47 | INFO: Blender create Mesh node Mushroom translucent stem groove.057
12:08:47 | INFO: Blender create Mesh node Mushroom translucent stem groove.058
12:08:47 | INFO: Blender create Mesh node Mushroom translucent stem groove.059
12:08:47 | INFO: Blender create Mesh node Tiny floating glow spore.015
12:08:47 | INFO: Blender create Mesh node Tiny floating glow spore.016
12:08:47 | INFO: Blender create Mesh node Tiny floating glow spore.017
12:08:47 | INFO: glTF import finished in 0.43s
/home/bart/.treehouse/odot-game-assets-86a3a5/2/odot-game-assets/tools/asset_catalog/render_blender.py:41: DeprecationWarning: 'World.use_nodes' is expected to be removed in Blender 6.0
  scene.world.use_nodes = True
00:05.659  render           | Saved: '/home/bart/.treehouse/odot-game-assets-86a3a5/2/odot-game-assets/exports/thumbnails/environment/hex_mystical_grove.rendering.png'
Blender 5.2.2 LTS (hash d13f752e3b9c built 2026-09-15 01:34:58)

Blender quit
12:08:52 | INFO: Data are loaded, start creating Blender stuff
12:08:52 | INFO: Blender create Mesh node Angular mossy forest boulder.002
12:08:52 | INFO: Blender create Mesh node Broad woodland leaf.012
12:08:52 | INFO: Blender create Mesh node Broad woodland leaf.013
12:08:52 | INFO: Blender create Mesh node Broad woodland leaf.014
12:08:52 | INFO: Blender create Mesh node Broad woodland leaf.015
12:08:52 | INFO: Blender create Mesh node Broad woodland leaf.016
12:08:52 | INFO: Blender create Mesh node Broad woodland leaf.017
12:08:52 | INFO: Blender create Mesh node Moss tiny sprouting mound.006
12:08:52 | INFO: Blender create Mesh node Moss tiny sprouting mound.007
12:08:52 | INFO: Blender create Mesh node Moss tiny sprouting mound.008
12:08:52 | INFO: Blender create Mesh node Soft moss patch.006
12:08:52 | INFO: Blender create Mesh node Soft moss patch.007
12:08:52 | INFO: Blender create Mesh node Soft moss patch.008
12:08:52 | INFO: Blender create Mesh node Faceted magical crystal.004
12:08:52 | INFO: Blender create Mesh node Curled fern fiddlehead.002
12:08:52 | INFO: Blender create Mesh node Fern central stem.012
12:08:52 | INFO: Blender create Mesh node Fern central stem.013
12:08:52 | INFO: Blender create Mesh node Fern central stem.014
12:08:52 | INFO: Blender create Mesh node Fern central stem.015
12:08:52 | INFO: Blender create Mesh node Fern central stem.016
12:08:52 | INFO: Blender create Mesh node Fern central stem.017
12:08:52 | INFO: Blender create Mesh node Fern leaflet.096
12:08:52 | INFO: Blender create Mesh node Fern leaflet.097
12:08:52 | INFO: Blender create Mesh node Fern leaflet.098
12:08:52 | INFO: Blender create Mesh node Fern leaflet.099
12:08:52 | INFO: Blender create Mesh node Fern leaflet.100
12:08:52 | INFO: Blender create Mesh node Fern leaflet.101
12:08:52 | INFO: Blender create Mesh node Fern leaflet.102
12:08:52 | INFO: Blender create Mesh node Fern leaflet.103
12:08:52 | INFO: Blender create Mesh node Fern leaflet.104
12:08:52 | INFO: Blender create Mesh node Fern leaflet.105
12:08:52 | INFO: Blender create Mesh node Fern leaflet.106
12:08:52 | INFO: Blender create Mesh node Fern leaflet.107
12:08:52 | INFO: Blender create Mesh node Fern leaflet.108
12:08:52 | INFO: Blender create Mesh node Fern leaflet.109
12:08:52 | INFO: Blender create Mesh node Fern leaflet.110
12:08:52 | INFO: Blender create Mesh node Fern leaflet.111
12:08:52 | INFO: Blender create Mesh node Fern leaflet.112
12:08:52 | INFO: Blender create Mesh node Fern leaflet.113
12:08:52 | INFO: Blender create Mesh node Fern leaflet.114
12:08:52 | INFO: Blender create Mesh node Fern leaflet.115
12:08:52 | INFO: Blender create Mesh node Fern leaflet.116
12:08:52 | INFO: Blender create Mesh node Fern leaflet.117
12:08:52 | INFO: Blender create Mesh node Fern leaflet.118
12:08:52 | INFO: Blender create Mesh node Fern leaflet.119
12:08:52 | INFO: Blender create Mesh node Fern leaflet.120
12:08:52 | INFO: Blender create Mesh node Fern leaflet.121
12:08:52 | INFO: Blender create Mesh node Fern leaflet.122
12:08:52 | INFO: Blender create Mesh node Fern leaflet.123
12:08:52 | INFO: Blender create Mesh node Fern leaflet.124
12:08:52 | INFO: Blender create Mesh node Fern leaflet.125
12:08:52 | INFO: Blender create Mesh node Fern leaflet.126
12:08:52 | INFO: Blender create Mesh node Fern leaflet.127
12:08:52 | INFO: Blender create Mesh node Fern leaflet.128
12:08:52 | INFO: Blender create Mesh node Fern leaflet.129
12:08:52 | INFO: Blender create Mesh node Fern leaflet.130
12:08:52 | INFO: Blender create Mesh node Fern leaflet.131
12:08:52 | INFO: Blender create Mesh node Fern leaflet.132
12:08:52 | INFO: Blender create Mesh node Fern leaflet.133
12:08:52 | INFO: Blender create Mesh node Fern leaflet.134
12:08:52 | INFO: Blender create Mesh node Fern leaflet.135
12:08:52 | INFO: Blender create Mesh node Fern leaflet.136
12:08:52 | INFO: Blender create Mesh node Fern leaflet.137
12:08:52 | INFO: Blender create Mesh node Fern leaflet.138
12:08:52 | INFO: Blender create Mesh node Fern leaflet.139
12:08:52 | INFO: Blender create Mesh node Fern leaflet.140
12:08:52 | INFO: Blender create Mesh node Fern leaflet.141
12:08:52 | INFO: Blender create Mesh node Fern leaflet.142
12:08:52 | INFO: Blender create Mesh node Fern leaflet.143
12:08:52 | INFO: Blender create Mesh node Fern unfolding leaf tip.004
12:08:52 | INFO: Blender create Mesh node Fern unfolding leaf tip.005
12:08:52 | INFO: Blender create Mesh node Fine scattered woodland grasses.002
12:08:52 | INFO: Blender create Mesh node Flower center.006
12:08:52 | INFO: Blender create Mesh node Flower center.007
12:08:52 | INFO: Blender create Mesh node Flower center.008
12:08:52 | INFO: Blender create Mesh node Flower petal.030
12:08:52 | INFO: Blender create Mesh node Flower petal.031
12:08:52 | INFO: Blender create Mesh node Flower petal.032
12:08:52 | INFO: Blender create Mesh node Flower petal.033
12:08:52 | INFO: Blender create Mesh node Flower petal.034
12:08:52 | INFO: Blender create Mesh node Flower petal.035
12:08:52 | INFO: Blender create Mesh node Flower petal.036
12:08:52 | INFO: Blender create Mesh node Flower petal.037
12:08:52 | INFO: Blender create Mesh node Flower petal.038
12:08:52 | INFO: Blender create Mesh node Flower petal.039
12:08:52 | INFO: Blender create Mesh node Flower petal.040
12:08:52 | INFO: Blender create Mesh node Flower petal.041
12:08:52 | INFO: Blender create Mesh node Flower petal.042
12:08:52 | INFO: Blender create Mesh node Flower petal.043
12:08:52 | INFO: Blender create Mesh node Flower petal.044
12:08:52 | INFO: Blender create Mesh node Flower stem.006
12:08:52 | INFO: Blender create Mesh node Flower stem.007
12:08:52 | INFO: Blender create Mesh node Flower stem.008
12:08:52 | INFO: Blender create Mesh node Standard hex earth layer.002
12:08:52 | INFO: Blender create Mesh node Standard hex meadow top.002
12:08:52 | INFO: Blender create Mesh node Standard hex stone foundation.002
12:08:52 | INFO: Blender create Mesh node Thin meadow rim shadow.012
12:08:52 | INFO: Blender create Mesh node Thin meadow rim shadow.013
12:08:52 | INFO: Blender create Mesh node Thin meadow rim shadow.014
12:08:52 | INFO: Blender create Mesh node Thin meadow rim shadow.015
12:08:52 | INFO: Blender create Mesh node Thin meadow rim shadow.016
12:08:52 | INFO: Blender create Mesh node Thin meadow rim shadow.017
12:08:52 | INFO: Blender create Mesh node Lantern amber glass
12:08:52 | INFO: Blender create Mesh node Lantern bottom
12:08:52 | INFO: Blender create Mesh node Lantern chain
12:08:52 | INFO: Blender create Mesh node Lantern corner
12:08:52 | INFO: Blender create Mesh node Lantern corner.001
12:08:52 | INFO: Blender create Mesh node Lantern corner.002
12:08:52 | INFO: Blender create Mesh node Lantern corner.003
12:08:52 | INFO: Blender create Mesh node Lantern hanger
12:08:52 | INFO: Blender create Mesh node Lantern hot glass inset
12:08:52 | INFO: Blender create Mesh node Lantern post grain
12:08:52 | INFO: Blender create Mesh node Lantern post grain.001
12:08:52 | INFO: Blender create Mesh node Lantern roof
12:08:52 | INFO: Blender create Mesh node Woodland lantern bracket
12:08:52 | INFO: Blender create Mesh node Woodland lantern upright
12:08:52 | INFO: Blender create Mesh node Bioluminescent cap spot.048
12:08:52 | INFO: Blender create Mesh node Bioluminescent cap spot.049
12:08:52 | INFO: Blender create Mesh node Bioluminescent cap spot.050
12:08:52 | INFO: Blender create Mesh node Bioluminescent cap spot.051
12:08:52 | INFO: Blender create Mesh node Bioluminescent cap spot.052
12:08:52 | INFO: Blender create Mesh node Bioluminescent cap spot.053
12:08:52 | INFO: Blender create Mesh node Bioluminescent cap spot.054
12:08:52 | INFO: Blender create Mesh node Bioluminescent cap spot.055
12:08:52 | INFO: Blender create Mesh node Broad faceted mushroom cap.006
12:08:52 | INFO: Blender create Mesh node Curving luminous mushroom stem.006
12:08:52 | INFO: Blender create Mesh node Luminous cap underside.006
12:08:52 | INFO: Blender create Mesh node Mushroom radial gill.072
12:08:52 | INFO: Blender create Mesh node Mushroom radial gill.073
12:08:52 | INFO: Blender create Mesh node Mushroom radial gill.074
12:08:52 | INFO: Blender create Mesh node Mushroom radial gill.075
12:08:52 | INFO: Blender create Mesh node Mushroom radial gill.076
12:08:52 | INFO: Blender create Mesh node Mushroom radial gill.077
12:08:52 | INFO: Blender create Mesh node Mushroom radial gill.078
12:08:52 | INFO: Blender create Mesh node Mushroom radial gill.079
12:08:52 | INFO: Blender create Mesh node Mushroom radial gill.080
12:08:52 | INFO: Blender create Mesh node Mushroom radial gill.081
12:08:52 | INFO: Blender create Mesh node Mushroom radial gill.082
12:08:52 | INFO: Blender create Mesh node Mushroom radial gill.083
12:08:52 | INFO: Blender create Mesh node Tiny floating glow spore.018
12:08:52 | INFO: Blender create Mesh node Tiny floating glow spore.019
12:08:52 | INFO: Blender create Mesh node Tiny floating glow spore.020
12:08:52 | INFO: Blender create Mesh node Bioluminescent cap spot.056
12:08:52 | INFO: Blender create Mesh node Bioluminescent cap spot.057
12:08:52 | INFO: Blender create Mesh node Bioluminescent cap spot.058
12:08:52 | INFO: Blender create Mesh node Bioluminescent cap spot.059
12:08:52 | INFO: Blender create Mesh node Bioluminescent cap spot.060
12:08:52 | INFO: Blender create Mesh node Bioluminescent cap spot.061
12:08:52 | INFO: Blender create Mesh node Bioluminescent cap spot.062
12:08:52 | INFO: Blender create Mesh node Bioluminescent cap spot.063
12:08:52 | INFO: Blender create Mesh node Broad faceted mushroom cap.007
12:08:52 | INFO: Blender create Mesh node Curving luminous mushroom stem.007
12:08:52 | INFO: Blender create Mesh node Luminous cap underside.007
12:08:52 | INFO: Blender create Mesh node Mushroom radial gill.084
12:08:52 | INFO: Blender create Mesh node Mushroom radial gill.085
12:08:52 | INFO: Blender create Mesh node Mushroom radial gill.086
12:08:52 | INFO: Blender create Mesh node Mushroom radial gill.087
12:08:52 | INFO: Blender create Mesh node Mushroom radial gill.088
12:08:52 | INFO: Blender create Mesh node Mushroom radial gill.089
12:08:52 | INFO: Blender create Mesh node Mushroom radial gill.090
12:08:52 | INFO: Blender create Mesh node Mushroom radial gill.091
12:08:52 | INFO: Blender create Mesh node Mushroom radial gill.092
12:08:52 | INFO: Blender create Mesh node Mushroom radial gill.093
12:08:52 | INFO: Blender create Mesh node Mushroom radial gill.094
12:08:52 | INFO: Blender create Mesh node Mushroom radial gill.095
12:08:52 | INFO: Blender create Mesh node Mushroom translucent stem groove.070
12:08:52 | INFO: Blender create Mesh node Mushroom translucent stem groove.071
12:08:52 | INFO: Blender create Mesh node Mushroom translucent stem groove.072
12:08:52 | INFO: Blender create Mesh node Mushroom translucent stem groove.073
12:08:52 | INFO: Blender create Mesh node Mushroom translucent stem groove.074
12:08:52 | INFO: Blender create Mesh node Mushroom translucent stem groove.075
12:08:52 | INFO: Blender create Mesh node Mushroom translucent stem groove.076
12:08:52 | INFO: Blender create Mesh node Mushroom translucent stem groove.077
12:08:52 | INFO: Blender create Mesh node Mushroom translucent stem groove.078
12:08:52 | INFO: Blender create Mesh node Mushroom translucent stem groove.079
12:08:52 | INFO: Blender create Mesh node Tiny floating glow spore.021
12:08:52 | INFO: Blender create Mesh node Tiny floating glow spore.022
12:08:52 | INFO: Blender create Mesh node Tiny floating glow spore.023
12:08:52 | INFO: Blender create Mesh node Magic circle luminous node
12:08:52 | INFO: Blender create Mesh node Magic circle luminous node.001
12:08:52 | INFO: Blender create Mesh node Magic circle luminous node.002
12:08:52 | INFO: Blender create Mesh node Magic circle luminous node.003
12:08:52 | INFO: Blender create Mesh node Magic circle luminous node.004
12:08:52 | INFO: Blender create Mesh node Magic circle luminous node.005
12:08:52 | INFO: Blender create Mesh node Magic circle luminous node.006
12:08:52 | INFO: Blender create Mesh node Magic circle luminous node.007
12:08:52 | INFO: Blender create Mesh node Radial shrine marking
12:08:52 | INFO: Blender create Mesh node Radial shrine marking.001
12:08:52 | INFO: Blender create Mesh node Radial shrine marking.002
12:08:52 | INFO: Blender create Mesh node Radial shrine marking.003
12:08:52 | INFO: Blender create Mesh node Radial shrine marking.004
12:08:52 | INFO: Blender create Mesh node Radial shrine marking.005
12:08:52 | INFO: Blender create Mesh node Shrine inner glyph circle
12:08:52 | INFO: Blender create Mesh node Shrine magic circle
12:08:52 | INFO: Blender create Mesh node Glowing diamond rune.001
12:08:52 | INFO: Blender create Mesh node Rune vertical stroke.001
12:08:52 | INFO: Blender create Mesh node Weathered shrine monolith.001
12:08:52 | INFO: Blender create Mesh node Radial shrine paving stone
12:08:52 | INFO: Blender create Mesh node Radial shrine paving stone.001
12:08:52 | INFO: Blender create Mesh node Radial shrine paving stone.002
12:08:52 | INFO: Blender create Mesh node Radial shrine paving stone.003
12:08:52 | INFO: Blender create Mesh node Radial shrine paving stone.004
12:08:52 | INFO: Blender create Mesh node Radial shrine paving stone.005
12:08:52 | INFO: Blender create Mesh node Radial shrine paving stone.006
12:08:52 | INFO: Blender create Mesh node Radial shrine paving stone.007
12:08:52 | INFO: Blender create Mesh node Shrine rim contact shadow
12:08:52 | INFO: Blender create Mesh node Shrine stone pedestal
12:08:53 | INFO: glTF import finished in 0.42s
/home/bart/.treehouse/odot-game-assets-86a3a5/2/odot-game-assets/tools/asset_catalog/render_blender.py:41: DeprecationWarning: 'World.use_nodes' is expected to be removed in Blender 6.0
  scene.world.use_nodes = True
00:05.698  render           | Saved: '/home/bart/.treehouse/odot-game-assets-86a3a5/2/odot-game-assets/exports/thumbnails/environment/hex_rune_shrine.rendering.png'
Blender 5.2.2 LTS (hash d13f752e3b9c built 2026-09-15 01:34:58)

Blender quit
12:08:58 | INFO: Data are loaded, start creating Blender stuff
12:08:58 | INFO: Blender create Mesh node Arched wooden stringer
12:08:58 | INFO: Blender create Mesh node Arched wooden stringer.001
12:08:58 | INFO: Blender create Mesh node Angular mossy forest boulder.007
12:08:58 | INFO: Blender create Mesh node Bridge deck plank
12:08:58 | INFO: Blender create Mesh node Deck iron nail
12:08:58 | INFO: Blender create Mesh node Deck iron nail.001
12:08:58 | INFO: Blender create Mesh node Deck plank grain
12:08:58 | INFO: Blender create Mesh node Deck plank grain.001
12:08:58 | INFO: Blender create Mesh node Plank edge shadow
12:08:58 | INFO: Blender create Mesh node Bridge post cap
12:08:58 | INFO: Blender create Mesh node Bridge post fine grain
12:08:58 | INFO: Blender create Mesh node Bridge post fine grain.001
12:08:58 | INFO: Blender create Mesh node Bridge post iron peg
12:08:58 | INFO: Blender create Mesh node Bridge post iron peg.001
12:08:58 | INFO: Blender create Mesh node Bridge rail upright
12:08:58 | INFO: Blender create Mesh node Post cap contact shadow
12:08:58 | INFO: Blender create Mesh node Bridge timber rail
12:08:58 | INFO: Blender create Mesh node Rail underside shadow
12:08:58 | INFO: Blender create Mesh node Faceted magical crystal.011
12:08:58 | INFO: Blender create Mesh node Curled fern fiddlehead.007
12:08:58 | INFO: Blender create Mesh node Fern central stem.042
12:08:58 | INFO: Blender create Mesh node Fern central stem.043
12:08:58 | INFO: Blender create Mesh node Fern central stem.044
12:08:58 | INFO: Blender create Mesh node Fern central stem.045
12:08:58 | INFO: Blender create Mesh node Fern central stem.046
12:08:58 | INFO: Blender create Mesh node Fern central stem.047
12:08:58 | INFO: Blender create Mesh node Fern leaflet.336
12:08:58 | INFO: Blender create Mesh node Fern leaflet.337
12:08:58 | INFO: Blender create Mesh node Fern leaflet.338
12:08:58 | INFO: Blender create Mesh node Fern leaflet.339
12:08:58 | INFO: Blender create Mesh node Fern leaflet.340
12:08:58 | INFO: Blender create Mesh node Fern leaflet.341
12:08:58 | INFO: Blender create Mesh node Fern leaflet.342
12:08:58 | INFO: Blender create Mesh node Fern leaflet.343
12:08:58 | INFO: Blender create Mesh node Fern leaflet.344
12:08:58 | INFO: Blender create Mesh node Fern leaflet.345
12:08:58 | INFO: Blender create Mesh node Fern leaflet.346
12:08:58 | INFO: Blender create Mesh node Fern leaflet.347
12:08:58 | INFO: Blender create Mesh node Fern leaflet.348
12:08:58 | INFO: Blender create Mesh node Fern leaflet.349
12:08:58 | INFO: Blender create Mesh node Fern leaflet.350
12:08:58 | INFO: Blender create Mesh node Fern leaflet.351
12:08:58 | INFO: Blender create Mesh node Fern leaflet.352
12:08:58 | INFO: Blender create Mesh node Fern leaflet.353
12:08:58 | INFO: Blender create Mesh node Fern leaflet.354
12:08:58 | INFO: Blender create Mesh node Fern leaflet.355
12:08:58 | INFO: Blender create Mesh node Fern leaflet.356
12:08:58 | INFO: Blender create Mesh node Fern leaflet.357
12:08:58 | INFO: Blender create Mesh node Fern leaflet.358
12:08:58 | INFO: Blender create Mesh node Fern leaflet.359
12:08:58 | INFO: Blender create Mesh node Fern leaflet.360
12:08:58 | INFO: Blender create Mesh node Fern leaflet.361
12:08:58 | INFO: Blender create Mesh node Fern leaflet.362
12:08:58 | INFO: Blender create Mesh node Fern leaflet.363
12:08:58 | INFO: Blender create Mesh node Fern leaflet.364
12:08:58 | INFO: Blender create Mesh node Fern leaflet.365
12:08:58 | INFO: Blender create Mesh node Fern leaflet.366
12:08:58 | INFO: Blender create Mesh node Fern leaflet.367
12:08:58 | INFO: Blender create Mesh node Fern leaflet.368
12:08:58 | INFO: Blender create Mesh node Fern leaflet.369
12:08:58 | INFO: Blender create Mesh node Fern leaflet.370
12:08:58 | INFO: Blender create Mesh node Fern leaflet.371
12:08:58 | INFO: Blender create Mesh node Fern leaflet.372
12:08:58 | INFO: Blender create Mesh node Fern leaflet.373
12:08:58 | INFO: Blender create Mesh node Fern leaflet.374
12:08:58 | INFO: Blender create Mesh node Fern leaflet.375
12:08:58 | INFO: Blender create Mesh node Fern leaflet.376
12:08:58 | INFO: Blender create Mesh node Fern leaflet.377
12:08:58 | INFO: Blender create Mesh node Fern leaflet.378
12:08:58 | INFO: Blender create Mesh node Fern leaflet.379
12:08:58 | INFO: Blender create Mesh node Fern leaflet.380
12:08:58 | INFO: Blender create Mesh node Fern leaflet.381
12:08:58 | INFO: Blender create Mesh node Fern leaflet.382
12:08:58 | INFO: Blender create Mesh node Fern leaflet.383
12:08:58 | INFO: Blender create Mesh node Fern unfolding leaf tip.014
12:08:58 | INFO: Blender create Mesh node Fern unfolding leaf tip.015
12:08:58 | INFO: Blender create Mesh node Fine scattered woodland grasses.007
12:08:58 | INFO: Blender create Mesh node Flower center.021
12:08:58 | INFO: Blender create Mesh node Flower center.022
12:08:58 | INFO: Blender create Mesh node Flower center.023
12:08:58 | INFO: Blender create Mesh node Flower petal.105
12:08:58 | INFO: Blender create Mesh node Flower petal.106
12:08:58 | INFO: Blender create Mesh node Flower petal.107
12:08:58 | INFO: Blender create Mesh node Flower petal.108
12:08:58 | INFO: Blender create Mesh node Flower petal.109
12:08:58 | INFO: Blender create Mesh node Flower petal.110
12:08:58 | INFO: Blender create Mesh node Flower petal.111
12:08:58 | INFO: Blender create Mesh node Flower petal.112
12:08:58 | INFO: Blender create Mesh node Flower petal.113
12:08:58 | INFO: Blender create Mesh node Flower petal.114
12:08:58 | INFO: Blender create Mesh node Flower petal.115
12:08:58 | INFO: Blender create Mesh node Flower petal.116
12:08:58 | INFO: Blender create Mesh node Flower petal.117
12:08:58 | INFO: Blender create Mesh node Flower petal.118
12:08:58 | INFO: Blender create Mesh node Flower petal.119
12:08:58 | INFO: Blender create Mesh node Flower stem.021
12:08:58 | INFO: Blender create Mesh node Flower stem.022
12:08:58 | INFO: Blender create Mesh node Flower stem.023
12:08:58 | INFO: Blender create Mesh node Foam bead.005
12:08:58 | INFO: Blender create Mesh node Foam bead.006
12:08:58 | INFO: Blender create Mesh node Foam bead.007
12:08:58 | INFO: Blender create Mesh node Foam bead.008
12:08:58 | INFO: Blender create Mesh node Foam bead.009
12:08:58 | INFO: Blender create Mesh node River foam ripple.003
12:08:58 | INFO: Blender create Mesh node River foam ripple.004
12:08:58 | INFO: Blender create Mesh node River foam ripple.005
12:08:58 | INFO: Blender create Mesh node Continuous river water.001
12:08:58 | INFO: Blender create Mesh node Cut river bank.002
12:08:58 | INFO: Blender create Mesh node Cut river bank.003
12:08:58 | INFO: Blender create Mesh node Meadow river bank.002
12:08:58 | INFO: Blender create Mesh node Meadow river bank.003
12:08:58 | INFO: Blender create Mesh node River hex bed.001
12:08:58 | INFO: Blender create Mesh node River hex stone foundation.001
12:08:58 | INFO: Blender create Mesh node River reflected current.005
12:08:58 | INFO: Blender create Mesh node River reflected current.006
12:08:58 | INFO: Blender create Mesh node River reflected current.007
12:08:58 | INFO: Blender create Mesh node River reflected current.008
12:08:58 | INFO: Blender create Mesh node River reflected current.009
12:08:58 | INFO: Blender create Mesh node Lantern amber glass.002
12:08:58 | INFO: Blender create Mesh node Lantern bottom.002
12:08:58 | INFO: Blender create Mesh node Lantern chain.002
12:08:58 | INFO: Blender create Mesh node Lantern corner.008
12:08:58 | INFO: Blender create Mesh node Lantern corner.009
12:08:58 | INFO: Blender create Mesh node Lantern corner.010
12:08:58 | INFO: Blender create Mesh node Lantern corner.011
12:08:58 | INFO: Blender create Mesh node Lantern hanger.002
12:08:58 | INFO: Blender create Mesh node Lantern hot glass inset.002
12:08:58 | INFO: Blender create Mesh node Lantern post grain.004
12:08:58 | INFO: Blender create Mesh node Lantern post grain.005
12:08:58 | INFO: Blender create Mesh node Lantern roof.002
12:08:58 | INFO: Blender create Mesh node Woodland lantern bracket.002
12:08:58 | INFO: Blender create Mesh node Woodland lantern upright.002
12:08:58 | INFO: Blender create Mesh node Broad woodland leaf.042
12:08:58 | INFO: Blender create Mesh node Broad woodland leaf.043
12:08:58 | INFO: Blender create Mesh node Broad woodland leaf.044
12:08:58 | INFO: Blender create Mesh node Broad woodland leaf.045
12:08:58 | INFO: Blender create Mesh node Broad woodland leaf.046
12:08:58 | INFO: Blender create Mesh node Broad woodland leaf.047
12:08:58 | INFO: Blender create Mesh node Moss tiny sprouting mound.021
12:08:58 | INFO: Blender create Mesh node Moss tiny sprouting mound.022
12:08:58 | INFO: Blender create Mesh node Moss tiny sprouting mound.023
12:08:58 | INFO: Blender create Mesh node Soft moss patch.021
12:08:58 | INFO: Blender create Mesh node Soft moss patch.022
12:08:58 | INFO: Blender create Mesh node Soft moss patch.023
12:08:58 | INFO: Blender create Mesh node Bioluminescent cap spot.160
12:08:58 | INFO: Blender create Mesh node Bioluminescent cap spot.161
12:08:58 | INFO: Blender create Mesh node Bioluminescent cap spot.162
12:08:58 | INFO: Blender create Mesh node Bioluminescent cap spot.163
12:08:58 | INFO: Blender create Mesh node Bioluminescent cap spot.164
12:08:58 | INFO: Blender create Mesh node Bioluminescent cap spot.165
12:08:58 | INFO: Blender create Mesh node Bioluminescent cap spot.166
12:08:58 | INFO: Blender create Mesh node Bioluminescent cap spot.167
12:08:58 | INFO: Blender create Mesh node Broad faceted mushroom cap.020
12:08:58 | INFO: Blender create Mesh node Curving luminous mushroom stem.020
12:08:58 | INFO: Blender create Mesh node Luminous cap underside.020
12:08:58 | INFO: Blender create Mesh node Mushroom radial gill.240
12:08:58 | INFO: Blender create Mesh node Mushroom radial gill.241
12:08:58 | INFO: Blender create Mesh node Mushroom radial gill.242
12:08:58 | INFO: Blender create Mesh node Mushroom radial gill.243
12:08:58 | INFO: Blender create Mesh node Mushroom radial gill.244
12:08:58 | INFO: Blender create Mesh node Mushroom radial gill.245
12:08:58 | INFO: Blender create Mesh node Mushroom radial gill.246
12:08:58 | INFO: Blender create Mesh node Mushroom radial gill.247
12:08:58 | INFO: Blender create Mesh node Mushroom radial gill.248
12:08:58 | INFO: Blender create Mesh node Mushroom radial gill.249
12:08:58 | INFO: Blender create Mesh node Mushroom radial gill.250
12:08:58 | INFO: Blender create Mesh node Mushroom radial gill.251
12:08:58 | INFO: Blender create Mesh node Tiny floating glow spore.060
12:08:58 | INFO: Blender create Mesh node Tiny floating glow spore.061
12:08:58 | INFO: Blender create Mesh node Tiny floating glow spore.062
12:08:58 | INFO: Blender create Mesh node Bioluminescent cap spot.168
12:08:58 | INFO: Blender create Mesh node Bioluminescent cap spot.169
12:08:58 | INFO: Blender create Mesh node Bioluminescent cap spot.170
12:08:58 | INFO: Blender create Mesh node Bioluminescent cap spot.171
12:08:58 | INFO: Blender create Mesh node Bioluminescent cap spot.172
12:08:58 | INFO: Blender create Mesh node Bioluminescent cap spot.173
12:08:58 | INFO: Blender create Mesh node Bioluminescent cap spot.174
12:08:58 | INFO: Blender create Mesh node Bioluminescent cap spot.175
12:08:58 | INFO: Blender create Mesh node Broad faceted mushroom cap.021
12:08:58 | INFO: Blender create Mesh node Curving luminous mushroom stem.021
12:08:58 | INFO: Blender create Mesh node Luminous cap underside.021
12:08:58 | INFO: Blender create Mesh node Mushroom radial gill.252
12:08:58 | INFO: Blender create Mesh node Mushroom radial gill.253
12:08:58 | INFO: Blender create Mesh node Mushroom radial gill.254
12:08:58 | INFO: Blender create Mesh node Mushroom radial gill.255
12:08:58 | INFO: Blender create Mesh node Mushroom radial gill.256
12:08:58 | INFO: Blender create Mesh node Mushroom radial gill.257
12:08:58 | INFO: Blender create Mesh node Mushroom radial gill.258
12:08:58 | INFO: Blender create Mesh node Mushroom radial gill.259
12:08:58 | INFO: Blender create Mesh node Mushroom radial gill.260
12:08:58 | INFO: Blender create Mesh node Mushroom radial gill.261
12:08:58 | INFO: Blender create Mesh node Mushroom radial gill.262
12:08:58 | INFO: Blender create Mesh node Mushroom radial gill.263
12:08:58 | INFO: Blender create Mesh node Tiny floating glow spore.063
12:08:58 | INFO: Blender create Mesh node Tiny floating glow spore.064
12:08:58 | INFO: Blender create Mesh node Tiny floating glow spore.065
12:08:58 | INFO: Blender create Mesh node Bioluminescent cap spot.176
12:08:58 | INFO: Blender create Mesh node Bioluminescent cap spot.177
12:08:58 | INFO: Blender create Mesh node Bioluminescent cap spot.178
12:08:58 | INFO: Blender create Mesh node Bioluminescent cap spot.179
12:08:58 | INFO: Blender create Mesh node Bioluminescent cap spot.180
12:08:58 | INFO: Blender create Mesh node Bioluminescent cap spot.181
12:08:58 | INFO: Blender create Mesh node Bioluminescent cap spot.182
12:08:58 | INFO: Blender create Mesh node Bioluminescent cap spot.183
12:08:58 | INFO: Blender create Mesh node Broad faceted mushroom cap.022
12:08:58 | INFO: Blender create Mesh node Curving luminous mushroom stem.022
12:08:58 | INFO: Blender create Mesh node Luminous cap underside.022
12:08:58 | INFO: Blender create Mesh node Mushroom radial gill.264
12:08:58 | INFO: Blender create Mesh node Mushroom radial gill.265
12:08:58 | INFO: Blender create Mesh node Mushroom radial gill.266
12:08:58 | INFO: Blender create Mesh node Mushroom radial gill.267
12:08:58 | INFO: Blender create Mesh node Mushroom radial gill.268
12:08:58 | INFO: Blender create Mesh node Mushroom radial gill.269
12:08:58 | INFO: Blender create Mesh node Mushroom radial gill.270
12:08:58 | INFO: Blender create Mesh node Mushroom radial gill.271
12:08:58 | INFO: Blender create Mesh node Mushroom radial gill.272
12:08:58 | INFO: Blender create Mesh node Mushroom radial gill.273
12:08:58 | INFO: Blender create Mesh node Mushroom radial gill.274
12:08:58 | INFO: Blender create Mesh node Mushroom radial gill.275
12:08:58 | INFO: Blender create Mesh node Mushroom translucent stem groove.220
12:08:58 | INFO: Blender create Mesh node Mushroom translucent stem groove.221
12:08:58 | INFO: Blender create Mesh node Mushroom translucent stem groove.222
12:08:58 | INFO: Blender create Mesh node Mushroom translucent stem groove.223
12:08:58 | INFO: Blender create Mesh node Mushroom translucent stem groove.224
12:08:58 | INFO: Blender create Mesh node Mushroom translucent stem groove.225
12:08:58 | INFO: Blender create Mesh node Mushroom translucent stem groove.226
12:08:58 | INFO: Blender create Mesh node Mushroom translucent stem groove.227
12:08:58 | INFO: Blender create Mesh node Mushroom translucent stem groove.228
12:08:58 | INFO: Blender create Mesh node Mushroom translucent stem groove.229
12:08:58 | INFO: Blender create Mesh node Tiny floating glow spore.066
12:08:58 | INFO: Blender create Mesh node Tiny floating glow spore.067
12:08:58 | INFO: Blender create Mesh node Tiny floating glow spore.068
12:08:58 | INFO: Blender create Mesh node Opaque stylized waterfall.001
12:08:58 | INFO: Blender create Mesh node Waterfall fine streak.003
12:08:58 | INFO: Blender create Mesh node Waterfall fine streak.004
12:08:58 | INFO: Blender create Mesh node Waterfall fine streak.005
12:08:58 | INFO: Blender create Mesh node Waterfall foam streak.004
12:08:58 | INFO: Blender create Mesh node Waterfall foam streak.005
12:08:58 | INFO: Blender create Mesh node Waterfall foam streak.006
12:08:58 | INFO: Blender create Mesh node Waterfall foam streak.007
12:08:58 | INFO: glTF import finished in 0.42s
/home/bart/.treehouse/odot-game-assets-86a3a5/2/odot-game-assets/tools/asset_catalog/render_blender.py:41: DeprecationWarning: 'World.use_nodes' is expected to be removed in Blender 6.0
  scene.world.use_nodes = True
00:05.316  render           | Saved: '/home/bart/.treehouse/odot-game-assets-86a3a5/2/odot-game-assets/exports/thumbnails/environment/hex_woodland_bridge.rendering.png'
Blender 5.2.2 LTS (hash d13f752e3b9c built 2026-09-15 01:34:58)

Blender quit
Rendered: environment/components/forest_fern
Rendered: environment/components/forest_hollow_tree
Rendered: environment/components/forest_lantern_flower
Rendered: environment/components/forest_lantern_snail
Rendered: environment/components/forest_leaf_clump
Rendered: environment/components/forest_moss
Rendered: environment/components/forest_mushroom_blue
Rendered: environment/components/forest_mushroom_purple
Rendered: environment/components/forest_mushroom_small
Rendered: environment/components/forest_spiral_fern
Rendered: environment/components/forest_spiral_tree
Rendered: environment/hex_bioluminescent_grove
Rendered: environment/hex_butterfly_glade
Rendered: environment/hex_crystal_grove
Rendered: environment/hex_crystal_shrine
Rendered: environment/hex_dream_menagerie
Rendered: environment/hex_glowing_mushrooms
Rendered: environment/hex_hollow_watchers
Rendered: environment/hex_lantern_bridge
Rendered: environment/hex_mystical_grove
Rendered: environment/hex_rune_shrine
Rendered: environment/hex_woodland_bridge
22 thumbnails rendered
